1,8,940,0,1,0,0,1,1,0
1,86,316,5,6,1,0,1,27,1
0,46,0,1,0,0,0,0,15,0
0,17,0,0,0,0,0,1,24,0
1,13,648,0,0,0,0,1,15,0
1,50,527,1,6,0,0,1,20,0
0,13,0,1,0,0,0,0,138,1
1,126,760,16,30,0,1,1,8,1
1,14,133,0,10,0,0,0,118,1
0,27,0,2,0,0,0,1,13,0
1,126,65,22,26,0,1,0,7,1
0,139,0,10,0,1,0,1,38,1
0,6,0,0,0,0,0,1,660,1
1,24,42,3,5,0,0,0,126,1
0,31,0,1,0,0,0,1,15,0
0,39,0,0,0,0,0,0,94,1
0,26,0,1,0,0,0,1,11,0
1,14,612,2,6,0,0,1,7,0
0,49,0,5,0,0,0,0,128,1
0,111,0,8,0,1,0,1,31,1
0,18,0,1,0,0,0,0,13,0
1,49,720,0,0,0,0,1,14,0
1,86,338,12,18,1,0,1,8,1
0,2,0,1,0,0,0,1,22,0
0,76,0,17,0,0,1,1,31,1
1,29,224,2,6,0,0,1,8,0
1,119,385,13,29,0,1,1,14,1
1,28,540,0,5,0,0,1,25,0
1,21,174,3,3,0,0,0,59,1
1,13,314,1,9,0,0,1,25,0
1,8,787,0,1,0,0,1,15,0
0,49,0,2,0,0,0,1,4,0
0,14,0,1,0,0,0,0,113,1
0,36,0,0,0,0,0,1,10,0
0,2,0,0,0,0,0,1,14,0
0,19,0,0,0,0,0,1,14,0
1,1,0,1,0,0,0,1,279,1
1,31,539,25,31,0,1,1,37,1
1,32,934,0,0,0,0,1,18,0
1,22,411,1,1,0,0,1,23,0
0,27,0,0,0,0,0,1,9,0
1,41,933,2,10,0,0,1,18,0
1,25,167,0,8,0,0,1,24,0
1,45,924,2,4,0,0,1,1,0
1,176,289,12,11,0,1,0,36,1
1,24,85,0,9,0,0,1,8,0
0,177,0,10,0,0,1,1,5,1
0,23,0,0,0,0,0,1,15,0
0,46,0,1,0,0,0,1,19,0
0,31,0,2,0,0,0,1,17,0
1,2,23,0,5,0,0,0,125,1
1,47,386,2,4,0,0,1,15,0
1,16,268,2,8,0,0,0,3,0
1,9,665,0,9,0,0,1,17,0
1,43,93,2,6,0,0,1,14,0
1,11,520,2,5,0,0,1,11,0
1,3,68,3,3,0,0,0,135,1
0,34,0,2,0,0,0,1,15,0
0,30,0,2,0,0,0,1,1,0
0,28,0,1,0,0,0,1,10,0
1,143,111,6,19,1,0,0,19,1
0,31,0,0,0,0,0,1,5,0
1,25,31,3,2,0,0,0,101,1
1,14,6,0,6,0,0,1,11,0
1,75,344,13,11,1,0,0,28,1
1,30,951,2,6,0,0,1,8,0
1,36,514,0,5,0,0,1,17,0
1,16,801,0,5,0,0,1,7,0
0,17,0,1,0,0,0,1,20,0
0,57,0,13,0,1,0,1,22,1
1,44,682,2,2,0,0,1,12,0
0,31,0,0,0,0,0,1,7,0
1,9,0,1,0,0,0,1,199,1
0,42,0,1,0,0,0,1,12,0
0,21,0,1,0,0,0,1,9,0
0,20,0,2,0,0,0,1,17,0
0,49,0,2,0,0,0,1,25,0
0,50,0,1,0,0,0,1,20,0
0,20,0,2,0,0,0,1,16,0
1,50,120,2,10,0,0,1,16,0
0,83,0,17,0,0,1,1,24,1
1,35,333,0,3,0,0,1,6,0
1,6,0,1,0,0,0,0,216,1
1,10,819,1,5,0,0,1,3,0
0,4,0,2,0,0,0,1,16,0
0,43,0,1,0,0,0,1,5,0
0,7,0,2,0,0,0,1,24,0
0,16,0,1,0,0,0,1,12,0
1,16,609,0,6,0,0,1,23,0
0,47,0,0,0,0,0,1,3,0
1,2,59,4,6,0,0,0,50,1
0,17,0,1,0,0,0,1,21,0
0,6,0,5,0,0,0,0,134,1
0,33,0,2,0,0,0,1,8,0
1,0,178,0,4,0,0,1,23,0
0,20,0,0,0,0,0,1,13,0
0,45,0,1,0,0,0,1,11,0
1,6,109,2,4,0,0,1,6,0
0,32,0,2,0,0,0,0,50,1
1,27,993,1,7,0,0,1,14,0
1,149,111,9,11,0,1,1,10,1
0,32,0,0,0,0,0,1,17,0
0,16,0,1,0,0,0,1,19,0
0,110,0,7,0,1,0,0,5,1
1,40,182,1,8,0,0,1,5,0
0,40,0,5,0,0,0,0,123,1
0,2,0,2,0,0,0,1,405,1
1,29,72,1,6,0,0,1,2,0
0,79,0,7,0,1,0,1,39,1
1,28,16,1,2,0,0,0,70,1
0,159,0,18,0,0,1,1,23,1
0,20,0,0,0,0,0,1,5,0
0,4,0,0,0,0,0,1,1,0
0,30,0,0,0,0,0,1,6,0
1,44,69,0,8,0,0,1,22,0
0,16,0,2,0,0,0,1,5,0
1,32,38,0,5,0,0,1,17,0
1,38,728,23,24,0,1,1,40,1
1,34,558,2,4,0,0,1,24,0
0,16,0,2,0,0,0,1,635,1
0,28,0,2,0,0,0,1,10,0
1,192,578,13,10,0,1,1,37,1
0,5,0,0,0,0,0,0,174,1
1,36,597,2,10,0,0,1,14,0
0,22,0,1,0,0,0,1,5,0
0,3,0,2,0,0,0,1,19,0
1,9,772,0,8,0,0,1,3,0
0,11,0,0,0,0,0,1,19,0
1,23,94,1,6,0,0,1,10,0
1,8,295,2,1,0,0,1,10,0
0,4,0,1,0,0,0,1,20,0
1,157,742,11,11,0,1,0,16,1
1,9,0,2,0,0,0,0,677,1
0,39,0,4,0,0,0,0,53,1
0,39,0,1,0,0,0,0,7,0
1,38,418,2,10,0,0,1,23,0
1,13,727,0,7,0,0,1,22,0
1,10,0,0,0,0,0,1,222,1
0,48,0,4,0,0,0,0,106,1
0,1,0,1,0,0,0,0,121,1
1,11,648,2,1,0,0,1,13,0
0,17,0,4,0,0,0,0,105,1
0,44,0,1,0,0,0,1,2,0
1,9,841,1,5,0,0,1,25,0
0,15,0,1,0,0,0,1,213,1
1,101,132,15,5,1,0,0,6,1
0,2,0,1,0,0,0,1,24,0
0,15,0,2,0,0,0,0,25,0
0,28,0,0,0,0,0,1,22,0
1,134,429,8,15,1,0,0,8,1
0,62,0,15,0,1,0,1,7,1
0,20,0,2,0,0,0,0,53,1
1,32,764,0,6,0,0,1,7,0
0,26,0,3,0,0,0,0,143,1
0,15,0,1,0,0,0,0,708,1
0,35,0,1,0,0,0,1,1,0
0,141,0,13,0,1,0,0,36,1
1,41,268,1,9,0,0,0,2,0
0,46,0,9,0,1,0,0,26,1
0,15,0,0,0,0,0,1,21,0
0,35,0,2,0,0,0,0,15,0
1,24,416,1,5,0,0,1,4,0
1,43,28,1,10,0,0,0,146,1
0,6,0,1,0,0,0,0,440,1
1,34,948,1,0,0,0,1,6,0
1,11,128,0,6,0,0,0,122,1
0,198,0,14,0,0,1,0,22,1
1,7,0,0,0,0,0,0,155,1
0,44,0,2,0,0,0,1,22,0
0,11,0,2,0,0,0,1,4,0
1,0,0,1,0,0,0,0,745,1
0,0,0,0,0,0,0,1,16,0
0,9,0,2,0,0,0,1,25,0
1,37,696,0,6,0,0,1,21,0
1,101,437,13,12,1,0,1,6,1
1,27,963,0,8,0,0,1,8,0
1,89,135,14,10,1,0,0,10,1
1,2,893,0,1,0,0,1,17,0
1,14,497,2,3,0,0,1,1,0
1,0,0,1,0,0,0,0,361,1
0,44,0,20,0,0,1,0,26,1
0,12,0,1,0,0,0,1,22,0
0,43,0,15,0,0,1,1,20,1
0,47,0,2,0,0,0,0,1,0
1,140,722,18,38,0,1,0,27,1
1,19,618,0,9,0,0,1,12,0
0,21,0,0,0,0,0,1,9,0
0,41,0,1,0,0,0,0,150,1
1,40,61,1,5,0,0,1,4,0
1,119,404,12,14,1,0,1,5,1
0,11,0,0,0,0,0,1,24,0
1,7,0,0,0,0,0,0,327,1
0,30,0,1,0,0,0,1,21,0
1,48,764,2,4,0,0,1,2,0
0,43,0,2,0,0,0,1,17,0
0,40,0,0,0,0,0,1,10,0
0,24,0,0,0,0,0,0,83,1
1,3,898,1,5,0,0,1,12,0
0,20,0,2,0,0,0,1,13,0
1,63,378,23,23,0,1,0,40,1
0,16,0,1,0,0,0,0,142,1
0,6,0,0,0,0,0,1,7,0
1,110,401,13,28,0,1,0,27,1
1,117,406,7,6,1,0,1,40,1
0,9,0,2,0,0,0,0,104,1
0,23,0,0,0,0,0,1,17,0
1,16,38,3,4,0,0,0,132,1
1,47,992,1,3,0,0,1,5,0
1,17,399,1,1,0,0,1,3,0
1,6,324,0,10,0,0,1,1,0
1,6,191,0,4,0,0,1,6,0
1,25,816,0,4,0,0,1,13,0
1,15,120,0,0,0,0,1,19,0
1,39,135,2,9,0,0,1,3,0
0,11,0,2,0,0,0,1,12,0
1,83,447,13,10,1,0,1,15,1
0,95,0,6,0,1,0,0,35,1
1,47,943,2,2,0,0,1,13,0
0,10,0,2,0,0,0,0,63,1
0,46,0,1,0,0,0,1,9,0
0,14,0,2,0,0,0,0,781,1
1,1,885,1,6,0,0,1,2,0
1,27,394,5,14,1,0,1,32,1
1,50,880,2,1,0,0,1,22,0
1,24,363,0,1,0,0,1,20,0
1,33,902,1,8,0,0,1,5,0
1,170,132,15,17,0,1,0,15,1
0,32,0,0,0,0,0,1,7,0
1,28,670,1,5,0,0,1,8,0
1,24,998,2,4,0,0,1,21,0
1,26,164,1,9,0,0,1,24,0
0,45,0,20,0,0,1,1,30,1
0,25,0,0,0,0,0,1,16,0
0,49,0,1,0,0,0,0,112,1
1,47,755,0,4,0,0,1,17,0
1,34,122,10,12,1,0,1,25,1
1,2,956,0,4,0,0,1,12,0
0,50,0,2,0,0,0,1,7,0
0,151,0,24,0,0,1,1,21,1
0,8,0,1,0,0,0,0,587,1
0,18,0,0,0,0,0,1,16,0
1,125,110,15,32,0,1,0,30,1
0,152,0,20,0,0,1,1,26,1
1,31,791,2,10,0,0,0,12,0
1,7,414,1,3,0,0,1,19,0
1,9,0,1,0,0,0,0,755,1
0,6,0,2,0,0,0,0,607,1
1,28,29,5,2,0,0,0,108,1
0,16,0,0,0,0,0,1,17,0
0,37,0,14,0,0,1,0,21,1
0,81,0,15,0,1,0,0,14,1
1,22,101,0,10,0,0,1,5,0
1,23,111,0,7,0,0,1,24,0
0,2,0,4,0,0,0,0,108,1
1,8,50,0,4,0,0,1,20,0
0,11,0,2,0,0,0,1,22,0
1,41,11,3,5,0,0,0,54,1
0,15,0,1,0,0,0,1,18,0
0,15,0,2,0,0,0,1,19,0
1,158,295,17,32,0,1,0,40,1
0,10,0,0,0,0,0,0,142,1
0,27,0,1,0,0,0,1,5,0
0,48,0,0,0,0,0,0,63,1
0,50,0,3,0,0,0,0,71,1
0,9,0,0,0,0,0,1,18,0
1,34,170,0,7,0,0,1,13,0
1,43,815,2,3,0,0,1,16,0
0,14,0,2,0,0,0,0,119,1
0,193,0,25,0,0,1,0,15,1
1,1,0,2,0,0,0,1,248,1
0,4,0,0,0,0,0,1,730,1
1,40,601,2,3,0,0,1,4,0
1,13,332,0,4,0,0,1,16,0
1,2,0,0,0,0,0,0,238,1
0,23,0,2,0,0,0,1,1,0
0,33,0,2,0,0,0,1,7,0
1,32,679,0,6,0,0,1,20,0
0,27,0,2,0,0,0,1,20,0
1,0,209,0,1,0,0,1,9,0
0,5,0,0,0,0,0,1,570,1
1,2,0,2,0,0,0,0,302,1
0,96,0,11,0,0,1,0,30,1
1,29,660,0,1,0,0,1,7,0
1,50,387,0,7,0,0,1,14,0
1,187,473,24,32,0,1,0,22,1
1,35,487,1,6,0,0,1,7,0
0,43,0,0,0,0,0,0,74,1
0,162,0,8,0,0,1,0,25,1
0,36,0,2,0,0,0,0,11,0
0,22,0,2,0,0,0,1,7,0
0,49,0,0,0,0,0,1,9,0
1,121,87,5,17,1,0,0,29,1
0,3,0,1,0,0,0,1,691,1
1,44,61,2,1,0,0,1,6,0
0,11,0,1,0,0,0,1,7,0
0,35,0,2,0,0,0,1,23,0
0,39,0,0,0,0,0,1,15,0
0,67,0,9,0,1,0,0,32,1
1,139,245,5,10,1,0,1,21,1
1,37,19,5,1,0,0,0,131,1
1,36,45,2,9,0,0,0,92,1
1,10,740,2,2,0,0,1,21,0
1,19,657,1,2,0,0,1,7,0
0,31,0,1,0,0,0,1,22,0
1,34,439,0,7,0,0,1,25,0
1,2,0,0,0,0,0,0,544,1
1,64,82,10,9,1,0,1,39,1
1,47,201,1,2,0,0,1,15,0
1,34,457,2,2,0,0,1,5,0
0,43,0,2,0,0,0,1,5,0
0,39,0,1,0,0,0,0,4,0
0,42,0,1,0,0,0,1,7,0
1,12,184,4,0,0,0,0,95,1
1,29,199,0,9,0,0,1,3,0
1,45,165,1,1,0,0,1,14,0
1,0,217,2,4,0,0,1,10,0
0,38,0,4,0,0,0,0,129,1
1,20,581,0,2,0,0,1,23,0
1,118,107,9,29,0,1,1,11,1
1,31,193,14,20,1,0,0,39,1
1,13,0,0,0,0,0,0,633,1
0,39,0,0,0,0,0,1,11,0
0,126,0,10,0,0,1,0,11,1
1,44,837,0,8,0,0,1,9,0
0,35,0,0,0,0,0,1,25,0
1,4,535,0,4,0,0,1,12,0
0,13,0,2,0,0,0,1,6,0
1,43,224,0,10,0,0,1,12,0
0,10,0,2,0,0,0,0,125,1
1,18,413,1,4,0,0,1,5,0
1,47,641,2,1,0,0,0,19,0
0,29,0,1,0,0,0,0,92,1
0,34,0,2,0,0,0,1,17,0
0,17,0,0,0,0,0,1,20,0
1,37,609,2,7,0,0,1,21,0
0,44,0,8,0,0,1,0,12,1
1,12,356,1,10,0,0,1,3,0
0,13,0,1,0,0,0,1,1,0
1,7,234,1,9,0,0,1,20,0
1,131,377,11,13,1,0,1,8,1
1,21,824,2,1,0,0,1,16,0
1,10,593,1,6,0,0,1,14,0
1,63,349,11,18,1,0,1,25,1
0,26,0,1,0,0,0,1,15,0
1,25,961,0,2,0,0,1,19,0
0,33,0,2,0,0,0,1,9,0
0,43,0,5,0,1,0,0,32,1
1,15,0,1,0,0,0,0,157,1
1,12,192,2,6,0,0,1,15,0
0,11,0,2,0,0,0,0,638,1
1,50,660,0,2,0,0,0,18,0
1,50,269,6,12,1,0,0,40,1
1,2,835,1,3,0,0,1,8,0
1,83,724,13,21,0,1,0,30,1
1,132,206,21,11,0,1,1,40,1
0,15,0,2,0,0,0,1,6,0
0,21,0,0,0,0,0,0,105,1
0,17,0,2,0,0,0,0,25,0
1,12,0,1,0,0,0,0,301,1
0,60,0,8,0,0,1,1,27,1
1,151,502,23,18,0,1,1,29,1
0,49,0,0,0,0,0,1,25,0
1,16,0,1,0,0,0,1,509,1
1,49,368,0,0,0,0,1,1,0
0,49,0,2,0,0,0,1,7,0
1,17,272,1,2,0,0,1,2,0
1,25,662,2,3,0,0,1,13,0
1,26,661,0,2,0,0,1,19,0
1,20,512,2,9,0,0,1,7,0
0,46,0,10,0,0,1,0,18,1
0,49,0,0,0,0,0,1,16,0
0,125,0,8,0,1,0,1,19,1
1,4,0,0,0,0,0,0,444,1
1,36,162,0,7,0,0,0,125,1
0,35,0,0,0,0,0,1,12,0
1,4,0,2,0,0,0,1,343,1
1,37,149,2,5,0,0,1,4,0
1,15,525,1,8,0,0,1,12,0
0,79,0,11,0,0,1,1,28,1
0,20,0,1,0,0,0,1,3,0
1,93,184,6,20,1,0,1,9,1
1,32,90,3,10,0,0,0,86,1
1,6,0,2,0,0,0,1,384,1
1,30,801,0,7,0,0,1,25,0
1,35,689,0,4,0,0,1,7,0
1,3,0,2,0,0,0,1,378,1
0,31,0,2,0,0,0,1,24,0
1,3,74,5,9,0,0,0,148,1
0,5,0,4,0,0,0,0,148,1
1,20,181,3,0,0,0,0,111,1
1,20,362,13,14,1,0,0,19,1
1,24,941,2,3,0,0,0,11,0
0,102,0,12,0,1,0,1,19,1
0,38,0,1,0,0,0,1,11,0
1,109,799,24,17,0,1,1,28,1
0,19,0,1,0,0,0,0,126,1
0,6,0,0,0,0,0,0,76,1
1,38,854,1,0,0,0,1,20,0
1,49,941,0,7,0,0,0,15,0
1,7,223,2,6,0,0,0,2,0
0,12,0,0,0,0,0,1,19,0
1,26,89,2,7,0,0,1,1,0
0,37,0,5,0,0,0,0,147,1
0,38,0,2,0,0,0,1,16,0
1,9,914,1,1,0,0,1,13,0
1,34,439,2,7,0,0,1,17,0
1,31,612,1,9,0,0,1,6,0
0,187,0,15,0,0,1,0,38,1
0,9,0,2,0,0,0,1,16,0
0,40,0,1,0,0,0,1,11,0
1,26,743,1,4,0,0,1,25,0
0,56,0,10,0,1,0,0,21,1
1,7,413,1,10,0,0,1,3,0
0,34,0,2,0,0,0,1,14,0
0,12,0,0,0,0,0,1,5,0
1,41,545,1,5,0,0,1,16,0
1,9,132,2,10,0,0,1,9,0
0,36,0,1,0,0,0,1,7,0
1,47,10,0,0,0,0,1,24,0
1,8,857,2,8,0,0,1,8,0
0,31,0,2,0,0,0,1,13,0
1,39,426,1,1,0,0,1,22,0
1,25,93,1,9,0,0,0,109,1
1,37,330,1,8,0,0,1,9,0
0,29,0,0,0,0,0,1,10,0
1,24,721,1,3,0,0,1,16,0
0,21,0,0,0,0,0,1,19,0
1,139,135,6,16,1,0,0,17,1
0,134,0,8,0,1,0,0,13,1
1,19,253,2,7,0,0,1,5,0
0,46,0,0,0,0,0,1,2,0
1,42,260,0,10,0,0,1,9,0
1,156,192,15,11,0,1,0,7,1
1,15,926,0,3,0,0,1,15,0
0,127,0,16,0,0,1,1,29,1
0,11,0,2,0,0,0,1,4,0
0,118,0,10,0,1,0,1,10,1
0,46,0,2,0,0,0,1,21,0
0,68,0,8,0,1,0,0,15,1
1,9,637,1,7,0,0,1,21,0
1,50,167,2,6,0,0,1,22,0
1,10,886,1,3,0,0,1,1,0
0,102,0,16,0,0,1,0,35,1
1,3,0,0,0,0,0,1,280,1
1,168,366,21,27,0,1,1,14,1
0,22,0,2,0,0,0,1,18,0
1,30,937,0,4,0,0,1,16,0
0,47,0,2,0,0,0,1,9,0
0,48,0,1,0,0,0,0,95,1
0,21,0,12,0,1,0,1,35,1
1,18,28,2,2,0,0,1,4,0
1,45,514,1,6,0,0,1,17,0
1,42,244,2,0,0,0,1,22,0
0,39,0,0,0,0,0,1,15,0
1,5,382,1,5,0,0,1,7,0
0,8,0,2,0,0,0,1,23,0
1,22,692,1,6,0,0,1,22,0
1,31,37,1,4,0,0,0,106,1
0,6,0,0,0,0,0,1,16,0
0,19,0,0,0,0,0,1,10,0
0,13,0,0,0,0,0,1,6,0
1,29,420,0,2,0,0,0,17,0
0,61,0,12,0,1,0,0,18,1
0,43,0,1,0,0,0,1,7,0
1,22,42,2,5,0,0,1,15,0
1,10,937,2,0,0,0,1,20,0
0,44,0,0,0,0,0,1,24,0
1,11,295,0,5,0,0,1,24,0
0,36,0,1,0,0,0,1,2,0
0,40,0,2,0,0,0,1,12,0
1,26,521,2,2,0,0,1,11,0
1,45,889,2,9,0,0,1,16,0
0,48,0,1,0,0,0,1,23,0
0,25,0,2,0,0,0,1,5,0
1,43,65,2,2,0,0,0,51,1
0,37,0,2,0,0,0,1,17,0
1,8,0,2,0,0,0,1,166,1
0,11,0,0,0,0,0,0,206,1
1,26,147,2,8,0,0,1,1,0
0,26,0,2,0,0,0,1,2,0
1,5,0,0,0,0,0,1,564,1
1,34,490,1,0,0,0,1,15,0
0,1,0,2,0,0,0,1,1,0
0,25,0,5,0,1,0,1,10,1
1,30,491,0,3,0,0,1,25,0
1,22,949,1,0,0,0,1,25,0
0,6,0,1,0,0,0,1,17,0
0,20,0,0,0,0,0,1,6,0
0,35,0,1,0,0,0,1,4,0
0,6,0,2,0,0,0,0,179,1
0,95,0,15,0,1,0,1,35,1
0,19,0,4,0,0,0,0,59,1
1,16,0,2,0,0,0,1,551,1
0,35,0,0,0,0,0,1,21,0
0,37,0,1,0,0,0,1,9,0
1,106,239,5,15,1,0,0,35,1
0,50,0,1,0,0,0,1,11,0
1,33,77,0,9,0,0,0,130,1
0,32,0,0,0,0,0,1,24,0
0,14,0,0,0,0,0,1,17,0
0,15,0,0,0,0,0,1,1,0
1,41,57,1,7,0,0,1,16,0
0,33,0,2,0,0,0,1,15,0
0,19,0,2,0,0,0,1,3,0
1,1,46,2,0,0,0,1,8,0
0,11,0,2,0,0,0,1,8,0
1,17,53,1,9,0,0,1,23,0
1,16,0,2,0,0,0,0,335,1
1,41,175,9,19,1,0,0,22,1
1,178,203,12,17,0,1,1,14,1
0,127,0,24,0,0,1,0,17,1
0,14,0,2,0,0,0,1,22,0
0,43,0,0,0,0,0,1,24,0
1,36,12,1,3,0,0,1,13,0
0,3,0,2,0,0,0,1,22,0
1,42,184,2,4,0,0,1,24,0
0,29,0,0,0,0,0,1,8,0
1,36,101,2,10,0,0,1,21,0
0,16,0,0,0,0,0,0,388,1
1,29,850,1,7,0,0,0,17,0
1,34,342,2,3,0,0,1,18,0
0,1,0,2,0,0,0,0,562,1
0,116,0,13,0,0,1,1,13,1
0,18,0,1,0,0,0,1,8,0
0,11,0,2,0,0,0,1,10,0
1,25,910,0,9,0,0,1,22,0
0,45,0,0,0,0,0,1,8,0
0,22,0,1,0,0,0,1,17,0
0,49,0,0,0,0,0,1,6,0
0,45,0,1,0,0,0,1,17,0
0,10,0,1,0,0,0,0,173,1
0,6,0,2,0,0,0,1,17,0
1,34,18,1,0,0,0,0,14,0
0,25,0,0,0,0,0,1,25,0
1,3,370,1,10,0,0,1,15,0
0,40,0,0,0,0,0,1,1,0
1,42,81,2,10,0,0,1,9,0
1,14,189,2,8,0,0,1,25,0
0,22,0,3,0,0,0,0,114,1
1,13,561,0,9,0,0,1,10,0
0,32,0,0,0,0,0,0,110,1
1,41,491,2,1,0,0,1,23,0
1,9,195,2,3,0,0,1,13,0
0,30,0,1,0,0,0,1,10,0
0,32,0,2,0,0,0,1,11,0
0,9,0,2,0,0,0,0,582,1
1,96,301,12,27,0,1,1,27,1
0,99,0,9,0,1,0,0,6,1
1,53,109,5,13,1,0,1,37,1
0,22,0,2,0,0,0,1,16,0
0,104,0,8,0,0,1,0,18,1
1,37,797,0,9,0,0,1,16,0
0,41,0,18,0,0,1,0,20,1
1,9,0,2,0,0,0,0,272,1
0,15,0,0,0,0,0,1,3,0
1,50,339,1,3,0,0,1,7,0
0,12,0,2,0,0,0,0,119,1
1,31,402,1,6,0,0,1,4,0
1,16,761,1,1,0,0,1,9,0
1,22,622,0,8,0,0,1,10,0
0,49,0,2,0,0,0,1,24,0
1,148,373,22,12,0,1,0,34,1
1,31,655,0,2,0,0,1,24,0
1,36,986,1,7,0,0,1,25,0
0,111,0,10,0,1,0,1,26,1
1,19,0,0,0,0,0,1,150,1
0,168,0,25,0,0,1,0,13,1
0,34,0,2,0,0,0,1,23,0
1,16,937,2,7,0,0,1,6,0
1,17,547,2,1,0,0,1,21,0
1,39,68,2,10,0,0,1,5,0
1,9,416,1,10,0,0,1,9,0
1,47,807,0,7,0,0,1,10,0
0,17,0,0,0,0,0,1,9,0
1,30,105,1,10,0,0,1,19,0
1,18,508,0,3,0,0,1,13,0
0,19,0,1,0,0,0,1,9,0
1,48,568,1,10,0,0,1,17,0
1,31,581,1,0,0,0,1,20,0
0,45,0,0,0,0,0,1,11,0
1,8,967,2,4,0,0,1,18,0
1,17,789,2,1,0,0,1,24,0
1,61,196,5,8,1,0,1,31,1
1,38,771,9,39,0,1,1,7,1
1,10,0,1,0,0,0,0,287,1
0,21,0,0,0,0,0,1,25,0
1,19,417,0,2,0,0,1,19,0
0,165,0,13,0,0,1,0,17,1
1,1,957,1,9,0,0,1,18,0
0,26,0,0,0,0,0,1,23,0
0,25,0,2,0,0,0,1,25,0
1,133,168,15,10,1,0,1,6,1
0,11,0,1,0,0,0,0,87,1
0,78,0,18,0,0,1,1,16,1
0,35,0,0,0,0,0,1,10,0
1,29,372,2,9,0,0,1,8,0
0,40,0,2,0,0,0,1,1,0
0,24,0,1,0,0,0,1,22,0
1,9,216,0,1,0,0,1,5,0
1,6,849,2,8,0,0,1,21,0
0,40,0,2,0,0,0,1,9,0
0,9,0,1,0,0,0,0,657,1
0,1,0,2,0,0,0,1,9,0
0,17,0,2,0,0,0,1,22,0
0,44,0,0,0,0,0,1,2,0
0,50,0,2,0,0,0,1,20,0
0,145,0,6,0,1,0,0,36,1
1,80,291,9,7,1,0,1,22,1
0,50,0,0,0,0,0,1,9,0
1,2,622,1,4,0,0,1,16,0
0,121,0,11,0,0,1,0,18,1
1,43,561,0,8,0,0,1,21,0
1,25,934,1,5,0,0,1,5,0
0,28,0,2,0,0,0,1,9,0
1,45,996,1,2,0,0,1,22,0
1,5,565,2,6,0,0,1,18,0
0,27,0,1,0,0,0,1,19,0
1,98,351,14,7,1,0,1,11,1
0,30,0,2,0,0,0,1,18,0
1,20,613,1,6,0,0,1,4,0
0,45,0,1,0,0,0,1,17,0
0,36,0,1,0,0,0,1,10,0
0,15,0,0,0,0,0,1,9,0
1,19,215,2,5,0,0,1,11,0
1,14,649,2,4,0,0,1,8,0
0,15,0,0,0,0,0,1,13,0
0,97,0,10,0,1,0,1,20,1
1,32,626,2,2,0,0,1,4,0
1,9,524,1,5,0,0,0,8,0
1,31,195,1,4,0,0,1,14,0
0,45,0,1,0,0,0,1,17,0
0,39,0,2,0,0,0,1,6,0
1,26,280,2,8,0,0,1,16,0
0,36,0,4,0,0,0,0,61,1
1,102,521,20,30,0,1,1,34,1
1,10,954,1,3,0,0,1,16,0
0,11,0,0,0,0,0,1,13,0
1,7,0,1,0,0,0,0,426,1
1,10,0,0,0,0,0,1,344,1
0,25,0,2,0,0,0,0,18,0
1,32,170,0,9,0,0,1,10,0
0,35,0,2,0,0,0,1,23,0
1,37,252,2,9,0,0,1,4,0
1,32,79,0,9,0,0,1,20,0
0,101,0,6,0,1,0,0,27,1
0,30,0,2,0,0,0,1,15,0
0,17,0,0,0,0,0,0,440,1
1,35,171,10,13,0,1,1,12,1
1,102,256,10,13,1,0,0,14,1
0,42,0,11,0,1,0,0,33,1
1,3,187,5,1,0,0,0,56,1
0,47,0,0,0,0,0,1,20,0
0,34,0,0,0,0,0,1,22,0
1,126,262,7,18,1,0,0,5,1
0,0,0,2,0,0,0,1,18,0
1,35,687,2,6,0,0,1,25,0
1,34,163,2,5,0,0,1,16,0
0,49,0,1,0,0,0,1,3,0
0,11,0,3,0,0,0,0,113,1
0,29,0,2,0,0,0,1,10,0
1,49,115,1,4,0,0,1,22,0
0,21,0,1,0,0,0,1,19,0
0,6,0,1,0,0,0,1,18,0
0,49,0,7,0,1,0,1,21,1
0,5,0,1,0,0,0,1,13,0
0,11,0,0,0,0,0,1,315,1
1,10,728,2,3,0,0,1,11,0
1,37,341,2,5,0,0,1,6,0
1,22,986,1,6,0,0,1,24,0
1,10,171,3,1,0,0,0,111,1
0,5,0,0,0,0,0,1,582,1
1,7,952,1,5,0,0,1,1,0
0,47,0,4,0,0,0,0,94,1
0,9,0,0,0,0,0,1,21,0
1,46,223,2,1,0,0,1,23,0
0,46,0,0,0,0,0,1,21,0
0,24,0,2,0,0,0,1,25,0
1,11,324,2,4,0,0,1,24,0
1,32,473,0,3,0,0,1,14,0
1,9,387,2,6,0,0,1,12,0
0,13,0,1,0,0,0,1,23,0
0,62,0,8,0,0,1,0,6,1
1,2,0,2,0,0,0,1,394,1
0,4,0,3,0,0,0,0,106,1
1,37,860,0,5,0,0,1,6,0
0,5,0,0,0,0,0,1,14,0
1,4,396,2,6,0,0,1,23,0
1,23,466,2,7,0,0,1,21,0
1,49,389,0,7,0,0,1,4,0
0,151,0,21,0,0,1,0,8,1
0,19,0,2,0,0,0,1,19,0
0,7,0,0,0,0,0,0,20,0
0,16,0,2,0,0,0,1,13,0
0,149,0,23,0,0,1,1,22,1
0,9,0,0,0,0,0,0,496,1
0,25,0,2,0,0,0,1,11,0
0,41,0,11,0,1,0,0,25,1
0,44,0,1,0,0,0,1,6,0
0,3,0,0,0,0,0,1,24,0
1,23,428,0,0,0,0,1,22,0
0,50,0,0,0,0,0,1,14,0
1,5,988,2,3,0,0,0,15,0
0,8,0,1,0,0,0,1,16,0
1,1,222,2,2,0,0,1,10,0
1,49,77,2,3,0,0,0,67,1
0,30,0,1,0,0,0,0,2,0
0,26,0,14,0,1,0,1,28,1
1,9,1,1,8,0,0,1,7,0
0,129,0,8,0,1,0,0,9,1
1,31,629,0,1,0,0,1,21,0
1,25,133,0,0,0,0,1,15,0
1,33,789,0,8,0,0,1,20,0
1,38,749,0,10,0,0,1,18,0
0,27,0,1,0,0,0,1,6,0
1,119,458,12,10,1,0,0,14,1
1,9,0,1,0,0,0,1,470,1
0,19,0,2,0,0,0,1,13,0
1,21,660,1,4,0,0,1,1,0
1,44,885,0,9,0,0,0,12,0
1,10,116,1,9,0,0,1,17,0
0,8,0,2,0,0,0,1,359,1
1,6,321,0,1,0,0,1,9,0
1,70,71,7,14,1,0,0,31,1
0,31,0,0,0,0,0,1,17,0
0,8,0,0,0,0,0,1,14,0
0,16,0,2,0,0,0,1,710,1
1,16,0,1,0,0,0,0,449,1
1,4,0,0,0,0,0,1,558,1
0,10,0,1,0,0,0,1,1,0
0,48,0,2,0,0,0,1,1,0
0,15,0,2,0,0,0,1,280,1
1,35,519,2,1,0,0,1,7,0
0,0,0,1,0,0,0,1,7,0
1,35,468,2,0,0,0,1,7,0
1,47,269,2,10,0,0,1,15,0
1,4,116,3,10,0,0,0,116,1
0,39,0,1,0,0,0,1,19,0
0,7,0,2,0,0,0,1,24,0
0,15,0,0,0,0,0,1,12,0
1,32,158,10,17,1,0,0,34,1
0,24,0,10,0,1,0,0,18,1
0,91,0,8,0,1,0,1,8,1
0,9,0,1,0,0,0,0,234,1
0,32,0,16,0,0,1,0,23,1
0,29,0,1,0,0,0,1,22,0
1,44,759,1,4,0,0,1,4,0
0,7,0,1,0,0,0,1,8,0
1,15,882,0,10,0,0,0,10,0
1,27,45,2,0,0,0,1,15,0
0,23,0,2,0,0,0,1,21,0
0,21,0,1,0,0,0,1,23,0
0,110,0,10,0,1,0,1,11,1
1,65,373,8,15,1,0,1,32,1
1,5,126,0,10,0,0,1,11,0
0,8,0,0,0,0,0,0,204,1
1,24,202,2,10,0,0,1,9,0
1,5,562,0,1,0,0,1,14,0
1,16,135,1,1,0,0,1,20,0
0,20,0,0,0,0,0,1,15,0
1,114,218,15,20,1,0,0,39,1
1,35,106,1,1,0,0,1,23,0
0,48,0,12,0,1,0,1,35,1
0,24,0,10,0,1,0,1,26,1
1,4,828,0,6,0,0,1,5,0
1,20,449,12,15,1,0,1,6,1
0,9,0,0,0,0,0,1,9,0
1,28,426,1,3,0,0,0,13,0
0,44,0,0,0,0,0,1,25,0
0,0,0,1,0,0,0,1,7,0
1,113,532,18,23,0,1,0,19,1
0,24,0,2,0,0,0,1,17,0
0,50,0,1,0,0,0,1,9,0
1,1,521,1,6,0,0,1,3,0
0,25,0,1,0,0,0,1,4,0
0,42,0,2,0,0,0,1,6,0
0,35,0,2,0,0,0,1,9,0
0,40,0,1,0,0,0,1,12,0
1,25,338,2,3,0,0,1,18,0
1,33,423,1,10,0,0,1,16,0
0,23,0,3,0,0,0,0,121,1
1,179,411,25,24,0,1,1,13,1
0,41,0,2,0,0,0,1,17,0
1,37,320,22,21,0,1,1,16,1
0,2,0,0,0,0,0,1,370,1
0,17,0,0,0,0,0,0,691,1
1,27,496,2,7,0,0,1,3,0
0,16,0,0,0,0,0,1,9,0
0,40,0,15,0,1,0,0,19,1
0,86,0,20,0,0,1,0,16,1
0,71,0,9,0,0,1,0,8,1
1,3,628,0,1,0,0,1,4,0
0,0,0,0,0,0,0,1,3,0
1,47,946,0,0,0,0,1,25,0
1,6,783,1,4,0,0,1,20,0
1,32,229,2,5,0,0,1,1,0
0,10,0,0,0,0,0,1,9,0
1,16,925,2,0,0,0,1,2,0
0,32,0,0,0,0,0,1,23,0
1,4,954,0,7,0,0,1,7,0
1,65,645,24,36,0,1,1,6,1
1,42,607,2,9,0,0,1,24,0
1,7,529,1,6,0,0,1,22,0
1,35,906,0,9,0,0,1,25,0
0,45,0,0,0,0,0,1,6,0
1,32,466,0,0,0,0,1,12,0
0,37,0,0,0,0,0,1,16,0
1,5,141,1,8,0,0,1,21,0
1,5,33,1,5,0,0,1,25,0
0,61,0,13,0,0,1,1,15,1
0,50,0,0,0,0,0,1,20,0
0,10,0,0,0,0,0,1,20,0
1,134,314,11,19,1,0,0,15,1
1,44,462,1,5,0,0,1,21,0
0,142,0,21,0,0,1,1,24,1
0,84,0,14,0,0,1,0,12,1
0,100,0,14,0,1,0,1,18,1
1,4,320,1,9,0,0,1,16,0
1,134,468,17,18,0,1,1,28,1
1,7,0,1,0,0,0,0,688,1
0,5,0,1,0,0,0,1,9,0
0,12,0,0,0,0,0,1,7,0
1,16,151,3,1,0,0,0,146,1
0,44,0,2,0,0,0,1,21,0
0,17,0,2,0,0,0,0,144,1
0,49,0,1,0,0,0,1,5,0
1,43,909,1,1,0,0,1,11,0
0,0,0,0,0,0,0,1,1,0
0,47,0,1,0,0,0,1,11,0
1,4,676,0,4,0,0,1,7,0
0,14,0,1,0,0,0,1,723,1
1,24,326,1,5,0,0,1,18,0
1,10,339,1,7,0,0,1,12,0
1,110,171,8,17,1,0,1,24,1
0,76,0,23,0,0,1,1,15,1
0,11,0,0,0,0,0,0,118,1
1,5,0,2,0,0,0,1,306,1
1,185,422,10,33,0,1,1,16,1
0,35,0,2,0,0,0,1,13,0
1,26,211,1,3,0,0,1,1,0
1,24,773,2,8,0,0,1,10,0
1,23,309,2,0,0,0,1,5,0
0,31,0,5,0,1,0,1,29,1
1,7,824,0,8,0,0,1,5,0
1,9,724,1,3,0,0,1,6,0
1,8,903,0,4,0,0,1,13,0
0,45,0,2,0,0,0,1,13,0
1,27,848,2,0,0,0,1,2,0
1,24,839,2,10,0,0,1,6,0
1,20,0,1,0,0,0,1,596,1
0,21,0,1,0,0,0,0,138,1
1,147,130,22,16,0,1,1,16,1
1,97,795,19,17,0,1,1,13,1
1,31,207,1,5,0,0,1,6,0
1,34,120,4,9,0,0,0,63,1
1,23,538,2,6,0,0,1,7,0
1,2,662,1,1,0,0,1,25,0
1,4,21,1,0,0,0,1,11,0
0,40,0,7,0,1,0,1,30,1
1,6,225,2,5,0,0,1,8,0
1,47,101,2,7,0,0,1,10,0
1,13,17,0,2,0,0,1,6,0
0,63,0,8,0,0,1,0,32,1
1,21,487,1,3,0,0,1,19,0
1,63,557,11,10,0,1,1,19,1
1,32,102,1,0,0,0,1,15,0
1,26,145,2,5,0,0,1,19,0
0,13,0,0,0,0,0,1,14,0
1,190,207,11,25,0,1,0,38,1
1,21,816,1,10,0,0,1,12,0
0,164,0,11,0,0,1,1,19,1
1,43,265,1,3,0,0,1,2,0
1,46,567,2,0,0,0,1,17,0
0,3,0,0,0,0,0,1,9,0
0,84,0,6,0,1,0,1,28,1
0,7,0,2,0,0,0,0,589,1
1,14,836,2,5,0,0,1,15,0
0,45,0,0,0,0,0,1,25,0
0,43,0,1,0,0,0,1,1,0
0,85,0,10,0,1,0,1,13,1
1,42,753,1,3,0,0,1,14,0
0,39,0,0,0,0,0,1,22,0
0,3,0,0,0,0,0,1,14,0
0,9,0,0,0,0,0,1,10,0
0,3,0,1,0,0,0,1,2,0
1,19,0,0,0,0,0,1,273,1
0,48,0,0,0,0,0,1,15,0
0,23,0,0,0,0,0,1,13,0
0,28,0,2,0,0,0,1,21,0
0,21,0,1,0,0,0,1,2,0
1,25,627,2,4,0,0,1,4,0
1,3,0,0,0,0,0,1,402,1
1,24,674,2,4,0,0,1,16,0
0,10,0,1,0,0,0,1,19,0
1,4,269,1,5,0,0,1,12,0
0,47,0,2,0,0,0,1,4,0
1,113,480,6,16,1,0,0,18,1
0,16,0,1,0,0,0,1,7,0
0,134,0,13,0,1,0,0,19,1
1,50,153,5,6,0,0,0,144,1
0,16,0,0,0,0,0,1,309,1
0,40,0,5,0,0,0,0,62,1
0,45,0,1,0,0,0,1,4,0
1,19,429,1,10,0,0,1,21,0
0,49,0,0,0,0,0,0,78,1
0,33,0,1,0,0,0,1,13,0
0,9,0,1,0,0,0,1,20,0
1,44,210,2,10,0,0,1,23,0
0,88,0,10,0,1,0,1,5,1
1,86,89,11,17,1,0,1,8,1
1,24,466,2,3,0,0,1,22,0
0,27,0,1,0,0,0,1,20,0
0,34,0,2,0,0,0,1,9,0
0,7,0,2,0,0,0,1,695,1
1,20,809,2,2,0,0,1,1,0
1,28,148,5,10,0,0,0,113,1
1,17,738,0,8,0,0,1,5,0
0,34,0,5,0,0,0,0,65,1
0,15,0,2,0,0,0,1,24,0
1,28,150,12,19,1,0,0,16,1
1,46,293,2,0,0,0,1,8,0
1,19,617,0,2,0,0,1,6,0
1,20,90,0,6,0,0,1,8,0
0,33,0,2,0,0,0,1,16,0
0,30,0,0,0,0,0,1,2,0
0,21,0,2,0,0,0,1,14,0
1,0,102,3,9,0,0,0,83,1
1,30,218,6,11,1,0,0,30,1
0,42,0,1,0,0,0,1,16,0
0,22,0,2,0,0,0,1,13,0
0,32,0,0,0,0,0,1,11,0
0,22,0,0,0,0,0,1,3,0
0,31,0,2,0,0,0,1,2,0
1,21,15,0,9,0,0,1,12,0
1,8,0,0,0,0,0,0,725,1
0,32,0,2,0,0,0,1,24,0
0,50,0,0,0,0,0,0,128,1
1,4,50,1,8,0,0,0,76,1
0,40,0,2,0,0,0,1,22,0
0,23,0,2,0,0,0,1,5,0
0,20,0,2,0,0,0,1,2,0
0,19,0,1,0,0,0,1,6,0
1,33,529,0,0,0,0,1,18,0
0,44,0,2,0,0,0,1,9,0
1,40,193,0,2,0,0,1,22,0
0,2,0,2,0,0,0,1,3,0
1,19,0,1,0,0,0,0,235,1
1,58,132,14,13,1,0,0,34,1
0,23,0,2,0,0,0,1,17,0
1,28,484,0,10,0,0,1,9,0
1,38,72,2,0,0,0,1,17,0
1,4,980,1,9,0,0,1,7,0
1,12,570,0,10,0,0,1,11,0
0,41,0,1,0,0,0,1,11,0
1,105,339,13,15,1,0,1,37,1
1,32,740,1,1,0,0,1,23,0
0,29,0,1,0,0,0,1,11,0
0,94,0,8,0,0,1,1,35,1
1,31,3,1,0,0,0,1,22,0
0,26,0,1,0,0,0,1,10,0
1,61,455,8,6,1,0,0,8,1
0,50,0,0,0,0,0,1,20,0
1,4,598,2,3,0,0,1,9,0
0,19,0,0,0,0,0,1,233,1
1,50,117,1,3,0,0,0,78,1
0,40,0,2,0,0,0,1,9,0
0,30,0,1,0,0,0,1,1,0
1,39,933,2,2,0,0,1,15,0
0,23,0,2,0,0,0,0,66,1
0,35,0,1,0,0,0,1,24,0
0,3,0,0,0,0,0,1,430,1
0,200,0,8,0,0,1,1,29,1
1,5,164,0,10,0,0,1,10,0
1,45,97,0,5,0,0,1,20,0
0,55,0,6,0,1,0,1,16,1
0,26,0,2,0,0,0,1,12,0
0,11,0,0,0,0,0,1,14,0
0,106,0,14,0,0,1,1,22,1
0,5,0,0,0,0,0,0,97,1
1,6,19,0,3,0,0,1,15,0
0,82,0,7,0,1,0,0,29,1
1,2,0,2,0,0,0,0,421,1
0,24,0,3,0,0,0,0,99,1
1,37,748,1,1,0,0,1,9,0
1,4,0,2,0,0,0,0,355,1
1,21,841,2,8,0,0,1,22,0
1,15,0,1,0,0,0,1,333,1
0,1,0,0,0,0,0,0,134,1
0,36,0,0,0,0,0,1,24,0
1,144,64,9,5,1,0,1,19,1
1,130,80,13,10,1,0,0,33,1
1,140,792,18,21,0,1,0,26,1
0,48,0,4,0,0,0,0,54,1
1,84,173,14,33,0,1,0,21,1
1,14,0,0,0,0,0,0,576,1
0,1,0,1,0,0,0,1,9,0
1,30,33,0,2,0,0,1,12,0
0,16,0,0,0,0,0,1,13,0
1,13,0,0,0,0,0,0,206,1
0,143,0,6,0,1,0,0,29,1
0,25,0,1,0,0,0,1,6,0
0,40,0,5,0,0,0,0,144,1
0,148,0,5,0,1,0,1,23,1
0,47,0,2,0,0,0,1,11,0
1,3,589,0,7,0,0,1,15,0
1,12,151,0,2,0,0,1,2,0
0,115,0,12,0,1,0,0,19,1
0,152,0,25,0,0,1,0,13,1
1,3,0,0,0,0,0,0,321,1
1,18,0,0,0,0,0,1,198,1
1,5,363,2,8,0,0,1,5,0
0,42,0,0,0,0,0,1,20,0
0,139,0,14,0,1,0,0,26,1
1,13,0,1,0,0,0,1,659,1
0,32,0,10,0,1,0,0,26,1
0,135,0,14,0,1,0,1,9,1
1,24,874,1,5,0,0,1,17,0
1,24,242,1,0,0,0,1,5,0
0,41,0,18,0,0,1,1,13,1
1,0,199,0,4,0,0,1,11,0
0,41,0,1,0,0,0,1,4,0
0,21,0,2,0,0,0,1,8,0
1,36,890,0,3,0,0,1,18,0
0,48,0,3,0,0,0,0,105,1
1,20,0,1,0,0,0,0,782,1
1,50,3,0,7,0,0,0,56,1
1,35,370,1,7,0,0,1,7,0
1,18,823,0,2,0,0,1,11,0
1,183,689,25,11,0,1,1,37,1
0,5,0,1,0,0,0,1,14,0
1,38,185,5,7,0,0,0,54,1
1,3,437,2,9,0,0,1,15,0
1,127,487,7,7,1,0,0,10,1
1,3,29,1,2,0,0,1,25,0
0,41,0,0,0,0,0,1,1,0
0,37,0,19,0,0,1,0,38,1
1,30,255,0,10,0,0,1,14,0
1,26,564,0,1,0,0,1,21,0
0,10,0,1,0,0,0,1,3,0
1,47,16,0,0,0,0,1,9,0
0,143,0,5,0,1,0,0,10,1
0,29,0,2,0,0,0,1,4,0
1,17,0,0,0,0,0,0,315,1
0,19,0,2,0,0,0,1,10,0
0,48,0,2,0,0,0,0,97,1
1,112,262,12,13,1,0,0,23,1
0,6,0,1,0,0,0,0,255,1
0,17,0,0,0,0,0,1,19,0
1,23,82,2,5,0,0,1,7,0
1,49,915,1,5,0,0,1,13,0
0,14,0,0,0,0,0,1,6,0
1,38,57,5,1,0,0,0,83,1
1,76,414,8,7,1,0,1,37,1
0,11,0,0,0,0,0,1,21,0
1,100,97,5,15,1,0,1,27,1
0,36,0,1,0,0,0,0,9,0
1,6,9,0,4,0,0,1,22,0
1,20,143,1,4,0,0,1,20,0
1,21,741,0,2,0,0,1,16,0
1,31,110,1,10,0,0,0,102,1
0,29,0,2,0,0,0,0,73,1
1,46,224,2,10,0,0,1,3,0
0,3,0,2,0,0,0,1,15,0
1,7,242,2,7,0,0,1,15,0
1,18,126,5,2,0,0,0,70,1
0,30,0,1,0,0,0,1,23,0
0,5,0,2,0,0,0,1,7,0
1,54,609,16,32,0,1,0,7,1
1,78,107,5,12,1,0,1,37,1
1,21,56,11,15,1,0,1,10,1
0,48,0,1,0,0,0,0,74,1
0,13,0,2,0,0,0,1,207,1
0,49,0,0,0,0,0,1,19,0
0,102,0,10,0,1,0,0,29,1
0,31,0,2,0,0,0,0,143,1
0,17,0,2,0,0,0,1,5,0
1,5,911,0,6,0,0,1,13,0
1,198,741,23,26,0,1,1,13,1
1,55,694,19,32,0,1,1,33,1
1,10,860,1,9,0,0,1,23,0
0,40,0,1,0,0,0,1,21,0
0,48,0,1,0,0,0,1,7,0
1,33,690,2,4,0,0,1,9,0
0,19,0,0,0,0,0,1,8,0
1,16,0,0,0,0,0,1,159,1
0,36,0,1,0,0,0,1,9,0
0,1,0,0,0,0,0,1,15,0
0,38,0,2,0,0,0,1,10,0
0,125,0,9,0,1,0,1,8,1
1,163,521,10,22,0,1,0,19,1
1,24,401,0,9,0,0,1,1,0
0,34,0,2,0,0,0,1,11,0
0,45,0,1,0,0,0,0,13,0
1,3,667,2,10,0,0,1,12,0
0,37,0,0,0,0,0,1,10,0
0,47,0,1,0,0,0,1,21,0
0,44,0,0,0,0,0,1,19,0
0,26,0,0,0,0,0,1,10,0
0,157,0,12,0,0,1,1,24,1
1,10,756,0,7,0,0,1,21,0
0,12,0,2,0,0,0,0,98,1
1,45,687,2,10,0,0,1,22,0
1,5,913,2,3,0,0,1,7,0
1,40,97,15,26,0,1,0,21,1
1,29,142,5,1,0,0,0,102,1
0,8,0,1,0,0,0,0,755,1
0,3,0,1,0,0,0,1,2,0
0,23,0,1,0,0,0,1,6,0
1,13,485,0,7,0,0,1,25,0
0,41,0,1,0,0,0,1,25,0
1,43,449,1,1,0,0,1,14,0
1,47,184,13,14,1,0,0,17,1
1,9,513,1,9,0,0,1,13,0
1,95,349,10,7,1,0,1,20,1
0,6,0,1,0,0,0,1,404,1
1,6,881,0,2,0,0,0,22,0
1,30,508,2,6,0,0,1,5,0
1,35,508,0,0,0,0,1,15,0
1,82,60,13,14,0,1,0,5,1
1,5,730,0,3,0,0,1,21,0
0,33,0,0,0,0,0,1,14,0
1,14,694,2,4,0,0,1,16,0
1,38,610,1,0,0,0,1,3,0
1,45,450,1,0,0,0,1,19,0
0,62,0,10,0,0,1,0,27,1
0,11,0,2,0,0,0,0,6,0
1,26,822,2,6,0,0,1,2,0
1,39,131,0,4,0,0,0,109,1
0,7,0,1,0,0,0,1,23,0
0,49,0,0,0,0,0,0,8,0
0,36,0,2,0,0,0,1,16,0
0,19,0,2,0,0,0,1,11,0
1,28,131,2,8,0,0,1,2,0
0,12,0,1,0,0,0,1,21,0
0,14,0,2,0,0,0,1,6,0
1,22,910,0,5,0,0,1,8,0
1,43,57,2,10,0,0,1,24,0
1,43,462,14,11,1,0,0,10,1
1,44,522,0,0,0,0,1,14,0
1,38,69,2,3,0,0,1,18,0
0,156,0,23,0,0,1,1,37,1
0,17,0,1,0,0,0,1,233,1
1,43,583,2,8,0,0,1,7,0
1,20,31,5,0,0,0,0,56,1
0,25,0,1,0,0,0,1,20,0
1,22,774,2,10,0,0,1,23,0
1,42,535,2,3,0,0,1,20,0
0,45,0,1,0,0,0,1,7,0
1,29,473,0,8,0,0,1,16,0
0,21,0,2,0,0,0,1,4,0
0,20,0,0,0,0,0,1,4,0
1,154,674,12,29,0,1,1,7,1
1,11,755,2,7,0,0,1,11,0
0,36,0,23,0,0,1,1,27,1
1,28,218,0,7,0,0,0,16,0
1,39,767,1,5,0,0,1,25,0
0,181,0,21,0,0,1,0,9,1
0,19,0,2,0,0,0,1,1,0
0,24,0,1,0,0,0,1,2,0
1,7,769,2,4,0,0,1,3,0
0,4,0,0,0,0,0,1,17,0
1,176,636,24,22,0,1,1,17,1
0,50,0,1,0,0,0,1,25,0
1,37,657,2,6,0,0,1,11,0
0,31,0,1,0,0,0,1,12,0
1,28,263,0,5,0,0,1,23,0
0,39,0,2,0,0,0,1,5,0
0,22,0,1,0,0,0,1,16,0
1,50,529,2,1,0,0,1,22,0
1,50,986,2,9,0,0,1,16,0
0,46,0,2,0,0,0,1,9,0
0,11,0,2,0,0,0,1,10,0
0,23,0,0,0,0,0,0,51,1
0,81,0,19,0,0,1,1,9,1
1,4,579,2,9,0,0,1,20,0
0,20,0,0,0,0,0,1,11,0
0,40,0,2,0,0,0,1,23,0
1,10,97,1,1,0,0,0,127,1
0,12,0,0,0,0,0,1,21,0
0,0,0,2,0,0,0,1,23,0
1,18,0,0,0,0,0,1,295,1
0,41,0,1,0,0,0,1,6,0
1,148,328,24,40,0,1,1,11,1
0,11,0,1,0,0,0,1,17,0
0,42,0,1,0,0,0,1,14,0
0,12,0,1,0,0,0,1,19,0
0,34,0,4,0,0,0,0,119,1
0,38,0,3,0,0,0,0,85,1
1,48,979,2,3,0,0,1,9,0
0,0,0,2,0,0,0,1,23,0
1,103,486,20,12,0,1,1,16,1
0,26,0,2,0,0,0,1,23,0
1,50,576,1,7,0,0,1,14,0
0,25,0,0,0,0,0,1,15,0
1,48,701,1,10,0,0,1,17,0
0,28,0,1,0,0,0,1,15,0
0,37,0,2,0,0,0,1,11,0
0,8,0,1,0,0,0,0,799,1
0,25,0,1,0,0,0,1,2,0
0,11,0,1,0,0,0,0,496,1
1,27,22,4,4,0,0,0,128,1
0,31,0,0,0,0,0,1,11,0
1,142,136,7,10,1,0,1,11,1
0,24,0,1,0,0,0,1,16,0
0,11,0,1,0,0,0,1,13,0
0,22,0,2,0,0,0,1,1,0
1,49,274,10,7,1,0,0,13,1
1,47,438,0,2,0,0,1,2,0
1,0,823,2,8,0,0,1,15,0
1,1,71,0,0,0,0,1,13,0
1,35,742,2,2,0,0,1,19,0
0,181,0,11,0,0,1,0,36,1
1,0,112,1,1,0,0,1,19,0
1,43,28,5,8,0,0,0,121,1
0,6,0,2,0,0,0,1,10,0
0,23,0,0,0,0,0,1,16,0
0,16,0,2,0,0,0,1,18,0
0,4,0,0,0,0,0,1,5,0
0,5,0,1,0,0,0,1,13,0
0,24,0,1,0,0,0,1,19,0
0,47,0,5,0,0,0,0,60,1
1,23,246,1,4,0,0,1,20,0
1,170,400,13,28,0,1,1,28,1
0,24,0,0,0,0,0,1,19,0
0,34,0,1,0,0,0,1,16,0
1,21,130,2,8,0,0,1,6,0
1,54,748,13,15,0,1,0,10,1
1,6,429,1,2,0,0,1,11,0
1,26,893,2,7,0,0,1,1,0
0,42,0,1,0,0,0,1,21,0
1,50,593,0,0,0,0,1,25,0
1,36,104,0,8,0,0,0,134,1
0,17,0,0,0,0,0,0,384,1
1,47,691,2,3,0,0,0,3,0
0,24,0,0,0,0,0,1,4,0
1,13,195,2,6,0,0,0,73,1
1,43,595,0,7,0,0,1,23,0
1,21,123,0,0,0,0,1,22,0
0,42,0,2,0,0,0,1,14,0
1,47,381,2,10,0,0,1,14,0
0,9,0,0,0,0,0,1,10,0
0,33,0,1,0,0,0,1,19,0
1,33,503,1,7,0,0,1,12,0
0,4,0,1,0,0,0,0,10,0
0,19,0,2,0,0,0,0,135,1
1,39,884,0,5,0,0,1,5,0
0,23,0,0,0,0,0,1,14,0
0,10,0,2,0,0,0,1,12,0
1,18,246,1,1,0,0,1,1,0
1,12,650,1,0,0,0,1,22,0
1,11,770,2,9,0,0,1,14,0
1,109,425,8,5,1,0,1,9,1
0,45,0,2,0,0,0,1,8,0
0,29,0,1,0,0,0,1,15,0
0,11,0,1,0,0,0,1,4,0
0,1,0,2,0,0,0,1,17,0
1,31,12,0,4,0,0,1,6,0
1,153,240,13,32,0,1,0,7,1
1,112,94,23,38,0,1,0,37,1
1,25,25,0,6,0,0,1,1,0
1,6,495,2,3,0,0,1,12,0
0,1,0,1,0,0,0,1,15,0
0,4,0,2,0,0,0,1,16,0
0,8,0,5,0,0,0,0,99,1
0,17,0,2,0,0,0,1,15,0
1,8,0,2,0,0,0,1,375,1
0,9,0,2,0,0,0,1,16,0
1,35,118,1,1,0,0,0,139,1
0,23,0,1,0,0,0,1,15,0
0,185,0,22,0,0,1,0,15,1
0,31,0,2,0,0,0,1,25,0
0,33,0,0,0,0,0,1,7,0
1,9,648,2,2,0,0,1,10,0
0,49,0,2,0,0,0,1,3,0
1,17,491,0,6,0,0,1,1,0
0,32,0,2,0,0,0,1,25,0
1,18,815,0,10,0,0,1,18,0
1,96,742,16,27,0,1,1,22,1
0,55,0,8,0,1,0,0,28,1
1,16,808,2,0,0,0,1,12,0
0,45,0,6,0,1,0,0,29,1
1,43,295,1,0,0,0,1,10,0
1,40,27,0,7,0,0,1,22,0
1,128,202,12,7,1,0,1,7,1
1,60,499,24,36,0,1,1,26,1
1,13,795,0,1,0,0,1,23,0
0,47,0,0,0,0,0,1,18,0
1,26,851,0,8,0,0,1,5,0
1,19,142,0,6,0,0,0,119,1
1,1,370,1,7,0,0,1,14,0
0,25,0,5,0,0,0,0,62,1
1,10,854,2,4,0,0,1,2,0
1,148,550,13,21,0,1,0,5,1
0,129,0,16,0,0,1,0,29,1
1,46,710,2,4,0,0,1,9,0
0,45,0,4,0,0,0,0,144,1
1,27,395,1,7,0,0,1,24,0
1,191,552,23,10,0,1,0,24,1
0,16,0,2,0,0,0,1,6,0
1,21,555,1,1,0,0,1,13,0
0,56,0,6,0,1,0,0,25,1
0,19,0,0,0,0,0,1,5,0
0,47,0,3,0,0,0,0,74,1
0,28,0,1,0,0,0,1,18,0
0,30,0,1,0,0,0,1,23,0
0,49,0,0,0,0,0,1,25,0
0,190,0,20,0,0,1,0,16,1
1,22,509,0,6,0,0,1,17,0
1,15,0,1,0,0,0,0,598,1
0,18,0,1,0,0,0,1,546,1
1,41,367,2,8,0,0,1,11,0
0,36,0,1,0,0,0,1,9,0
1,13,243,1,3,0,0,1,3,0
1,135,66,8,12,1,0,0,40,1
0,34,0,2,0,0,0,1,5,0
1,37,82,1,9,0,0,1,22,0
1,5,95,0,8,0,0,1,6,0
0,52,0,10,0,0,1,0,37,1
0,9,0,2,0,0,0,1,681,1
1,4,0,0,0,0,0,1,545,1
1,29,448,0,6,0,0,1,12,0
1,27,135,0,4,0,0,1,6,0
1,35,452,1,5,0,0,1,18,0
1,44,783,2,1,0,0,1,23,0
0,117,0,12,0,0,1,1,12,1
0,0,0,0,0,0,0,1,7,0
1,17,76,0,3,0,0,1,20,0
0,45,0,13,0,1,0,0,19,1
0,42,0,0,0,0,0,1,4,0
1,46,545,0,0,0,0,1,15,0
1,11,0,2,0,0,0,0,530,1
1,32,529,0,5,0,0,1,20,0
1,24,771,0,9,0,0,1,13,0
1,8,0,1,0,0,0,0,517,1
1,100,399,21,33,0,1,1,23,1
0,26,0,2,0,0,0,1,9,0
0,30,0,0,0,0,0,1,10,0
1,45,981,0,9,0,0,1,14,0
0,17,0,2,0,0,0,0,4,0
0,16,0,1,0,0,0,1,6,0
0,128,0,14,0,1,0,0,24,1
1,34,676,0,10,0,0,1,15,0
1,27,145,0,7,0,0,0,103,1
0,47,0,0,0,0,0,1,16,0
1,49,938,0,0,0,0,1,21,0
1,24,163,1,6,0,0,1,3,0
1,31,931,0,4,0,0,1,6,0
0,28,0,2,0,0,0,1,14,0
0,10,0,0,0,0,0,1,11,0
0,5,0,2,0,0,0,1,237,1
0,43,0,2,0,0,0,1,7,0
1,10,97,0,7,0,0,1,18,0
1,126,611,8,28,0,1,1,40,1
1,52,72,6,14,1,0,0,27,1
1,6,171,0,7,0,0,0,126,1
0,186,0,21,0,0,1,0,9,1
0,2,0,2,0,0,0,1,539,1
1,41,953,0,3,0,0,1,17,0
1,5,343,1,10,0,0,1,12,0
1,22,562,2,1,0,0,1,17,0
1,6,432,1,9,0,0,1,21,0
0,26,0,2,0,0,0,0,87,1
0,41,0,0,0,0,0,1,12,0
1,39,893,1,5,0,0,1,24,0
1,29,793,2,2,0,0,1,16,0
1,12,72,0,6,0,0,1,17,0
1,22,471,0,2,0,0,1,12,0
0,9,0,1,0,0,0,1,20,0
1,7,514,2,0,0,0,1,10,0
1,30,889,0,1,0,0,1,19,0
1,30,808,2,1,0,0,1,13,0
1,17,984,0,8,0,0,1,6,0
1,42,765,2,2,0,0,1,10,0
1,40,39,2,1,0,0,1,18,0
1,10,746,2,1,0,0,1,18,0
1,26,675,0,5,0,0,0,18,0
0,38,0,1,0,0,0,1,17,0
1,29,468,2,3,0,0,1,6,0
1,35,120,3,6,0,0,0,139,1
1,3,0,1,0,0,0,1,790,1
1,29,456,0,6,0,0,1,11,0
1,15,0,2,0,0,0,1,528,1
0,20,0,2,0,0,0,1,7,0
0,2,0,2,0,0,0,1,9,0
1,8,0,2,0,0,0,0,404,1
0,33,0,2,0,0,0,1,19,0
1,44,943,1,7,0,0,1,6,0
1,17,0,2,0,0,0,0,513,1
0,0,0,1,0,0,0,1,6,0
1,29,635,2,9,0,0,1,14,0
1,15,15,2,7,0,0,1,22,0
0,34,0,0,0,0,0,1,14,0
0,4,0,0,0,0,0,1,20,0
1,9,256,0,3,0,0,1,18,0
0,80,0,6,0,1,0,0,21,1
0,9,0,2,0,0,0,0,298,1
1,18,213,2,2,0,0,1,1,0
1,10,0,0,0,0,0,1,712,1
1,36,99,2,6,0,0,1,2,0
0,19,0,4,0,0,0,0,69,1
1,33,73,1,9,0,0,0,55,1
0,108,0,16,0,0,1,1,14,1
1,21,285,1,3,0,0,1,11,0
1,0,916,0,4,0,0,1,22,0
0,31,0,0,0,0,0,1,20,0
0,21,0,0,0,0,0,1,15,0
1,9,830,2,4,0,0,1,20,0
1,39,401,1,9,0,0,1,24,0
0,12,0,0,0,0,0,1,24,0
0,18,0,2,0,0,0,0,76,1
1,36,619,1,5,0,0,1,4,0
0,40,0,2,0,0,0,1,15,0
0,90,0,7,0,1,0,0,37,1
1,7,815,0,10,0,0,1,4,0
1,19,249,2,5,0,0,1,20,0
0,47,0,0,0,0,0,1,19,0
1,39,340,1,0,0,0,1,6,0
0,117,0,15,0,0,1,1,18,1
1,5,451,0,1,0,0,1,16,0
1,23,786,2,7,0,0,1,21,0
0,188,0,9,0,0,1,0,16,1
0,19,0,1,0,0,0,1,24,0
1,46,77,1,2,0,0,1,24,0
1,20,836,2,9,0,0,0,1,0
0,15,0,0,0,0,0,1,20,0
1,1,0,1,0,0,0,0,230,1
1,10,606,0,8,0,0,1,4,0
1,5,232,0,5,0,0,1,7,0
1,31,45,2,4,0,0,1,12,0
0,43,0,9,0,1,0,1,22,1
0,15,0,2,0,0,0,0,374,1
0,26,0,2,0,0,0,1,18,0
0,4,0,1,0,0,0,1,800,1
1,79,474,7,19,1,0,1,35,1
0,23,0,1,0,0,0,1,17,0
1,41,847,2,8,0,0,1,6,0
0,6,0,2,0,0,0,1,21,0
1,48,5,2,2,0,0,1,2,0
0,39,0,2,0,0,0,1,16,0
1,4,984,0,1,0,0,1,13,0
0,50,0,2,0,0,0,1,4,0
1,19,142,0,2,0,0,0,62,1
0,111,0,23,0,0,1,1,7,1
1,37,361,0,1,0,0,1,22,0
0,26,0,13,0,1,0,1,19,1
0,47,0,21,0,0,1,0,37,1
1,8,414,1,9,0,0,1,16,0
1,46,499,2,8,0,0,1,3,0
1,11,272,1,5,0,0,1,11,0
0,34,0,1,0,0,0,1,18,0
0,44,0,10,0,1,0,0,10,1
0,15,0,1,0,0,0,1,16,0
0,77,0,15,0,1,0,1,24,1
1,37,421,1,5,0,0,1,23,0
1,46,209,1,0,0,0,1,24,0
1,8,412,0,4,0,0,1,4,0
1,2,0,2,0,0,0,0,765,1
0,39,0,1,0,0,0,1,13,0
0,24,0,0,0,0,0,1,24,0
1,50,182,1,0,0,0,0,102,1
0,38,0,1,0,0,0,1,3,0
1,26,137,2,1,0,0,1,5,0
0,0,0,0,0,0,0,1,21,0
1,50,52,1,8,0,0,0,85,1
1,18,38,1,1,0,0,1,23,0
0,9,0,2,0,0,0,1,25,0
0,4,0,1,0,0,0,1,14,0
1,18,0,2,0,0,0,1,654,1
0,14,0,2,0,0,0,1,762,1
0,48,0,2,0,0,0,1,19,0
1,50,785,1,2,0,0,1,23,0
1,103,490,20,32,0,1,1,28,1
1,31,41,4,5,0,0,0,89,1
1,76,76,11,9,1,0,1,11,1
1,10,0,1,0,0,0,1,785,1
0,43,0,1,0,0,0,1,15,0
0,49,0,1,0,0,0,1,8,0
0,30,0,25,0,0,1,0,10,1
0,8,0,2,0,0,0,0,442,1
0,22,0,0,0,0,0,0,5,0
0,15,0,0,0,0,0,1,10,0
1,193,774,8,14,0,1,1,10,1
0,91,0,6,0,1,0,0,6,1
1,10,298,1,8,0,0,1,7,0
0,8,0,0,0,0,0,1,6,0
0,10,0,2,0,0,0,1,17,0
0,12,0,1,0,0,0,0,3,0
0,48,0,0,0,0,0,1,3,0
1,3,756,0,2,0,0,1,8,0
1,42,521,1,7,0,0,1,21,0
0,146,0,10,0,0,1,1,25,1
1,89,356,8,17,1,0,0,30,1
1,28,436,1,1,0,0,1,19,0
1,45,354,1,4,0,0,1,7,0
1,23,43,5,1,0,0,0,110,1
1,26,746,0,3,0,0,1,13,0
0,39,0,2,0,0,0,0,128,1
0,18,0,0,0,0,0,1,11,0
0,36,0,1,0,0,0,1,22,0
1,2,0,1,0,0,0,1,365,1
1,61,677,8,25,0,1,1,9,1
1,2,0,1,0,0,0,1,430,1
0,35,0,0,0,0,0,1,3,0
0,15,0,2,0,0,0,1,3,0
0,30,0,2,0,0,0,1,20,0
1,40,94,17,34,0,1,0,5,1
0,32,0,2,0,0,0,1,12,0
1,119,226,10,8,1,0,0,16,1
0,25,0,1,0,0,0,1,8,0
1,41,100,8,13,1,0,1,12,1
0,4,0,2,0,0,0,1,21,0
0,69,0,10,0,0,1,1,32,1
0,19,0,2,0,0,0,1,18,0
1,4,802,0,7,0,0,1,4,0
1,41,36,0,10,0,0,0,131,1
1,41,58,9,12,1,0,1,40,1
0,15,0,0,0,0,0,1,24,0
1,6,848,1,5,0,0,1,7,0
0,22,0,1,0,0,0,1,19,0
1,14,212,1,7,0,0,1,20,0
0,113,0,21,0,0,1,1,27,1
0,7,0,2,0,0,0,1,664,1
1,4,339,2,8,0,0,1,17,0
0,46,0,2,0,0,0,1,19,0
1,130,336,10,26,0,1,1,21,1
1,18,89,1,6,0,0,0,85,1
1,36,565,1,8,0,0,1,5,0
1,122,459,15,15,1,0,0,17,1
1,30,108,1,3,0,0,1,10,0
1,40,652,1,5,0,0,1,13,0
0,30,0,0,0,0,0,1,15,0
1,44,570,1,6,0,0,1,7,0
1,9,491,2,3,0,0,1,1,0
0,34,0,2,0,0,0,1,4,0
1,3,0,0,0,0,0,1,476,1
0,25,0,12,0,1,0,0,34,1
0,16,0,2,0,0,0,0,235,1
1,36,480,1,7,0,0,1,10,0
0,20,0,0,0,0,0,1,20,0
1,114,266,24,28,0,1,0,22,1
0,5,0,2,0,0,0,1,20,0
0,3,0,0,0,0,0,1,10,0
1,32,300,2,3,0,0,1,19,0
0,29,0,0,0,0,0,1,20,0
0,9,0,2,0,0,0,0,772,1
1,7,252,0,0,0,0,1,16,0
1,23,812,0,0,0,0,1,16,0
0,9,0,0,0,0,0,1,14,0
0,39,0,2,0,0,0,1,8,0
1,4,387,2,0,0,0,1,9,0
0,39,0,0,0,0,0,1,12,0
1,56,117,14,15,1,0,0,15,1
0,89,0,21,0,0,1,0,5,1
1,42,804,2,10,0,0,1,4,0
0,0,0,2,0,0,0,1,5,0
0,29,0,1,0,0,0,1,16,0
1,1,0,2,0,0,0,1,645,1
1,126,355,15,11,1,0,0,35,1
1,9,831,0,7,0,0,1,3,0
0,59,0,18,0,0,1,0,5,1
1,17,591,1,0,0,0,1,23,0
0,27,0,1,0,0,0,0,50,1
1,131,657,20,27,0,1,0,36,1
0,8,0,1,0,0,0,1,8,0
0,9,0,1,0,0,0,0,208,1
1,18,9,5,9,0,0,0,79,1
1,14,387,1,7,0,0,1,6,0
1,18,566,2,9,0,0,1,18,0
0,189,0,12,0,0,1,1,18,1
1,4,264,0,3,0,0,0,8,0
1,3,547,2,10,0,0,1,1,0
1,32,745,1,1,0,0,1,25,0
0,40,0,2,0,0,0,1,21,0
1,19,368,1,5,0,0,1,24,0
1,24,957,0,3,0,0,1,25,0
1,61,349,9,13,1,0,0,25,1
0,39,0,2,0,0,0,1,14,0
0,42,0,0,0,0,0,1,9,0
1,25,254,1,4,0,0,1,4,0
1,5,431,0,8,0,0,1,17,0
1,38,198,3,6,0,0,0,73,1
1,20,456,1,9,0,0,1,2,0
0,26,0,1,0,0,0,1,5,0
0,113,0,7,0,1,0,0,16,1
0,38,0,2,0,0,0,0,9,0
1,6,849,2,5,0,0,1,25,0
1,148,139,12,35,0,1,0,5,1
1,8,33,0,10,0,0,0,85,1
0,4,0,2,0,0,0,1,2,0
1,38,617,0,0,0,0,1,11,0
0,167,0,14,0,0,1,1,7,1
1,50,619,1,4,0,0,1,11,0
0,39,0,1,0,0,0,1,23,0
1,37,138,7,8,1,0,1,18,1
1,27,609,1,6,0,0,1,3,0
0,114,0,12,0,0,1,0,9,1
1,36,898,0,1,0,0,1,12,0
0,125,0,13,0,1,0,1,36,1
0,8,0,2,0,0,0,1,10,0
0,22,0,2,0,0,0,0,11,0
1,50,190,3,7,0,0,0,103,1
1,17,53,0,1,0,0,1,4,0
0,28,0,1,0,0,0,1,20,0
0,11,0,1,0,0,0,1,507,1
0,56,0,9,0,1,0,1,20,1
1,12,0,0,0,0,0,0,267,1
0,40,0,0,0,0,0,1,16,0
1,50,980,0,5,0,0,1,5,0
0,46,0,2,0,0,0,1,25,0
0,12,0,1,0,0,0,0,616,1
0,34,0,1,0,0,0,1,8,0
0,7,0,2,0,0,0,0,325,1
1,41,103,3,1,0,0,0,105,1
0,4,0,0,0,0,0,0,9,0
1,114,85,22,26,0,1,1,38,1
1,19,764,1,9,0,0,1,2,0
1,7,180,2,4,0,0,1,10,0
0,6,0,1,0,0,0,1,23,0
0,34,0,1,0,0,0,1,11,0
1,32,266,9,34,0,1,1,27,1
1,37,541,0,7,0,0,1,16,0
1,25,79,1,9,0,0,1,6,0
0,8,0,1,0,0,0,1,5,0
0,41,0,2,0,0,0,1,13,0
1,22,734,0,10,0,0,1,15,0
0,10,0,2,0,0,0,1,14,0
1,21,148,1,5,0,0,0,83,1
0,19,0,2,0,0,0,0,13,0
0,46,0,5,0,1,0,0,20,1
0,161,0,21,0,0,1,0,24,1
0,33,0,2,0,0,0,1,12,0
0,33,0,1,0,0,0,1,18,0
0,27,0,0,0,0,0,1,17,0
0,0,0,2,0,0,0,1,10,0
0,130,0,12,0,0,1,0,9,1
1,44,213,0,6,0,0,1,1,0
1,42,836,1,1,0,0,1,14,0
1,18,0,2,0,0,0,1,416,1
0,42,0,2,0,0,0,0,12,0
1,20,909,0,10,0,0,1,19,0
0,47,0,0,0,0,0,1,23,0
0,41,0,2,0,0,0,1,9,0
0,33,0,0,0,0,0,0,6,0
0,3,0,1,0,0,0,1,1,0
1,40,228,1,2,0,0,1,16,0
1,36,887,2,2,0,0,1,6,0
1,5,441,1,3,0,0,1,15,0
1,47,40,4,8,0,0,0,107,1
1,25,74,0,6,0,0,1,8,0
0,6,0,2,0,0,0,1,13,0
1,54,245,7,10,1,0,1,27,1
0,28,0,1,0,0,0,1,19,0
1,38,433,1,6,0,0,1,23,0
0,26,0,2,0,0,0,1,24,0
1,4,952,1,8,0,0,1,17,0
0,21,0,2,0,0,0,1,24,0
0,45,0,0,0,0,0,1,17,0
0,37,0,2,0,0,0,1,15,0
0,129,0,10,0,0,1,0,8,1
0,30,0,1,0,0,0,1,25,0
0,2,0,2,0,0,0,1,8,0
0,13,0,0,0,0,0,1,12,0
0,4,0,2,0,0,0,1,17,0
0,35,0,0,0,0,0,1,21,0
1,34,282,1,7,0,0,1,1,0
1,34,178,0,4,0,0,1,11,0
0,15,0,2,0,0,0,1,13,0
1,12,584,2,0,0,0,1,10,0
1,47,777,1,2,0,0,1,18,0
0,15,0,2,0,0,0,1,19,0
0,186,0,12,0,0,1,1,23,1
1,38,654,0,9,0,0,1,18,0
1,6,162,1,8,0,0,1,2,0
1,17,894,2,0,0,0,1,1,0
1,23,705,0,1,0,0,1,5,0
0,28,0,0,0,0,0,1,9,0
0,29,0,0,0,0,0,1,1,0
1,94,88,8,21,0,1,1,33,1
1,42,292,2,0,0,0,1,21,0
1,2,241,0,7,0,0,1,7,0
1,21,240,0,10,0,0,1,18,0
1,96,324,8,10,1,0,0,5,1
1,11,0,0,0,0,0,1,152,1
1,39,175,2,4,0,0,1,25,0
1,32,630,0,4,0,0,1,25,0
1,8,543,1,2,0,0,1,19,0
0,25,0,2,0,0,0,1,16,0
0,42,0,0,0,0,0,0,15,0
1,13,463,1,1,0,0,1,24,0
0,27,0,2,0,0,0,1,7,0
0,11,0,1,0,0,0,1,18,0
1,140,220,8,23,0,1,1,22,1
1,48,295,0,0,0,0,1,15,0
1,17,605,1,9,0,0,1,19,0
1,18,686,0,8,0,0,1,23,0
0,11,0,0,0,0,0,1,228,1
1,130,510,24,33,0,1,1,11,1
1,108,736,16,29,0,1,0,9,1
1,29,637,0,7,0,0,1,5,0
0,12,0,2,0,0,0,1,8,0
1,47,173,5,5,0,0,0,134,1
0,17,0,2,0,0,0,1,3,0
1,148,446,6,12,1,0,1,8,1
0,49,0,10,0,0,1,0,5,1
0,6,0,2,0,0,0,1,3,0
0,18,0,0,0,0,0,1,283,1
0,21,0,0,0,0,0,1,22,0
0,0,0,1,0,0,0,0,584,1
1,157,736,22,37,0,1,0,11,1
1,20,931,1,6,0,0,1,12,0
0,3,0,1,0,0,0,1,4,0
0,39,0,0,0,0,0,0,62,1
0,6,0,2,0,0,0,1,4,0
1,43,198,2,6,0,0,0,60,1
1,18,297,1,10,0,0,1,6,0
1,6,509,2,8,0,0,1,24,0
1,89,50,10,40,0,1,0,39,1
1,1,64,0,3,0,0,0,14,0
0,7,0,0,0,0,0,1,2,0
1,6,641,1,3,0,0,1,12,0
1,45,86,1,8,0,0,1,17,0
1,23,724,1,4,0,0,1,1,0
1,25,121,5,5,1,0,0,17,1
1,1,421,0,5,0,0,1,15,0
0,32,0,0,0,0,0,1,14,0
1,36,666,21,18,0,1,1,38,1
1,123,290,7,8,1,0,0,40,1
1,36,97,1,3,0,0,0,102,1
0,28,0,0,0,0,0,1,1,0
0,37,0,2,0,0,0,1,20,0
1,38,879,0,0,0,0,1,22,0
0,38,0,2,0,0,0,1,4,0
0,43,0,0,0,0,0,0,25,0
1,12,286,1,6,0,0,1,23,0
0,31,0,0,0,0,0,1,7,0
1,45,104,2,6,0,0,1,5,0
1,166,174,15,30,0,1,1,35,1
1,24,856,0,8,0,0,0,13,0
1,24,74,1,2,0,0,1,4,0
0,1,0,2,0,0,0,1,14,0
0,39,0,0,0,0,0,1,15,0
1,17,0,2,0,0,0,1,431,1
0,48,0,9,0,1,0,0,32,1
0,6,0,2,0,0,0,1,793,1
1,44,632,1,1,0,0,1,20,0
1,25,190,1,3,0,0,1,4,0
1,28,61,4,0,0,0,0,128,1
1,22,842,0,6,0,0,1,6,0
1,87,396,12,16,1,0,1,16,1
0,50,0,1,0,0,0,1,12,0
1,14,162,1,9,0,0,0,87,1
1,8,174,2,9,0,0,1,22,0
0,10,0,1,0,0,0,0,121,1
0,127,0,8,0,0,1,1,27,1
0,27,0,0,0,0,0,1,23,0
1,4,256,1,1,0,0,1,6,0
1,1,31,3,8,0,0,0,54,1
0,49,0,0,0,0,0,1,21,0
0,21,0,1,0,0,0,1,1,0
1,4,776,2,0,0,0,1,25,0
0,72,0,12,0,0,1,0,8,1
1,1,621,2,4,0,0,1,9,0
1,9,85,1,8,0,0,0,12,0
0,200,0,24,0,0,1,1,34,1
0,6,0,2,0,0,0,1,20,0
1,61,569,23,26,0,1,0,13,1
1,25,57,2,8,0,0,1,1,0
0,28,0,5,0,0,0,0,101,1
1,38,61,1,2,0,0,1,13,0
0,33,0,0,0,0,0,1,6,0
0,188,0,21,0,0,1,0,7,1
0,4,0,1,0,0,0,1,6,0
0,171,0,24,0,0,1,1,23,1
0,48,0,2,0,0,0,1,13,0
0,44,0,2,0,0,0,1,1,0
1,17,176,2,2,0,0,1,3,0
1,38,105,1,9,0,0,1,7,0
1,122,65,14,17,1,0,0,7,1
0,19,0,1,0,0,0,1,21,0
1,148,308,5,10,1,0,1,32,1
1,11,936,2,5,0,0,1,9,0
0,180,0,12,0,0,1,0,12,1
0,29,0,8,0,1,0,0,24,1
1,16,98,3,2,0,0,0,121,1
1,108,67,14,13,1,0,1,21,1
1,62,427,5,6,1,0,1,34,1
1,59,296,9,26,0,1,1,34,1
0,6,0,1,0,0,0,1,12,0
0,48,0,0,0,0,0,1,1,0
1,28,138,4,7,0,0,0,121,1
0,21,0,5,0,0,0,0,139,1
1,164,643,18,32,0,1,0,35,1
0,11,0,2,0,0,0,1,16,0
1,3,60,2,4,0,0,1,9,0
1,30,913,2,9,0,0,1,11,0
1,44,694,0,4,0,0,1,24,0
1,7,490,1,7,0,0,1,11,0
1,23,695,2,10,0,0,1,17,0
1,42,598,0,1,0,0,1,2,0
1,29,153,3,7,0,0,0,99,1
1,7,340,2,8,0,0,1,9,0
1,37,220,0,3,0,0,1,24,0
0,9,0,2,0,0,0,1,23,0
0,2,0,1,0,0,0,1,7,0
0,25,0,2,0,0,0,1,5,0
1,36,72,1,8,0,0,1,10,0
1,68,124,15,18,1,0,0,39,1
0,42,0,2,0,0,0,1,24,0
0,2,0,0,0,0,0,1,8,0
1,8,132,1,1,0,0,1,17,0
0,6,0,2,0,0,0,1,14,0
1,103,250,9,15,1,0,1,6,1
0,2,0,2,0,0,0,1,12,0
1,74,436,15,11,1,0,0,23,1
1,8,0,0,0,0,0,1,427,1
0,46,0,1,0,0,0,1,9,0
1,9,782,2,8,0,0,1,13,0
0,34,0,1,0,0,0,1,5,0
1,0,577,2,8,0,0,1,9,0
0,24,0,0,0,0,0,1,24,0
1,44,23,2,1,0,0,1,21,0
0,8,0,2,0,0,0,1,426,1
0,14,0,1,0,0,0,1,10,0
1,23,172,0,2,0,0,1,25,0
1,30,773,2,8,0,0,1,18,0
0,26,0,1,0,0,0,1,3,0
1,24,602,0,7,0,0,1,23,0
0,16,0,0,0,0,0,1,16,0
0,9,0,2,0,0,0,1,16,0
1,27,182,1,0,0,0,1,3,0
1,33,510,0,1,0,0,1,15,0
1,49,843,2,2,0,0,0,24,0
1,32,91,2,2,0,0,0,127,1
1,16,0,0,0,0,0,0,355,1
1,20,194,0,2,0,0,1,12,0
1,28,159,0,0,0,0,1,18,0
0,4,0,1,0,0,0,0,239,1
1,38,986,2,6,0,0,1,15,0
0,136,0,11,0,1,0,1,8,1
1,10,181,2,7,0,0,1,8,0
1,4,16,2,5,0,0,0,120,1
0,32,0,1,0,0,0,1,16,0
0,15,0,0,0,0,0,1,4,0
1,13,235,2,4,0,0,0,6,0
0,15,0,2,0,0,0,0,373,1
1,12,0,0,0,0,0,1,746,1
0,39,0,4,0,0,0,0,72,1
0,7,0,1,0,0,0,1,25,0
1,8,638,1,6,0,0,1,23,0
0,13,0,2,0,0,0,1,359,1
1,185,474,13,20,0,1,0,17,1
0,44,0,2,0,0,0,0,97,1
1,39,71,1,10,0,0,1,13,0
0,3,0,0,0,0,0,1,479,1
1,4,155,4,3,0,0,0,127,1
0,12,0,2,0,0,0,1,573,1
1,140,210,5,8,1,0,1,9,1
1,6,0,0,0,0,0,0,446,1
1,33,952,1,1,0,0,0,23,0
0,20,0,2,0,0,0,1,18,0
0,3,0,2,0,0,0,1,12,0
0,45,0,1,0,0,0,1,5,0
0,36,0,5,0,1,0,0,18,1
1,3,0,2,0,0,0,0,526,1
0,33,0,1,0,0,0,1,20,0
0,112,0,13,0,1,0,0,11,1
0,48,0,13,0,0,1,1,15,1
0,33,0,1,0,0,0,1,2,0
0,3,0,2,0,0,0,0,551,1
1,1,757,0,2,0,0,1,3,0
1,6,370,2,1,0,0,1,20,0
0,15,0,2,0,0,0,0,200,1
1,134,366,6,7,1,0,1,33,1
1,2,891,1,9,0,0,1,14,0
1,19,872,1,6,0,0,1,21,0
1,37,54,0,4,0,0,1,25,0
1,35,483,2,7,0,0,1,23,0
1,30,925,2,4,0,0,1,11,0
0,15,0,1,0,0,0,1,24,0
1,17,79,1,0,0,0,1,3,0
1,14,145,2,9,0,0,0,125,1
0,1,0,2,0,0,0,1,22,0
1,1,586,2,4,0,0,1,23,0
0,115,0,14,0,1,0,0,6,1
1,10,182,0,9,0,0,1,23,0
1,38,918,0,6,0,0,1,25,0
1,33,265,20,34,0,1,0,25,1
1,14,197,0,3,0,0,1,4,0
0,24,0,0,0,0,0,1,5,0
1,129,214,7,11,1,0,1,30,1
0,31,0,2,0,0,0,0,113,1
1,47,155,3,10,0,0,0,89,1
0,42,0,0,0,0,0,1,21,0
0,109,0,25,0,0,1,1,37,1
0,19,0,1,0,0,0,0,8,0
0,6,0,1,0,0,0,1,22,0
1,12,737,2,6,0,0,1,6,0
1,23,80,12,12,1,0,1,14,1
1,20,545,2,0,0,0,1,3,0
1,48,976,0,1,0,0,1,20,0
1,32,40,2,4,0,0,1,9,0
0,41,0,2,0,0,0,1,23,0
0,19,0,1,0,0,0,0,7,0
1,16,596,1,3,0,0,1,4,0
1,37,444,21,32,0,1,0,37,1
1,34,831,1,7,0,0,1,1,0
1,43,355,15,6,1,0,0,32,1
0,23,0,2,0,0,0,1,3,0
1,2,864,2,10,0,0,1,14,0
1,25,387,0,5,0,0,1,17,0
0,5,0,0,0,0,0,1,4,0
0,37,0,1,0,0,0,1,7,0
1,0,359,2,5,0,0,1,23,0
1,14,207,1,0,0,0,1,5,0
1,8,932,0,2,0,0,1,9,0
0,2,0,1,0,0,0,1,10,0
0,195,0,23,0,0,1,1,23,1
0,26,0,5,0,0,0,0,80,1
1,18,47,2,8,0,0,1,23,0
1,5,547,0,6,0,0,1,22,0
0,15,0,0,0,0,0,1,15,0
0,54,0,9,0,1,0,0,11,1
0,48,0,0,0,0,0,1,14,0
0,17,0,1,0,0,0,1,8,0
1,20,114,1,2,0,0,1,8,0
1,49,277,2,4,0,0,1,12,0
0,3,0,0,0,0,0,1,22,0
0,44,0,0,0,0,0,0,17,0
0,57,0,15,0,1,0,0,12,1
1,93,323,11,17,1,0,0,32,1
0,33,0,1,0,0,0,1,8,0
0,34,0,0,0,0,0,1,21,0
1,43,14,0,0,0,0,1,9,0
1,43,175,5,8,0,0,0,144,1
1,81,432,13,6,1,0,0,21,1
0,49,0,2,0,0,0,0,3,0
1,1,143,4,1,0,0,0,118,1
0,104,0,5,0,1,0,1,38,1
0,116,0,10,0,1,0,0,10,1
1,19,236,2,3,0,0,1,15,0
1,50,258,10,18,1,0,0,40,1
0,40,0,0,0,0,0,1,1,0
1,12,846,0,2,0,0,1,8,0
1,43,479,1,4,0,0,1,10,0
1,25,882,1,6,0,0,1,21,0
1,1,936,2,1,0,0,1,24,0
1,48,106,2,4,0,0,1,10,0
0,25,0,0,0,0,0,1,6,0
1,185,271,12,32,0,1,0,32,1
1,31,52,0,9,0,0,0,91,1
0,10,0,1,0,0,0,0,100,1
0,167,0,20,0,0,1,0,38,1
1,23,138,0,6,0,0,0,74,1
1,25,241,0,9,0,0,1,5,0
0,36,0,15,0,1,0,1,9,1
1,46,933,1,3,0,0,1,13,0
0,14,0,0,0,0,0,1,22,0
1,19,310,0,10,0,0,1,16,0
0,74,0,9,0,0,1,1,30,1
0,7,0,2,0,0,0,1,5,0
0,17,0,3,0,0,0,0,88,1
0,94,0,10,0,0,1,1,38,1
0,43,0,1,0,0,0,1,24,0
1,75,725,11,37,0,1,0,30,1
1,29,371,1,6,0,0,1,19,0
0,11,0,0,0,0,0,1,12,0
1,18,0,0,0,0,0,1,516,1
1,16,216,2,1,0,0,1,1,0
1,33,118,1,4,0,0,1,6,0
0,6,0,2,0,0,0,0,646,1
1,27,176,1,7,0,0,0,54,1
0,61,0,10,0,1,0,0,27,1
1,37,469,1,2,0,0,1,4,0
1,29,155,3,7,0,0,0,103,1
0,26,0,2,0,0,0,1,9,0
1,8,8,3,6,0,0,0,64,1
0,18,0,1,0,0,0,0,15,0
1,14,0,0,0,0,0,0,674,1
1,33,500,0,7,0,0,1,7,0
1,42,736,1,9,0,0,1,7,0
0,44,0,1,0,0,0,1,2,0
0,9,0,2,0,0,0,0,644,1
0,16,0,2,0,0,0,1,9,0
1,157,334,17,29,0,1,0,39,1
0,40,0,0,0,0,0,1,15,0
1,25,1,5,3,0,0,0,111,1
1,28,582,0,8,0,0,0,12,0
0,8,0,2,0,0,0,1,22,0
1,25,969,0,9,0,0,1,21,0
1,9,126,0,2,0,0,0,15,0
1,28,559,1,9,0,0,1,19,0
0,162,0,10,0,0,1,0,14,1
0,106,0,13,0,1,0,0,32,1
0,47,0,4,0,0,0,0,94,1
0,40,0,13,0,1,0,1,39,1
0,30,0,2,0,0,0,1,4,0
1,6,0,2,0,0,0,0,551,1
1,94,245,12,13,1,0,0,34,1
0,15,0,1,0,0,0,1,7,0
1,5,754,2,3,0,0,1,4,0
1,18,337,2,10,0,0,1,16,0
1,55,292,10,16,1,0,0,34,1
0,2,0,4,0,0,0,0,67,1
1,23,594,0,6,0,0,1,5,0
1,9,0,2,0,0,0,1,672,1
0,43,0,1,0,0,0,1,11,0
1,12,357,0,7,0,0,1,20,0
1,88,323,19,14,0,1,1,28,1
1,32,437,2,1,0,0,1,25,0
1,19,976,0,10,0,0,1,23,0
0,88,0,14,0,1,0,1,28,1
1,111,235,6,9,1,0,0,36,1
0,43,0,1,0,0,0,1,7,0
0,9,0,2,0,0,0,0,544,1
0,2,0,2,0,0,0,1,24,0
0,25,0,12,0,1,0,0,20,1
0,46,0,0,0,0,0,1,11,0
1,48,458,0,9,0,0,1,12,0
1,3,0,0,0,0,0,0,757,1
0,9,0,1,0,0,0,1,15,0
0,60,0,11,0,0,1,1,39,1
0,19,0,2,0,0,0,1,19,0
1,49,412,2,2,0,0,1,21,0
0,15,0,0,0,0,0,1,3,0
1,16,981,2,2,0,0,1,19,0
0,40,0,0,0,0,0,1,21,0
0,22,0,2,0,0,0,1,1,0
0,139,0,25,0,0,1,0,18,1
1,17,90,0,8,0,0,0,121,1
1,15,589,0,7,0,0,1,18,0
1,128,773,14,25,0,1,0,25,1
1,13,0,0,0,0,0,1,505,1
0,38,0,0,0,0,0,1,8,0
0,8,0,2,0,0,0,1,19,0
1,41,3,0,4,0,0,1,22,0
1,31,779,0,5,0,0,1,17,0
0,35,0,0,0,0,0,1,19,0
0,15,0,2,0,0,0,0,19,0
0,6,0,1,0,0,0,1,13,0
0,35,0,0,0,0,0,1,7,0
0,66,0,9,0,1,0,0,25,1
1,17,422,2,3,0,0,1,9,0
0,148,0,13,0,0,1,0,9,1
1,32,622,1,7,0,0,1,5,0
0,17,0,2,0,0,0,0,658,1
1,24,738,1,4,0,0,1,14,0
1,50,385,2,7,0,0,1,21,0
0,40,0,0,0,0,0,1,12,0
1,128,161,15,20,1,0,0,14,1
1,9,675,2,0,0,0,1,5,0
1,36,904,2,1,0,0,1,3,0
1,6,0,2,0,0,0,0,376,1
0,49,0,1,0,0,0,1,20,0
1,46,65,1,4,0,0,1,19,0
1,31,871,2,4,0,0,1,18,0
1,80,522,24,20,0,1,1,12,1
1,40,370,15,13,1,0,0,23,1
0,7,0,0,0,0,0,1,3,0
1,59,124,13,13,1,0,1,28,1
0,24,0,1,0,0,0,1,22,0
0,42,0,2,0,0,0,1,1,0
0,26,0,1,0,0,0,1,4,0
0,49,0,2,0,0,0,1,17,0
0,31,0,2,0,0,0,1,9,0
1,16,0,2,0,0,0,0,445,1
0,75,0,19,0,0,1,0,15,1
0,31,0,2,0,0,0,1,2,0
0,37,0,1,0,0,0,1,23,0
0,196,0,15,0,0,1,0,23,1
0,113,0,11,0,1,0,0,23,1
1,17,867,1,4,0,0,1,17,0
0,44,0,2,0,0,0,1,25,0
0,197,0,24,0,0,1,1,33,1
0,0,0,1,0,0,0,0,189,1
0,11,0,0,0,0,0,1,5,0
1,9,366,0,5,0,0,1,2,0
0,0,0,0,0,0,0,1,15,0
0,101,0,19,0,0,1,1,16,1
1,15,993,2,2,0,0,1,17,0
1,20,195,1,2,0,0,1,5,0
0,41,0,1,0,0,0,1,23,0
0,18,0,0,0,0,0,1,212,1
1,45,275,0,6,0,0,1,1,0
1,161,83,20,33,0,1,0,23,1
1,44,614,2,6,0,0,1,21,0
0,3,0,2,0,0,0,1,3,0
1,32,497,1,1,0,0,1,22,0
1,13,948,0,1,0,0,1,9,0
1,31,230,0,6,0,0,1,11,0
1,136,327,9,14,1,0,0,10,1
1,46,248,12,14,1,0,1,37,1
0,0,0,3,0,0,0,0,131,1
0,12,0,0,0,0,0,1,22,0
0,35,0,2,0,0,0,1,23,0
0,33,0,0,0,0,0,1,21,0
0,200,0,10,0,0,1,1,40,1
0,13,0,1,0,0,0,0,19,0
0,5,0,2,0,0,0,1,671,1
1,3,0,0,0,0,0,0,422,1
0,5,0,1,0,0,0,1,12,0
1,14,0,1,0,0,0,0,345,1
1,25,99,3,4,0,0,0,92,1
1,35,53,1,6,0,0,0,13,0
0,14,0,4,0,0,0,0,114,1
1,48,291,2,10,0,0,1,21,0
1,20,745,1,5,0,0,1,25,0
0,13,0,2,0,0,0,1,7,0
0,28,0,2,0,0,0,1,9,0
0,9,0,1,0,0,0,1,16,0
1,48,713,0,10,0,0,1,6,0
1,27,481,1,0,0,0,1,25,0
0,30,0,0,0,0,0,1,2,0
0,65,0,6,0,1,0,1,24,1
0,15,0,2,0,0,0,1,621,1
1,40,603,1,0,0,0,1,16,0
1,5,0,1,0,0,0,0,388,1
1,44,639,2,1,0,0,1,23,0
0,33,0,1,0,0,0,1,23,0
0,11,0,0,0,0,0,1,2,0
0,5,0,2,0,0,0,0,207,1
0,19,0,1,0,0,0,1,10,0
0,10,0,0,0,0,0,1,24,0
1,8,209,1,5,0,0,1,6,0
1,137,736,21,17,0,1,0,7,1
0,6,0,0,0,0,0,1,5,0
0,15,0,2,0,0,0,1,22,0
1,32,679,2,5,0,0,1,10,0
1,29,26,1,2,0,0,0,82,1
0,20,0,1,0,0,0,1,6,0
0,7,0,2,0,0,0,1,9,0
0,1,0,2,0,0,0,1,1,0
1,26,557,1,4,0,0,1,5,0
1,18,687,2,0,0,0,1,6,0
1,26,523,0,2,0,0,1,18,0
1,0,308,2,4,0,0,1,9,0
1,200,366,18,20,0,1,1,21,1
0,28,0,1,0,0,0,1,22,0
0,24,0,1,0,0,0,1,6,0
0,39,0,0,0,0,0,1,4,0
1,36,381,1,10,0,0,1,17,0
1,9,11,0,3,0,0,0,104,1
1,178,624,11,12,0,1,1,6,1
1,11,638,2,9,0,0,1,9,0
0,1,0,2,0,0,0,1,23,0
0,26,0,0,0,0,0,1,2,0
0,35,0,1,0,0,0,1,5,0
1,25,774,2,7,0,0,1,20,0
1,14,235,1,1,0,0,1,9,0
0,32,0,0,0,0,0,1,23,0
1,31,217,2,0,0,0,1,23,0
1,1,34,2,9,0,0,1,11,0
1,13,372,2,8,0,0,1,7,0
0,30,0,2,0,0,0,1,15,0
0,49,0,2,0,0,0,1,10,0
1,46,633,0,9,0,0,1,20,0
0,38,0,0,0,0,0,1,2,0
1,47,353,1,0,0,0,1,19,0
1,29,671,0,0,0,0,1,21,0
1,15,562,2,4,0,0,1,14,0
0,8,0,1,0,0,0,1,6,0
0,187,0,11,0,0,1,1,20,1
1,42,111,2,3,0,0,0,2,0
0,39,0,3,0,0,0,0,123,1
0,40,0,2,0,0,0,1,22,0
0,31,0,4,0,0,0,0,60,1
1,39,43,1,2,0,0,0,93,1
0,135,0,14,0,0,1,0,8,1
1,38,20,2,9,0,0,0,103,1
0,6,0,2,0,0,0,1,708,1
1,30,795,2,3,0,0,1,19,0
1,40,123,1,6,0,0,1,6,0
0,22,0,0,0,0,0,0,91,1
0,105,0,8,0,0,1,0,13,1
0,21,0,0,0,0,0,1,14,0
0,41,0,1,0,0,0,1,22,0
0,33,0,4,0,0,0,0,66,1
0,34,0,0,0,0,0,1,16,0
0,0,0,1,0,0,0,0,110,1
0,37,0,0,0,0,0,1,1,0
0,48,0,0,0,0,0,0,68,1
1,130,162,23,22,0,1,0,24,1
0,126,0,13,0,1,0,1,23,1
0,32,0,2,0,0,0,1,18,0
1,6,199,0,2,0,0,1,9,0
1,40,359,1,9,0,0,1,23,0
0,29,0,1,0,0,0,1,14,0
0,16,0,1,0,0,0,0,149,1
1,42,284,2,6,0,0,1,22,0
1,40,850,0,6,0,0,1,20,0
0,3,0,1,0,0,0,1,199,1
1,95,81,5,10,1,0,0,29,1
0,15,0,2,0,0,0,1,278,1
0,6,0,1,0,0,0,1,665,1
1,47,378,1,0,0,0,1,20,0
0,44,0,5,0,0,0,0,94,1
0,13,0,2,0,0,0,1,23,0
1,20,0,2,0,0,0,0,573,1
0,12,0,0,0,0,0,1,9,0
1,5,104,5,5,0,0,0,50,1
0,16,0,2,0,0,0,1,22,0
1,33,231,12,36,0,1,1,20,1
0,3,0,0,0,0,0,1,11,0
0,2,0,0,0,0,0,1,688,1
1,8,473,2,5,0,0,1,21,0
0,15,0,0,0,0,0,1,7,0
1,45,718,1,4,0,0,1,12,0
0,12,0,2,0,0,0,1,20,0
1,9,407,1,9,0,0,1,18,0
0,111,0,13,0,1,0,0,5,1
0,9,0,2,0,0,0,1,18,0
1,16,66,0,3,0,0,1,4,0
0,18,0,2,0,0,0,1,21,0
0,105,0,11,0,0,1,0,11,1
1,22,885,1,1,0,0,1,25,0
1,29,543,1,2,0,0,1,1,0
1,33,996,1,6,0,0,1,2,0
1,3,693,2,6,0,0,0,18,0
1,3,310,0,4,0,0,1,10,0
0,5,0,1,0,0,0,0,800,1
0,18,0,0,0,0,0,0,241,1
1,38,655,1,4,0,0,1,5,0
1,18,162,2,10,0,0,0,108,1
1,33,199,1,7,0,0,1,10,0
1,192,415,20,14,0,1,1,17,1
1,24,865,1,0,0,0,1,3,0
1,34,75,4,0,0,0,0,143,1
1,2,529,0,2,0,0,1,22,0
0,25,0,2,0,0,0,1,21,0
0,6,0,2,0,0,0,1,22,0
0,33,0,0,0,0,0,1,10,0
1,45,500,1,8,0,0,1,2,0
0,5,0,0,0,0,0,1,18,0
0,41,0,0,0,0,0,1,15,0
1,77,129,23,35,0,1,0,24,1
1,29,515,0,0,0,0,1,22,0
0,182,0,8,0,0,1,1,29,1
0,80,0,21,0,0,1,0,38,1
1,142,368,17,22,0,1,0,14,1
0,51,0,16,0,0,1,0,18,1
1,132,56,11,31,0,1,0,29,1
1,0,410,1,6,0,0,1,17,0
0,28,0,2,0,0,0,1,22,0
1,35,250,5,10,1,0,1,38,1
0,42,0,2,0,0,0,1,22,0
0,11,0,1,0,0,0,1,23,0
0,26,0,2,0,0,0,1,7,0
1,25,911,0,4,0,0,1,6,0
0,35,0,2,0,0,0,1,22,0
1,47,841,1,3,0,0,1,17,0
1,39,336,0,0,0,0,1,13,0
1,35,781,2,4,0,0,1,7,0
1,69,488,23,21,0,1,1,32,1
1,22,36,2,5,0,0,0,95,1
0,43,0,1,0,0,0,1,14,0
0,39,0,9,0,0,1,1,6,1
1,42,109,23,12,0,1,0,10,1
0,20,0,0,0,0,0,1,6,0
1,33,195,0,2,0,0,1,22,0
0,16,0,1,0,0,0,1,378,1
1,10,874,0,7,0,0,1,14,0
1,44,32,2,7,0,0,1,16,0
1,115,218,10,31,0,1,0,34,1
0,28,0,2,0,0,0,1,12,0
0,10,0,2,0,0,0,0,433,1
1,110,329,6,6,1,0,1,30,1
0,48,0,2,0,0,0,1,24,0
1,22,893,0,7,0,0,1,13,0
1,15,32,0,5,0,0,0,60,1
0,26,0,1,0,0,0,1,24,0
0,13,0,0,0,0,0,1,5,0
0,6,0,1,0,0,0,1,5,0
0,13,0,4,0,0,0,0,77,1
1,33,366,0,6,0,0,1,9,0
0,49,0,0,0,0,0,1,23,0
1,2,391,2,0,0,0,1,23,0
0,20,0,1,0,0,0,1,21,0
1,8,242,2,2,0,0,1,5,0
1,39,464,6,12,1,0,0,12,1
1,10,0,1,0,0,0,1,199,1
1,14,0,0,0,0,0,0,387,1
1,52,608,20,20,0,1,1,21,1
0,3,0,0,0,0,0,1,15,0
0,25,0,3,0,0,0,0,98,1
1,3,541,1,8,0,0,1,19,0
0,35,0,2,0,0,0,1,2,0
0,83,0,8,0,1,0,1,38,1
0,12,0,0,0,0,0,1,9,0
1,0,15,0,9,0,0,1,23,0
0,3,0,5,0,0,0,0,93,1
0,5,0,1,0,0,0,1,1,0
1,20,310,1,2,0,0,1,17,0
0,49,0,2,0,0,0,0,19,0
1,18,56,5,8,0,0,0,113,1
1,134,65,5,16,1,0,1,11,1
0,19,0,1,0,0,0,1,25,0
1,42,918,0,2,0,0,0,7,0
1,30,150,5,2,0,0,0,137,1
1,20,0,0,0,0,0,1,241,1
0,36,0,9,0,0,1,0,8,1
0,142,0,14,0,1,0,0,13,1
0,44,0,2,0,0,0,1,23,0
0,25,0,1,0,0,0,1,16,0
1,40,732,1,0,0,0,1,24,0
0,114,0,5,0,1,0,1,12,1
1,26,764,1,5,0,0,1,11,0
1,14,128,1,10,0,0,1,21,0
0,0,0,0,0,0,0,1,24,0
1,5,1,0,9,0,0,0,96,1
0,62,0,11,0,1,0,0,13,1
0,18,0,1,0,0,0,0,506,1
1,28,50,2,8,0,0,1,23,0
1,35,670,0,0,0,0,1,13,0
1,20,944,2,5,0,0,1,8,0
0,19,0,5,0,0,0,0,55,1
1,27,608,1,0,0,0,1,5,0
0,2,0,2,0,0,0,1,17,0
1,50,315,2,3,0,0,1,19,0
0,17,0,2,0,0,0,1,5,0
0,50,0,2,0,0,0,1,9,0
1,2,327,0,2,0,0,1,16,0
0,35,0,0,0,0,0,1,1,0
0,25,0,0,0,0,0,1,1,0
0,39,0,3,0,0,0,0,61,1
1,6,185,2,5,0,0,0,64,1
1,36,463,1,4,0,0,1,25,0
0,2,0,1,0,0,0,1,175,1
0,7,0,2,0,0,0,1,25,0
0,19,0,0,0,0,0,0,577,1
1,26,186,1,5,0,0,1,8,0
1,10,739,2,0,0,0,1,12,0
0,47,0,2,0,0,0,1,10,0
0,54,0,20,0,0,1,0,39,1
0,168,0,20,0,0,1,1,23,1
1,19,91,1,4,0,0,1,4,0
0,79,0,20,0,0,1,0,10,1
1,37,447,0,6,0,0,1,18,0
1,30,722,1,2,0,0,1,19,0
1,18,0,1,0,0,0,0,532,1
1,29,60,2,8,0,0,1,13,0
1,32,735,2,4,0,0,1,11,0
0,30,0,0,0,0,0,1,18,0
1,97,490,19,34,0,1,0,11,1
1,25,610,0,6,0,0,1,2,0
0,32,0,2,0,0,0,1,15,0
1,17,0,2,0,0,0,1,734,1
0,32,0,2,0,0,0,1,6,0
0,40,0,0,0,0,0,1,16,0
1,5,345,1,4,0,0,1,14,0
1,15,0,2,0,0,0,1,204,1
1,26,719,1,7,0,0,1,19,0
0,3,0,2,0,0,0,1,9,0
0,18,0,0,0,0,0,1,17,0
0,28,0,4,0,0,0,0,142,1
1,37,117,2,5,0,0,1,11,0
1,25,76,0,2,0,0,0,63,1
1,62,623,14,11,0,1,0,27,1
0,14,0,1,0,0,0,1,346,1
0,36,0,1,0,0,0,0,117,1
0,5,0,1,0,0,0,1,23,0
0,139,0,11,0,0,1,1,14,1
1,28,728,1,10,0,0,1,4,0
0,45,0,0,0,0,0,1,21,0
0,6,0,0,0,0,0,1,16,0
0,50,0,1,0,0,0,1,18,0
0,38,0,0,0,0,0,1,4,0
1,19,516,2,10,0,0,0,9,0
0,12,0,0,0,0,0,1,20,0
1,8,0,2,0,0,0,1,473,1
0,18,0,0,0,0,0,1,20,0
1,119,484,23,18,0,1,0,40,1
0,17,0,1,0,0,0,1,12,0
1,19,551,2,4,0,0,1,22,0
1,8,605,2,6,0,0,1,10,0
0,15,0,1,0,0,0,1,12,0
0,20,0,0,0,0,0,0,586,1
1,44,151,0,1,0,0,1,22,0
0,45,0,2,0,0,0,1,6,0
0,39,0,0,0,0,0,1,15,0
1,12,0,0,0,0,0,1,358,1
0,16,0,1,0,0,0,1,3,0
0,1,0,2,0,0,0,0,20,0
0,41,0,1,0,0,0,1,16,0
0,42,0,16,0,0,1,0,29,1
0,87,0,7,0,1,0,1,6,1
1,33,749,0,8,0,0,1,3,0
0,39,0,12,0,1,0,1,39,1
1,98,150,12,36,0,1,1,24,1
1,99,779,21,40,0,1,1,9,1
0,38,0,2,0,0,0,1,7,0
0,10,0,2,0,0,0,1,11,0
1,3,693,0,3,0,0,1,9,0
1,15,753,1,0,0,0,1,9,0
1,18,650,0,7,0,0,1,11,0
0,21,0,3,0,0,0,0,51,1
1,11,242,1,8,0,0,1,22,0
0,49,0,0,0,0,0,1,13,0
1,39,115,3,7,0,0,0,93,1
0,22,0,5,0,0,0,0,74,1
0,40,0,1,0,0,0,1,19,0
0,12,0,1,0,0,0,0,6,0
1,16,0,0,0,0,0,1,399,1
0,50,0,1,0,0,0,1,25,0
0,9,0,1,0,0,0,1,22,0
1,42,201,1,8,0,0,1,7,0
0,73,0,5,0,1,0,1,17,1
1,15,14,2,7,0,0,1,5,0
0,11,0,1,0,0,0,1,19,0
1,43,810,2,2,0,0,1,8,0
1,24,214,1,2,0,0,1,25,0
0,40,0,0,0,0,0,1,12,0
0,26,0,2,0,0,0,1,8,0
1,136,180,11,34,0,1,1,24,1
1,35,54,0,5,0,0,1,5,0
1,20,0,1,0,0,0,1,548,1
1,0,153,1,4,0,0,1,12,0
0,15,0,2,0,0,0,1,710,1
0,21,0,2,0,0,0,1,11,0
0,121,0,25,0,0,1,0,5,1
0,28,0,0,0,0,0,1,5,0
1,46,705,22,30,0,1,0,21,1
0,25,0,0,0,0,0,1,13,0
0,18,0,0,0,0,0,1,24,0
1,28,820,2,4,0,0,1,2,0
1,0,922,2,2,0,0,1,4,0
0,37,0,0,0,0,0,1,22,0
1,40,530,15,21,0,1,0,39,1
1,57,426,16,37,0,1,1,28,1
0,22,0,0,0,0,0,1,7,0
0,20,0,6,0,1,0,1,32,1
0,25,0,0,0,0,0,1,12,0
0,26,0,2,0,0,0,1,12,0
1,61,595,24,18,0,1,0,9,1
1,50,239,1,9,0,0,1,21,0
0,4,0,3,0,0,0,0,116,1
1,125,520,24,11,0,1,0,38,1
0,17,0,0,0,0,0,0,418,1
0,2,0,2,0,0,0,1,24,0
1,25,204,0,5,0,0,1,12,0
1,27,625,2,10,0,0,1,8,0
1,42,398,2,2,0,0,1,23,0
1,28,578,0,8,0,0,1,22,0
1,13,97,2,4,0,0,1,20,0
0,11,0,2,0,0,0,1,23,0
0,9,0,1,0,0,0,1,19,0
1,47,781,2,2,0,0,1,1,0
1,28,854,0,4,0,0,1,13,0
1,11,319,0,1,0,0,1,5,0
0,24,0,0,0,0,0,1,3,0
0,195,0,19,0,0,1,1,39,1
1,65,160,8,17,1,0,0,34,1
1,4,0,1,0,0,0,1,775,1
0,32,0,1,0,0,0,0,77,1
0,21,0,2,0,0,0,1,24,0
1,44,926,2,7,0,0,1,7,0
1,39,637,0,0,0,0,1,19,0
0,16,0,2,0,0,0,1,12,0
1,21,564,0,8,0,0,1,8,0
0,38,0,0,0,0,0,1,24,0
1,6,20,4,9,0,0,0,101,1
0,114,0,6,0,1,0,0,27,1
0,15,0,1,0,0,0,1,23,0
1,12,69,2,0,0,0,1,11,0
1,64,236,18,40,0,1,1,37,1
1,50,941,0,4,0,0,1,19,0
0,99,0,11,0,1,0,1,12,1
0,139,0,11,0,1,0,0,31,1
1,7,0,1,0,0,0,0,304,1
1,36,403,0,9,0,0,1,16,0
1,40,498,15,16,0,1,0,5,1
1,1,104,2,1,0,0,1,17,0
0,47,0,0,0,0,0,1,8,0
0,19,0,2,0,0,0,1,9,0
1,9,0,0,0,0,0,1,626,1
1,4,784,2,10,0,0,1,19,0
1,1,775,2,1,0,0,1,13,0
0,11,0,2,0,0,0,1,16,0
0,32,0,0,0,0,0,1,5,0
0,15,0,4,0,0,0,0,101,1
1,55,599,17,10,0,1,1,38,1
0,20,0,0,0,0,0,1,22,0
1,30,281,1,4,0,0,1,20,0
0,21,0,2,0,0,0,1,4,0
1,40,138,0,5,0,0,0,54,1
0,108,0,6,0,1,0,0,6,1
0,143,0,15,0,0,1,1,13,1
0,7,0,2,0,0,0,0,20,0
1,37,686,2,7,0,0,1,12,0
1,14,0,0,0,0,0,1,582,1
0,44,0,1,0,0,0,1,24,0
1,19,127,0,2,0,0,0,142,1
1,21,149,1,4,0,0,0,58,1
1,9,671,1,10,0,0,1,6,0
0,1,0,1,0,0,0,1,508,1
1,38,636,1,9,0,0,1,7,0
0,173,0,8,0,0,1,0,29,1
1,1,0,1,0,0,0,0,789,1
1,24,86,2,6,0,0,1,3,0
1,10,47,5,3,0,0,0,104,1
0,14,0,0,0,0,0,1,4,0
1,154,459,21,18,0,1,1,10,1
1,0,114,1,9,0,0,0,95,1
0,139,0,24,0,0,1,1,28,1
1,17,159,5,6,0,0,0,142,1
0,8,0,0,0,0,0,1,23,0
0,27,0,1,0,0,0,0,131,1
1,168,271,19,27,0,1,0,21,1
0,18,0,1,0,0,0,1,8,0
1,48,16,5,0,0,0,0,66,1
0,39,0,1,0,0,0,1,11,0
0,43,0,2,0,0,0,1,19,0
0,31,0,1,0,0,0,1,8,0
0,13,0,2,0,0,0,1,2,0
0,32,0,1,0,0,0,1,11,0
0,41,0,1,0,0,0,1,24,0
1,42,475,0,8,0,0,1,13,0
0,9,0,1,0,0,0,1,6,0
1,142,506,25,28,0,1,0,10,1
1,2,124,2,4,0,0,1,25,0
1,24,963,1,9,0,0,1,19,0
1,4,105,2,4,0,0,1,6,0
0,6,0,1,0,0,0,1,7,0
0,43,0,2,0,0,0,1,5,0
0,42,0,1,0,0,0,1,16,0
1,49,39,0,5,0,0,1,13,0
1,143,98,5,12,1,0,0,8,1
0,45,0,0,0,0,0,1,23,0
0,29,0,5,0,1,0,0,19,1
1,12,175,4,7,0,0,0,119,1
0,42,0,2,0,0,0,0,68,1
1,34,821,2,6,0,0,1,24,0
0,1,0,2,0,0,0,1,646,1
0,49,0,2,0,0,0,1,22,0
1,24,561,0,9,0,0,0,1,0
1,47,285,2,8,0,0,1,9,0
1,39,210,1,9,0,0,1,13,0
0,23,0,1,0,0,0,1,24,0
1,43,149,0,2,0,0,1,16,0
0,50,0,1,0,0,0,1,19,0
0,28,0,1,0,0,0,1,19,0
1,37,849,0,0,0,0,1,10,0
1,16,611,0,10,0,0,1,14,0
1,35,802,1,6,0,0,1,3,0
0,43,0,9,0,0,1,1,19,1
0,12,0,1,0,0,0,1,640,1
0,41,0,2,0,0,0,1,18,0
0,18,0,1,0,0,0,0,490,1
0,37,0,1,0,0,0,1,14,0
0,43,0,2,0,0,0,1,17,0
1,32,834,1,9,0,0,1,24,0
1,34,50,1,1,0,0,0,93,1
0,4,0,2,0,0,0,1,2,0
1,0,731,1,1,0,0,1,17,0
0,26,0,5,0,0,0,0,143,1
1,20,0,1,0,0,0,1,598,1
1,18,0,1,0,0,0,1,373,1
1,3,93,0,5,0,0,1,10,0
1,29,42,0,2,0,0,1,13,0
1,2,349,1,0,0,0,1,7,0
1,3,0,0,0,0,0,1,496,1
1,180,618,21,30,0,1,0,31,1
1,43,590,2,8,0,0,1,14,0
0,16,0,0,0,0,0,1,21,0
0,3,0,0,0,0,0,1,24,0
1,33,190,1,10,0,0,0,78,1
1,16,42,2,7,0,0,1,21,0
1,19,0,1,0,0,0,1,630,1
0,144,0,13,0,1,0,0,39,1
0,29,0,1,0,0,0,1,24,0
0,8,0,0,0,0,0,1,335,1
0,13,0,1,0,0,0,1,4,0
0,15,0,2,0,0,0,1,22,0
0,25,0,1,0,0,0,1,17,0
0,7,0,1,0,0,0,1,19,0
1,30,295,2,6,0,0,1,23,0
0,25,0,2,0,0,0,1,22,0
0,12,0,1,0,0,0,0,588,1
0,27,0,2,0,0,0,0,68,1
0,27,0,1,0,0,0,1,7,0
0,1,0,0,0,0,0,0,687,1
1,22,692,0,5,0,0,1,25,0
1,9,206,2,6,0,0,1,19,0
1,31,458,12,7,1,0,1,29,1
1,11,123,2,5,0,0,1,22,0
0,29,0,1,0,0,0,1,4,0
1,11,0,1,0,0,0,0,176,1
1,48,593,2,7,0,0,1,1,0
1,5,887,0,4,0,0,1,1,0
1,1,339,2,6,0,0,1,3,0
0,50,0,0,0,0,0,1,8,0
0,8,0,1,0,0,0,1,13,0
1,196,401,18,26,0,1,0,35,1
0,44,0,1,0,0,0,1,2,0
1,21,629,2,0,0,0,1,13,0
0,123,0,7,0,1,0,1,24,1
1,25,409,2,2,0,0,1,1,0
1,9,441,0,6,0,0,1,19,0
1,3,164,2,0,0,0,1,6,0
0,13,0,2,0,0,0,1,742,1
0,60,0,13,0,0,1,1,12,1
0,39,0,2,0,0,0,1,1,0
1,17,611,1,6,0,0,1,16,0
1,47,189,4,3,0,0,0,148,1
0,3,0,0,0,0,0,1,12,0
0,4,0,2,0,0,0,1,3,0
1,18,911,2,2,0,0,1,5,0
1,7,998,0,8,0,0,1,1,0
1,74,416,12,14,1,0,1,40,1
1,96,399,11,5,1,0,0,10,1
0,34,0,2,0,0,0,1,25,0
1,95,422,9,15,0,1,0,5,1
1,13,0,2,0,0,0,0,413,1
0,38,0,2,0,0,0,1,8,0
1,6,889,2,3,0,0,1,18,0
0,42,0,0,0,0,0,1,2,0
1,18,429,0,3,0,0,1,16,0
1,14,100,4,3,0,0,0,122,1
0,16,0,1,0,0,0,1,613,1
0,16,0,1,0,0,0,1,437,1
0,2,0,5,0,0,0,0,114,1
1,2,0,2,0,0,0,1,306,1
1,0,862,1,1,0,0,1,2,0
1,41,821,1,9,0,0,1,11,0
0,8,0,0,0,0,0,1,6,0
1,40,154,6,7,1,0,1,20,1
0,40,0,4,0,0,0,0,64,1
0,39,0,0,0,0,0,1,14,0
1,23,933,2,1,0,0,1,21,0
0,7,0,1,0,0,0,1,16,0
1,35,295,2,9,0,0,1,25,0
1,24,533,1,2,0,0,1,15,0
0,24,0,0,0,0,0,1,8,0
1,99,92,13,20,1,0,0,23,1
0,34,0,0,0,0,0,1,21,0
1,13,93,5,4,0,0,0,88,1
0,44,0,13,0,0,1,1,13,1
1,0,466,1,9,0,0,1,5,0
1,75,258,13,13,1,0,1,17,1
0,27,0,2,0,0,0,1,15,0
1,50,234,1,4,0,0,1,8,0
0,3,0,1,0,0,0,0,343,1
1,17,698,0,0,0,0,1,25,0
0,1,0,2,0,0,0,0,450,1
1,20,422,1,5,0,0,1,2,0
1,15,648,0,3,0,0,1,25,0
0,46,0,2,0,0,0,1,12,0
1,26,907,2,8,0,0,1,23,0
1,29,164,1,0,0,0,1,7,0
0,41,0,2,0,0,0,1,4,0
0,17,0,2,0,0,0,1,634,1
1,140,174,7,20,1,0,0,25,1
0,1,0,0,0,0,0,1,21,0
0,18,0,1,0,0,0,1,1,0
0,9,0,2,0,0,0,0,70,1
1,58,394,11,5,1,0,1,21,1
0,16,0,2,0,0,0,0,9,0
0,21,0,1,0,0,0,1,20,0
0,18,0,3,0,0,0,0,141,1
1,40,137,2,10,0,0,1,16,0
1,25,902,0,1,0,0,1,18,0
0,24,0,0,0,0,0,1,2,0
0,40,0,0,0,0,0,1,23,0
1,31,554,1,5,0,0,1,3,0
1,13,798,2,10,0,0,1,2,0
0,15,0,1,0,0,0,1,18,0
0,17,0,2,0,0,0,0,473,1
0,9,0,0,0,0,0,0,17,0
1,9,418,1,6,0,0,1,8,0
1,1,196,2,4,0,0,1,15,0
1,42,632,1,10,0,0,1,19,0
0,39,0,1,0,0,0,1,25,0
0,0,0,1,0,0,0,1,24,0
1,175,313,9,23,0,1,1,31,1
0,37,0,4,0,0,0,0,91,1
1,47,725,1,3,0,0,1,23,0
1,48,15,2,10,0,0,1,13,0
0,101,0,17,0,0,1,1,38,1
1,17,98,0,2,0,0,1,7,0
1,16,563,0,3,0,0,1,11,0
1,20,108,2,1,0,0,1,15,0
0,6,0,1,0,0,0,1,11,0
1,146,364,15,17,1,0,1,20,1
1,111,179,6,6,1,0,0,22,1
0,4,0,2,0,0,0,1,6,0
0,34,0,0,0,0,0,1,12,0
0,154,0,16,0,0,1,1,17,1
0,73,0,18,0,0,1,1,11,1
1,8,830,2,10,0,0,1,20,0
0,21,0,4,0,0,0,0,115,1
1,21,798,0,5,0,0,1,11,0
1,5,842,2,1,0,0,1,18,0
0,57,0,10,0,0,1,1,28,1
1,19,987,1,1,0,0,1,2,0
1,2,14,1,1,0,0,1,1,0
1,47,305,2,6,0,0,1,10,0
0,126,0,9,0,1,0,0,19,1
1,25,888,1,6,0,0,1,12,0
0,3,0,1,0,0,0,0,673,1
0,36,0,1,0,0,0,1,23,0
1,30,128,1,9,0,0,1,7,0
0,17,0,2,0,0,0,1,21,0
1,21,291,0,3,0,0,1,7,0
0,45,0,0,0,0,0,1,25,0
1,28,494,2,9,0,0,1,1,0
1,24,22,2,3,0,0,1,3,0
1,4,635,1,10,0,0,1,11,0
1,31,70,2,1,0,0,0,104,1
0,27,0,2,0,0,0,1,1,0
1,181,786,18,24,0,1,1,22,1
1,26,105,0,6,0,0,1,18,0
0,3,0,1,0,0,0,0,156,1
0,128,0,13,0,1,0,1,9,1
1,10,0,0,0,0,0,1,361,1
1,46,180,1,5,0,0,1,14,0
0,23,0,2,0,0,0,1,24,0
0,38,0,2,0,0,0,1,20,0
0,9,0,2,0,0,0,1,16,0
1,49,107,2,9,0,0,1,18,0
0,15,0,1,0,0,0,0,136,1
1,14,607,1,5,0,0,1,23,0
0,51,0,5,0,1,0,1,33,1
1,32,983,1,6,0,0,1,15,0
1,6,371,2,3,0,0,1,17,0
0,14,0,1,0,0,0,1,4,0
0,123,0,9,0,1,0,0,28,1
0,34,0,0,0,0,0,1,20,0
1,13,734,0,4,0,0,1,20,0
0,54,0,6,0,1,0,1,20,1
0,46,0,0,0,0,0,1,15,0
1,33,85,2,5,0,0,1,5,0
1,50,996,1,9,0,0,1,3,0
0,43,0,1,0,0,0,1,19,0
0,6,0,2,0,0,0,1,8,0
0,12,0,0,0,0,0,0,529,1
0,29,0,0,0,0,0,1,13,0
0,150,0,25,0,0,1,1,10,1
1,39,562,2,9,0,0,1,24,0
0,98,0,9,0,1,0,0,18,1
0,38,0,0,0,0,0,1,19,0
0,43,0,0,0,0,0,1,2,0
1,8,971,0,0,0,0,1,10,0
0,17,0,2,0,0,0,1,16,0
0,50,0,7,0,1,0,1,14,1
1,15,991,2,10,0,0,1,2,0
0,25,0,2,0,0,0,1,2,0
0,40,0,2,0,0,0,1,14,0
1,27,853,0,4,0,0,1,22,0
0,46,0,0,0,0,0,1,14,0
0,16,0,0,0,0,0,1,22,0
0,6,0,2,0,0,0,1,15,0
0,6,0,1,0,0,0,1,24,0
1,194,280,16,32,0,1,0,10,1
1,2,998,2,5,0,0,1,8,0
1,49,350,2,10,0,0,1,20,0
1,5,537,1,4,0,0,1,5,0
1,42,582,2,8,0,0,1,14,0
0,142,0,14,0,0,1,1,35,1
1,26,263,1,4,0,0,1,12,0
0,17,0,0,0,0,0,1,8,0
0,44,0,1,0,0,0,1,24,0
0,19,0,1,0,0,0,1,22,0
0,38,0,2,0,0,0,1,22,0
0,17,0,1,0,0,0,1,20,0
1,10,480,0,9,0,0,1,19,0
0,163,0,21,0,0,1,1,8,1
0,186,0,22,0,0,1,1,13,1
1,93,411,10,14,1,0,0,24,1
0,14,0,0,0,0,0,0,71,1
1,63,432,14,12,1,0,0,21,1
1,56,211,20,31,0,1,0,30,1
1,61,241,10,34,0,1,1,31,1
0,12,0,1,0,0,0,1,16,0
0,43,0,1,0,0,0,1,13,0
0,18,0,2,0,0,0,0,594,1
1,37,81,17,33,0,1,1,21,1
0,29,0,1,0,0,0,1,8,0
1,37,367,8,12,1,0,0,37,1
1,13,744,0,7,0,0,1,5,0
1,44,105,9,16,1,0,1,18,1
1,19,448,0,1,0,0,1,4,0
0,50,0,0,0,0,0,1,13,0
1,16,600,0,6,0,0,0,22,0
0,10,0,0,0,0,0,1,17,0
1,41,186,0,10,0,0,0,56,1
1,49,807,0,0,0,0,1,21,0
0,2,0,0,0,0,0,1,616,1
1,15,124,0,9,0,0,1,12,0
0,0,0,0,0,0,0,1,4,0
1,198,365,12,19,0,1,1,24,1
1,31,555,2,3,0,0,1,7,0
0,65,0,13,0,1,0,0,23,1
0,48,0,2,0,0,0,1,11,0
0,27,0,2,0,0,0,0,77,1
1,40,880,1,0,0,0,1,14,0
0,33,0,2,0,0,0,1,23,0
1,6,310,1,1,0,0,1,6,0
0,6,0,1,0,0,0,1,5,0
1,12,817,0,9,0,0,1,10,0
0,42,0,1,0,0,0,1,3,0
0,105,0,8,0,1,0,0,21,1
1,4,363,1,9,0,0,1,9,0
0,39,0,0,0,0,0,1,1,0
0,44,0,0,0,0,0,0,113,1
0,8,0,0,0,0,0,1,8,0
0,17,0,1,0,0,0,1,565,1
0,32,0,2,0,0,0,1,3,0
0,42,0,0,0,0,0,0,13,0
1,36,921,1,0,0,0,1,6,0
0,25,0,1,0,0,0,1,2,0
1,24,139,5,0,0,0,0,87,1
1,10,541,1,1,0,0,1,22,0
1,8,749,1,1,0,0,1,8,0
1,1,816,2,7,0,0,1,13,0
1,39,145,0,6,0,0,0,135,1
0,44,0,10,0,0,1,0,40,1
1,20,164,0,7,0,0,1,12,0
0,4,0,2,0,0,0,1,764,1
1,12,863,1,6,0,0,1,22,0
0,75,0,6,0,1,0,0,15,1
0,141,0,8,0,1,0,0,12,1
0,114,0,9,0,0,1,0,11,1
0,66,0,10,0,1,0,0,26,1
1,37,505,1,4,0,0,0,2,0
0,19,0,1,0,0,0,1,13,0
0,35,0,11,0,1,0,1,27,1
1,24,676,0,6,0,0,1,5,0
1,26,47,1,8,0,0,0,10,0
0,47,0,1,0,0,0,1,2,0
1,4,504,2,0,0,0,1,17,0
1,172,578,23,10,0,1,0,22,1
0,27,0,1,0,0,0,1,20,0
1,140,791,24,29,0,1,1,21,1
0,15,0,2,0,0,0,1,1,0
1,2,39,2,8,0,0,1,14,0
0,30,0,0,0,0,0,1,13,0
1,158,588,14,15,0,1,1,10,1
0,24,0,0,0,0,0,1,20,0
0,2,0,2,0,0,0,1,10,0
0,31,0,1,0,0,0,1,25,0
0,13,0,2,0,0,0,1,8,0
1,44,40,5,1,0,0,0,55,1
1,34,952,1,4,0,0,1,13,0
0,19,0,1,0,0,0,1,1,0
0,16,0,2,0,0,0,1,12,0
0,30,0,1,0,0,0,0,107,1
1,111,368,5,19,1,0,0,37,1
1,28,355,2,3,0,0,1,18,0
1,9,29,3,10,0,0,0,103,1
0,3,0,2,0,0,0,1,11,0
1,47,812,1,2,0,0,1,4,0
1,48,384,0,8,0,0,1,18,0
1,13,24,4,8,0,0,0,98,1
1,13,194,4,0,0,0,0,116,1
1,16,915,0,5,0,0,1,4,0
1,4,528,0,6,0,0,1,11,0
1,36,52,1,7,0,0,0,61,1
0,22,0,2,0,0,0,1,20,0
0,43,0,5,0,0,0,0,68,1
0,13,0,1,0,0,0,1,11,0
1,25,720,2,7,0,0,1,24,0
1,55,598,17,21,0,1,1,27,1
1,36,215,2,2,0,0,1,10,0
0,14,0,2,0,0,0,1,10,0
0,8,0,0,0,0,0,1,9,0
0,50,0,1,0,0,0,1,7,0
1,141,242,6,5,1,0,0,18,1
1,12,0,0,0,0,0,0,741,1
0,18,0,0,0,0,0,0,99,1
0,25,0,2,0,0,0,1,10,0
1,79,294,6,20,1,0,1,38,1
1,141,635,12,14,0,1,1,37,1
1,105,521,20,26,0,1,1,14,1
0,124,0,8,0,1,0,1,15,1
1,15,814,0,5,0,0,1,17,0
1,37,75,5,1,0,0,0,139,1
1,15,0,1,0,0,0,0,729,1
0,28,0,1,0,0,0,0,24,0
1,4,320,2,5,0,0,1,25,0
1,32,117,1,7,0,0,1,18,0
1,20,833,0,10,0,0,1,9,0
0,2,0,1,0,0,0,1,5,0
0,18,0,2,0,0,0,1,383,1
0,29,0,5,0,0,0,0,74,1
0,50,0,1,0,0,0,1,19,0
1,31,707,1,2,0,0,1,15,0
1,190,344,12,19,0,1,0,34,1
0,32,0,2,0,0,0,0,111,1
0,31,0,1,0,0,0,1,5,0
1,21,78,0,0,0,0,0,117,1
1,48,115,0,2,0,0,1,9,0
1,73,479,12,12,1,0,1,39,1
1,134,150,11,26,0,1,0,12,1
0,0,0,0,0,0,0,1,25,0
1,57,198,14,5,1,0,1,26,1
1,40,312,0,5,0,0,1,5,0
1,63,81,25,37,0,1,1,17,1
0,37,0,9,0,1,0,1,11,1
0,14,0,0,0,0,0,1,10,0
0,11,0,1,0,0,0,1,22,0
0,32,0,0,0,0,0,1,14,0
1,31,497,22,12,0,1,0,22,1
1,30,845,1,0,0,0,1,1,0
0,36,0,0,0,0,0,1,23,0
1,6,36,2,8,0,0,1,4,0
0,40,0,2,0,0,0,1,18,0
0,30,0,0,0,0,0,1,22,0
0,17,0,0,0,0,0,1,25,0
0,135,0,5,0,1,0,0,17,1
0,33,0,0,0,0,0,1,5,0
0,26,0,0,0,0,0,1,20,0
0,10,0,0,0,0,0,1,3,0
1,44,13,1,0,0,0,1,14,0
1,41,324,1,1,0,0,1,15,0
1,28,61,0,7,0,0,1,9,0
1,15,0,0,0,0,0,1,243,1
1,1,88,5,7,0,0,0,136,1
0,80,0,10,0,0,1,1,18,1
1,29,177,2,10,0,0,0,51,1
1,11,880,0,5,0,0,1,3,0
0,28,0,1,0,0,0,1,5,0
0,16,0,2,0,0,0,0,63,1
1,37,585,2,3,0,0,1,6,0
0,11,0,3,0,0,0,0,108,1
1,30,251,2,2,0,0,1,1,0
0,43,0,2,0,0,0,1,3,0
1,0,924,0,4,0,0,1,4,0
1,19,944,1,5,0,0,1,6,0
1,12,810,1,2,0,0,1,21,0
1,130,164,10,33,0,1,0,29,1
1,49,45,2,0,0,0,1,10,0
0,46,0,0,0,0,0,1,21,0
1,157,299,21,21,0,1,0,29,1
1,34,860,1,3,0,0,1,9,0
1,32,28,3,4,0,0,0,64,1
0,50,0,1,0,0,0,1,4,0
0,38,0,2,0,0,0,1,4,0
0,126,0,11,0,1,0,0,17,1
0,1,0,1,0,0,0,1,22,0
0,9,0,2,0,0,0,1,10,0
1,31,706,2,10,0,0,1,25,0
1,35,342,2,3,0,0,1,23,0
0,2,0,0,0,0,0,1,464,1
0,43,0,0,0,0,0,1,17,0
1,7,363,1,8,0,0,1,24,0
0,3,0,0,0,0,0,0,65,1
0,30,0,0,0,0,0,1,3,0
1,46,173,7,15,1,0,1,36,1
0,47,0,2,0,0,0,1,9,0
0,10,0,1,0,0,0,1,23,0
0,45,0,1,0,0,0,0,70,1
1,14,127,3,8,0,0,0,51,1
0,29,0,0,0,0,0,1,21,0
0,37,0,1,0,0,0,1,12,0
0,141,0,13,0,1,0,1,36,1
1,7,400,1,6,0,0,1,4,0
0,44,0,2,0,0,0,1,7,0
1,37,623,0,9,0,0,1,12,0
1,38,121,2,7,0,0,0,1,0
1,62,445,8,35,0,1,0,24,1
0,10,0,0,0,0,0,1,7,0
1,17,193,0,6,0,0,1,12,0
0,1,0,0,0,0,0,1,13,0
0,33,0,0,0,0,0,1,22,0
0,22,0,1,0,0,0,1,1,0
0,117,0,10,0,1,0,0,40,1
0,27,0,0,0,0,0,1,9,0
0,19,0,0,0,0,0,1,466,1
1,44,231,9,11,1,0,0,8,1
0,45,0,2,0,0,0,1,3,0
0,1,0,2,0,0,0,1,15,0
1,32,77,2,3,0,0,0,52,1
0,58,0,11,0,1,0,0,7,1
0,16,0,2,0,0,0,1,22,0
0,7,0,1,0,0,0,1,21,0
0,43,0,2,0,0,0,1,17,0
1,43,128,2,10,0,0,0,7,0
1,6,0,0,0,0,0,0,338,1
0,47,0,1,0,0,0,0,12,0
0,32,0,0,0,0,0,1,10,0
0,14,0,1,0,0,0,1,15,0
0,96,0,15,0,1,0,1,21,1
0,28,0,8,0,1,0,0,33,1
0,15,0,0,0,0,0,1,6,0
1,68,54,12,5,1,0,1,31,1
0,27,0,1,0,0,0,1,6,0
1,19,0,0,0,0,0,1,23,0
0,32,0,1,0,0,0,1,12,0
0,10,0,2,0,0,0,1,3,0
0,177,0,9,0,0,1,1,39,1
1,41,27,1,4,0,0,0,120,1
0,69,0,14,0,1,0,1,25,1
1,32,12,0,8,0,0,1,1,0
1,47,320,8,10,1,0,1,19,1
1,14,981,2,8,0,0,1,22,0
0,18,0,0,0,0,0,1,503,1
0,43,0,1,0,0,0,1,23,0
0,29,0,0,0,0,0,1,7,0
1,49,932,0,3,0,0,1,10,0
0,3,0,4,0,0,0,0,77,1
0,27,0,0,0,0,0,1,1,0
0,49,0,1,0,0,0,1,1,0
0,34,0,0,0,0,0,1,23,0
1,64,761,21,40,0,1,0,9,1
0,45,0,1,0,0,0,1,16,0
0,8,0,0,0,0,0,1,6,0
0,15,0,1,0,0,0,1,21,0
1,26,337,0,4,0,0,1,20,0
0,29,0,2,0,0,0,1,25,0
1,6,86,2,10,0,0,1,22,0
1,3,452,2,3,0,0,1,2,0
1,40,376,2,0,0,0,1,13,0
1,36,56,5,6,0,0,0,132,1
1,148,278,6,17,1,0,1,27,1
1,112,342,11,13,1,0,0,38,1
0,40,0,2,0,0,0,1,8,0
1,7,0,1,0,0,0,1,641,1
1,38,941,2,9,0,0,0,15,0
1,48,453,0,3,0,0,1,11,0
0,34,0,2,0,0,0,1,22,0
1,36,123,0,3,0,0,1,9,0
0,50,0,1,0,0,0,1,12,0
1,17,662,1,0,0,0,1,17,0
0,73,0,12,0,1,0,1,31,1
0,26,0,2,0,0,0,1,16,0
0,46,0,2,0,0,0,1,12,0
1,46,278,0,4,0,0,1,6,0
0,44,0,5,0,0,0,0,100,1
1,7,0,0,0,0,0,1,598,1
0,35,0,2,0,0,0,1,3,0
1,24,857,2,3,0,0,1,13,0
1,47,67,0,5,0,0,1,12,0
1,102,493,8,8,1,0,1,8,1
0,27,0,0,0,0,0,1,11,0
1,43,493,1,8,0,0,1,22,0
1,38,61,2,8,0,0,0,123,1
1,13,257,2,10,0,0,1,23,0
1,64,352,8,6,1,0,0,16,1
0,21,0,8,0,1,0,0,20,1
1,43,881,2,3,0,0,1,19,0
1,141,100,5,16,1,0,0,6,1
1,11,697,2,3,0,0,1,20,0
1,38,136,2,3,0,0,1,10,0
1,26,927,2,6,0,0,1,20,0
1,21,401,0,1,0,0,1,1,0
1,2,485,1,8,0,0,1,9,0
0,50,0,0,0,0,0,1,11,0
0,2,0,1,0,0,0,1,7,0
1,6,115,1,1,0,0,1,12,0
0,3,0,1,0,0,0,1,25,0
1,7,663,2,6,0,0,1,17,0
1,42,204,2,1,0,0,1,13,0
1,45,218,1,6,0,0,1,14,0
0,29,0,1,0,0,0,1,24,0
0,1,0,0,0,0,0,1,286,1
1,7,310,2,0,0,0,1,8,0
0,134,0,5,0,1,0,1,5,1
1,7,361,2,0,0,0,1,15,0
0,6,0,0,0,0,0,1,664,1
1,25,28,2,3,0,0,1,3,0
0,28,0,0,0,0,0,1,11,0
1,21,424,2,10,0,0,1,13,0
1,50,230,2,10,0,0,1,19,0
0,4,0,1,0,0,0,1,17,0
0,89,0,13,0,1,0,1,31,1
1,36,967,2,4,0,0,1,12,0
0,25,0,0,0,0,0,1,6,0
1,39,373,0,5,0,0,1,23,0
0,34,0,0,0,0,0,1,14,0
1,39,107,2,6,0,0,0,114,1
1,0,964,1,2,0,0,1,10,0
1,16,856,0,4,0,0,1,12,0
1,42,321,1,10,0,0,1,11,0
1,40,474,1,5,0,0,1,18,0
0,42,0,1,0,0,0,1,3,0
0,45,0,2,0,0,0,1,9,0
0,80,0,14,0,1,0,0,40,1
0,27,0,0,0,0,0,1,11,0
0,18,0,1,0,0,0,1,5,0
1,49,494,1,7,0,0,0,16,0
1,30,15,1,4,0,0,1,8,0
1,16,609,0,8,0,0,1,11,0
0,74,0,22,0,0,1,0,39,1
1,20,0,2,0,0,0,0,202,1
1,9,706,2,9,0,0,1,10,0
1,10,218,2,8,0,0,1,13,0
0,148,0,23,0,0,1,1,31,1
1,5,2,1,3,0,0,0,17,0
0,46,0,1,0,0,0,1,14,0
0,39,0,2,0,0,0,1,21,0
0,15,0,1,0,0,0,0,121,1
1,33,87,2,5,0,0,1,17,0
1,32,680,2,1,0,0,1,3,0
0,9,0,1,0,0,0,1,23,0
0,43,0,0,0,0,0,1,7,0
0,11,0,0,0,0,0,1,20,0
1,179,493,25,30,0,1,1,37,1
1,28,34,5,7,0,0,0,127,1
0,117,0,12,0,1,0,0,10,1
1,39,107,1,3,0,0,1,22,0
1,0,745,0,3,0,0,1,1,0
1,38,284,1,0,0,0,1,24,0
1,8,749,2,3,0,0,1,11,0
1,40,236,0,0,0,0,1,16,0
0,39,0,1,0,0,0,1,19,0
0,16,0,1,0,0,0,1,24,0
1,40,580,2,10,0,0,1,12,0
1,98,272,12,19,1,0,0,9,1
0,48,0,0,0,0,0,0,69,1
1,10,487,2,7,0,0,1,19,0
1,37,236,2,0,0,0,1,20,0
1,1,76,0,5,0,0,1,25,0
0,33,0,0,0,0,0,1,21,0
1,14,728,0,9,0,0,1,17,0
0,40,0,2,0,0,0,1,3,0
0,140,0,11,0,1,0,0,40,1
1,55,125,16,21,0,1,0,9,1
1,35,126,1,8,0,0,1,6,0
1,23,441,6,16,1,0,0,31,1
1,6,756,1,2,0,0,0,25,0
0,24,0,0,0,0,0,1,13,0
0,1,0,1,0,0,0,1,476,1
1,48,51,0,8,0,0,1,25,0
1,157,440,16,27,0,1,0,5,1
1,39,635,2,0,0,0,1,14,0
1,21,208,0,9,0,0,1,11,0
1,44,722,0,5,0,0,1,15,0
0,28,0,2,0,0,0,1,15,0
1,141,184,21,34,0,1,1,10,1
1,145,485,14,7,1,0,0,17,1
0,50,0,2,0,0,0,1,1,0
0,14,0,2,0,0,0,1,13,0
0,35,0,1,0,0,0,1,15,0
0,24,0,1,0,0,0,1,5,0
1,3,0,2,0,0,0,1,536,1
0,25,0,2,0,0,0,1,1,0
1,190,799,23,18,0,1,0,22,1
1,52,425,14,19,1,0,0,5,1
0,28,0,1,0,0,0,1,3,0
0,43,0,0,0,0,0,1,2,0
1,4,141,1,3,0,0,0,56,1
0,46,0,2,0,0,0,1,19,0
0,19,0,1,0,0,0,1,12,0
1,35,469,2,9,0,0,0,18,0
1,3,221,2,3,0,0,1,4,0
1,41,515,1,10,0,0,1,24,0
0,158,0,24,0,0,1,1,6,1
0,23,0,1,0,0,0,1,19,0
0,39,0,0,0,0,0,0,19,0
0,22,0,2,0,0,0,1,5,0
1,32,942,0,3,0,0,1,7,0
1,47,464,1,9,0,0,1,3,0
1,136,56,10,8,1,0,1,5,1
1,127,617,9,16,0,1,0,37,1
0,14,0,2,0,0,0,1,14,0
0,54,0,12,0,1,0,1,9,1
0,37,0,1,0,0,0,1,11,0
1,29,379,1,7,0,0,1,13,0
1,47,471,0,0,0,0,1,8,0
1,50,481,13,5,1,0,0,12,1
0,38,0,4,0,0,0,0,72,1
0,120,0,13,0,1,0,1,38,1
1,48,92,4,8,0,0,0,149,1
0,19,0,0,0,0,0,1,16,0
1,10,441,0,5,0,0,1,4,0
1,8,651,2,10,0,0,1,13,0
1,35,441,2,7,0,0,1,22,0
0,184,0,19,0,0,1,1,32,1
1,40,289,1,9,0,0,1,24,0
0,175,0,9,0,0,1,0,15,1
0,108,0,12,0,0,1,1,29,1
1,17,457,2,4,0,0,1,17,0
0,16,0,1,0,0,0,1,9,0
0,5,0,2,0,0,0,1,23,0
1,18,194,0,10,0,0,1,2,0
1,5,398,2,10,0,0,1,1,0
0,46,0,1,0,0,0,0,50,1
0,25,0,2,0,0,0,1,2,0
0,10,0,1,0,0,0,0,233,1
0,2,0,0,0,0,0,1,25,0
0,9,0,0,0,0,0,1,13,0
0,40,0,2,0,0,0,1,21,0
0,15,0,1,0,0,0,1,2,0
1,16,234,2,0,0,0,0,15,0
0,106,0,10,0,1,0,0,15,1
0,35,0,2,0,0,0,1,11,0
0,18,0,3,0,0,0,0,104,1
0,132,0,12,0,1,0,0,30,1
0,48,0,2,0,0,0,0,5,0
0,4,0,2,0,0,0,1,2,0
0,15,0,1,0,0,0,0,22,0
0,13,0,0,0,0,0,1,11,0
0,40,0,2,0,0,0,0,79,1
0,23,0,1,0,0,0,1,1,0
1,26,160,1,10,0,0,0,125,1
1,20,666,0,6,0,0,1,5,0
0,26,0,0,0,0,0,1,11,0
1,37,363,0,1,0,0,1,5,0
1,39,177,3,0,0,0,0,69,1
0,36,0,1,0,0,0,0,53,1
0,1,0,1,0,0,0,1,161,1
1,21,14,2,8,0,0,1,15,0
0,99,0,22,0,0,1,1,16,1
0,141,0,8,0,1,0,0,23,1
1,147,60,13,9,1,0,0,10,1
1,48,1000,2,3,0,0,0,9,0
0,20,0,0,0,0,0,0,248,1
1,1,578,0,4,0,0,1,11,0
1,36,97,4,6,0,0,0,120,1
1,46,977,1,8,0,0,1,19,0
1,11,550,0,8,0,0,0,8,0
0,29,0,2,0,0,0,1,6,0
1,3,6,3,6,0,0,0,126,1
1,10,0,1,0,0,0,0,639,1
1,137,183,15,34,0,1,1,11,1
1,47,156,0,6,0,0,1,18,0
1,137,308,19,35,0,1,1,13,1
0,9,0,2,0,0,0,1,20,0
0,20,0,2,0,0,0,1,4,0
1,46,145,14,17,1,0,1,5,1
1,47,204,0,8,0,0,1,20,0
0,37,0,0,0,0,0,1,15,0
1,20,953,0,8,0,0,1,1,0
1,29,368,2,10,0,0,1,5,0
0,32,0,1,0,0,0,1,24,0
0,39,0,0,0,0,0,1,21,0
1,48,536,0,2,0,0,1,10,0
0,136,0,12,0,1,0,1,16,1
1,8,406,1,4,0,0,0,15,0
1,48,309,2,9,0,0,1,12,0
0,4,0,2,0,0,0,1,12,0
0,39,0,1,0,0,0,1,19,0
0,44,0,0,0,0,0,1,11,0
0,0,0,2,0,0,0,1,19,0
1,13,144,1,3,0,0,1,5,0
1,35,271,0,3,0,0,1,13,0
0,40,0,3,0,0,0,0,80,1
1,38,965,2,7,0,0,1,11,0
1,55,222,9,30,0,1,0,33,1
0,44,0,1,0,0,0,1,7,0
0,34,0,1,0,0,0,0,7,0
0,5,0,2,0,0,0,1,14,0
0,97,0,13,0,1,0,0,36,1
1,44,58,1,9,0,0,1,3,0
1,38,719,2,7,0,0,1,12,0
1,3,86,0,1,0,0,0,71,1
1,33,198,2,1,0,0,1,10,0
0,25,0,1,0,0,0,1,8,0
1,49,812,0,4,0,0,1,24,0
1,35,221,2,0,0,0,1,7,0
0,44,0,11,0,1,0,0,32,1
1,36,683,0,7,0,0,1,13,0
1,31,202,0,3,0,0,1,15,0
0,43,0,2,0,0,0,1,23,0
0,13,0,2,0,0,0,0,17,0
0,28,0,0,0,0,0,1,14,0
0,24,0,2,0,0,0,1,24,0
1,15,547,2,4,0,0,1,1,0
1,50,281,13,22,0,1,1,5,1
0,43,0,2,0,0,0,1,25,0
1,11,208,0,9,0,0,1,7,0
0,38,0,1,0,0,0,1,1,0
0,21,0,0,0,0,0,0,52,1
0,22,0,1,0,0,0,1,22,0
1,31,101,2,8,0,0,1,20,0
0,45,0,2,0,0,0,1,2,0
1,95,205,12,15,1,0,0,18,1
0,11,0,2,0,0,0,1,675,1
0,45,0,15,0,1,0,0,12,1
0,6,0,0,0,0,0,0,85,1
0,32,0,0,0,0,0,1,9,0
1,8,452,1,8,0,0,1,11,0
1,94,375,8,6,1,0,0,40,1
0,41,0,1,0,0,0,1,11,0
0,0,0,0,0,0,0,1,8,0
1,41,485,1,7,0,0,1,3,0
0,25,0,0,0,0,0,0,16,0
1,37,623,0,2,0,0,1,6,0
1,28,275,0,0,0,0,1,14,0
1,11,0,1,0,0,0,1,341,1
1,46,84,0,10,0,0,1,18,0
0,6,0,1,0,0,0,1,18,0
0,10,0,4,0,0,0,0,146,1
1,42,768,1,7,0,0,1,9,0
0,24,0,2,0,0,0,1,7,0
0,33,0,2,0,0,0,1,24,0
0,14,0,1,0,0,0,1,428,1
0,44,0,13,0,1,0,0,34,1
0,11,0,2,0,0,0,0,360,1
0,26,0,2,0,0,0,1,17,0
1,34,145,2,4,0,0,0,75,1
0,33,0,0,0,0,0,1,1,0
0,26,0,2,0,0,0,1,5,0
0,84,0,15,0,1,0,1,31,1
0,33,0,1,0,0,0,1,12,0
0,5,0,1,0,0,0,1,22,0
0,104,0,12,0,1,0,0,30,1
1,11,0,0,0,0,0,0,360,1
0,45,0,8,0,0,1,0,34,1
1,41,425,2,0,0,0,1,3,0
1,28,828,1,6,0,0,1,13,0
0,46,0,1,0,0,0,1,3,0
1,19,0,2,0,0,0,0,166,1
0,4,0,1,0,0,0,0,376,1
1,33,421,2,0,0,0,1,20,0
1,15,0,2,0,0,0,1,610,1
1,6,282,1,1,0,0,1,11,0
1,72,486,13,17,1,0,0,27,1
1,13,864,0,2,0,0,1,8,0
1,47,689,0,3,0,0,1,7,0
0,35,0,0,0,0,0,1,24,0
1,17,127,3,10,0,0,0,69,1
1,11,599,0,7,0,0,1,1,0
0,28,0,2,0,0,0,1,23,0
1,30,343,1,8,0,0,1,25,0
0,11,0,1,0,0,0,0,55,1
1,6,785,1,3,0,0,1,6,0
0,35,0,1,0,0,0,1,5,0
1,20,401,15,12,1,0,0,39,1
0,63,0,15,0,1,0,0,25,1
1,4,157,2,7,0,0,1,15,0
1,28,634,0,2,0,0,1,15,0
0,47,0,1,0,0,0,1,12,0
0,49,0,0,0,0,0,1,14,0
1,6,427,1,2,0,0,1,2,0
1,10,672,2,8,0,0,1,6,0
1,9,493,0,0,0,0,1,4,0
0,16,0,0,0,0,0,1,6,0
1,13,0,0,0,0,0,0,348,1
0,45,0,2,0,0,0,1,12,0
0,97,0,17,0,0,1,1,40,1
0,1,0,0,0,0,0,1,4,0
0,15,0,0,0,0,0,1,17,0
1,38,768,2,9,0,0,1,10,0
0,11,0,1,0,0,0,1,8,0
1,68,80,6,10,1,0,1,7,1
1,46,409,2,6,0,0,1,21,0
1,17,881,1,10,0,0,1,10,0
0,45,0,2,0,0,0,1,12,0
0,4,0,0,0,0,0,1,600,1
0,190,0,20,0,0,1,0,15,1
1,7,605,1,6,0,0,1,19,0
1,192,365,18,14,0,1,1,17,1
1,13,575,2,3,0,0,1,4,0
1,39,937,0,5,0,0,1,9,0
1,37,317,1,9,0,0,1,16,0
0,14,0,0,0,0,0,0,717,1
1,10,888,1,0,0,0,1,24,0
1,98,92,8,25,0,1,0,31,1
1,149,70,25,17,0,1,0,9,1
0,32,0,4,0,0,0,0,141,1
1,1,0,2,0,0,0,1,501,1
0,38,0,1,0,0,0,1,16,0
1,17,0,1,0,0,0,0,564,1
0,137,0,16,0,0,1,1,15,1
0,11,0,0,0,0,0,0,88,1
1,46,418,2,5,0,0,1,24,0
0,7,0,1,0,0,0,1,22,0
1,30,904,1,0,0,0,1,15,0
0,9,0,1,0,0,0,1,9,0
1,1,125,0,9,0,0,0,86,1
1,22,227,2,8,0,0,1,20,0
1,104,771,11,33,0,1,0,13,1
0,38,0,0,0,0,0,0,4,0
1,39,947,1,7,0,0,1,15,0
1,80,435,15,12,1,0,0,13,1
0,6,0,1,0,0,0,1,547,1
0,27,0,0,0,0,0,1,1,0
1,48,552,0,0,0,0,1,24,0
0,4,0,1,0,0,0,1,212,1
1,16,546,1,9,0,0,1,1,0
0,96,0,25,0,0,1,1,6,1
0,2,0,2,0,0,0,1,640,1
1,198,509,23,10,0,1,1,6,1
1,27,143,2,7,0,0,1,16,0
0,42,0,1,0,0,0,1,12,0
0,38,0,0,0,0,0,1,19,0
1,5,398,1,7,0,0,1,3,0
0,81,0,11,0,1,0,1,22,1
0,9,0,1,0,0,0,1,392,1
1,8,830,1,9,0,0,1,21,0
0,16,0,0,0,0,0,1,6,0
1,3,0,2,0,0,0,1,452,1
1,34,7,2,0,0,0,1,3,0
1,24,837,1,5,0,0,1,2,0
1,39,68,5,0,0,0,0,80,1
0,25,0,2,0,0,0,0,8,0
0,31,0,0,0,0,0,1,9,0
0,6,0,0,0,0,0,1,607,1
1,5,0,1,0,0,0,1,732,1
0,26,0,1,0,0,0,1,15,0
1,7,817,2,8,0,0,1,16,0
0,39,0,1,0,0,0,1,14,0
0,14,0,2,0,0,0,1,690,1
1,18,962,2,8,0,0,1,5,0
0,102,0,18,0,0,1,1,37,1
0,2,0,2,0,0,0,0,572,1
0,75,0,14,0,1,0,0,17,1
0,44,0,25,0,0,1,1,29,1
0,15,0,1,0,0,0,1,20,0
0,35,0,1,0,0,0,1,22,0
0,39,0,0,0,0,0,1,25,0
0,25,0,0,0,0,0,1,13,0
1,12,509,2,7,0,0,1,3,0
0,35,0,2,0,0,0,1,21,0
0,24,0,2,0,0,0,1,11,0
1,47,446,0,0,0,0,1,5,0
1,37,266,0,8,0,0,1,9,0
1,44,339,2,0,0,0,1,8,0
1,15,797,1,0,0,0,0,25,0
1,5,0,1,0,0,0,0,372,1
1,9,181,1,4,0,0,1,21,0
0,1,0,2,0,0,0,1,6,0
0,42,0,10,0,1,0,0,34,1
0,82,0,13,0,1,0,0,14,1
1,30,845,0,6,0,0,1,14,0
1,19,688,2,9,0,0,1,4,0
0,1,0,0,0,0,0,1,22,0
1,75,327,15,16,1,0,1,22,1
1,37,704,0,9,0,0,1,16,0
0,7,0,2,0,0,0,1,17,0
0,7,0,0,0,0,0,1,15,0
1,2,534,1,0,0,0,0,14,0
0,11,0,0,0,0,0,1,4,0
1,16,480,1,7,0,0,1,20,0
0,19,0,5,0,0,0,0,141,1
1,22,766,2,0,0,0,1,18,0
1,36,705,2,1,0,0,1,12,0
0,3,0,1,0,0,0,1,18,0
1,17,0,0,0,0,0,0,166,1
1,26,289,2,0,0,0,1,20,0
1,25,31,2,1,0,0,1,19,0
0,46,0,2,0,0,0,1,6,0
1,29,60,3,1,0,0,0,62,1
0,95,0,14,0,1,0,1,31,1
0,37,0,1,0,0,0,1,22,0
0,48,0,9,0,0,1,0,25,1
0,2,0,2,0,0,0,1,12,0
1,34,281,9,19,1,0,1,11,1
1,19,0,2,0,0,0,1,596,1
0,14,0,2,0,0,0,1,13,0
1,15,863,1,7,0,0,1,18,0
0,11,0,1,0,0,0,1,556,1
0,2,0,1,0,0,0,0,701,1
1,167,513,16,36,0,1,1,29,1
1,25,818,1,6,0,0,1,5,0
1,11,164,1,5,0,0,1,18,0
0,25,0,1,0,0,0,1,9,0
1,11,19,0,8,0,0,0,74,1
0,3,0,1,0,0,0,1,23,0
0,40,0,1,0,0,0,1,5,0
1,40,397,2,0,0,0,1,1,0
0,36,0,2,0,0,0,1,17,0
1,83,219,5,13,1,0,0,37,1
1,50,959,1,3,0,0,1,11,0
0,18,0,2,0,0,0,1,20,0
0,19,0,0,0,0,0,1,25,0
1,16,337,0,4,0,0,1,12,0
1,33,210,1,2,0,0,1,9,0
1,18,95,4,1,0,0,0,130,1
1,42,666,2,6,0,0,0,5,0
0,36,0,1,0,0,0,1,20,0
0,33,0,1,0,0,0,1,13,0
0,9,0,0,0,0,0,1,24,0
1,32,314,0,6,0,0,1,10,0
0,12,0,2,0,0,0,0,209,1
1,27,896,0,6,0,0,1,9,0
1,24,86,5,10,0,0,0,118,1
1,15,54,3,5,0,0,0,77,1
1,18,66,5,5,0,0,0,93,1
0,45,0,6,0,1,0,0,7,1
0,80,0,12,0,1,0,1,8,1
1,30,239,0,8,0,0,1,18,0
1,43,368,2,9,0,0,1,20,0
0,28,0,1,0,0,0,1,24,0
0,10,0,1,0,0,0,1,9,0
1,32,20,2,6,0,0,0,96,1
1,21,797,1,1,0,0,1,7,0
0,37,0,1,0,0,0,1,15,0
0,12,0,1,0,0,0,1,13,0
0,16,0,2,0,0,0,1,15,0
1,47,194,0,10,0,0,0,51,1
0,17,0,0,0,0,0,1,726,1
1,40,696,1,1,0,0,1,5,0
0,15,0,2,0,0,0,1,150,1
1,8,564,2,7,0,0,1,22,0
1,18,997,2,6,0,0,1,1,0
0,18,0,1,0,0,0,0,533,1
0,38,0,10,0,1,0,0,35,1
1,26,260,0,9,0,0,1,10,0
0,16,0,1,0,0,0,1,24,0
1,15,179,4,7,0,0,0,134,1
1,1,274,0,4,0,0,1,8,0
1,32,271,2,0,0,0,1,9,0
0,4,0,2,0,0,0,1,605,1
1,107,442,25,18,0,1,0,21,1
0,16,0,4,0,0,0,0,133,1
0,2,0,3,0,0,0,0,120,1
1,14,710,2,5,0,0,1,18,0
0,40,0,2,0,0,0,1,17,0
1,28,291,1,4,0,0,1,5,0
1,3,21,2,2,0,0,1,18,0
1,17,762,0,10,0,0,1,25,0
1,16,535,2,5,0,0,1,14,0
0,37,0,0,0,0,0,1,25,0
0,121,0,15,0,1,0,0,22,1
1,3,685,2,10,0,0,1,3,0
1,8,219,2,3,0,0,1,5,0
0,4,0,2,0,0,0,1,695,1
1,44,968,2,5,0,0,1,3,0
1,77,213,7,10,1,0,1,19,1
0,14,0,2,0,0,0,1,4,0
1,21,132,0,6,0,0,1,14,0
0,138,0,25,0,0,1,0,6,1
1,7,481,2,3,0,0,1,21,0
1,2,836,0,4,0,0,1,23,0
1,44,194,0,2,0,0,1,23,0
1,0,415,1,0,0,0,1,7,0
0,63,0,10,0,1,0,0,34,1
0,28,0,2,0,0,0,1,16,0
0,118,0,18,0,0,1,1,28,1
0,72,0,19,0,0,1,1,13,1
1,38,78,0,7,0,0,0,145,1
0,25,0,1,0,0,0,1,10,0
1,34,807,0,7,0,0,1,25,0
1,27,794,1,6,0,0,1,4,0
1,42,311,1,1,0,0,1,20,0
0,19,0,0,0,0,0,1,15,0
1,160,692,23,10,0,1,1,14,1
0,31,0,2,0,0,0,1,14,0
1,44,877,0,5,0,0,1,11,0
1,30,457,2,7,0,0,1,11,0
1,19,65,2,2,0,0,1,20,0
0,46,0,0,0,0,0,1,1,0
1,45,724,0,10,0,0,1,12,0
0,29,0,1,0,0,0,1,2,0
0,25,0,0,0,0,0,1,7,0
1,132,356,23,20,0,1,0,10,1
0,35,0,2,0,0,0,1,12,0
1,35,470,1,6,0,0,1,19,0
0,78,0,14,0,1,0,1,7,1
0,49,0,0,0,0,0,1,5,0
0,29,0,1,0,0,0,1,13,0
1,70,459,6,15,1,0,0,13,1
1,6,253,2,0,0,0,1,22,0
1,5,0,2,0,0,0,1,773,1
0,27,0,2,0,0,0,1,12,0
0,15,0,1,0,0,0,1,7,0
0,7,0,1,0,0,0,1,4,0
0,32,0,2,0,0,0,1,17,0
0,1,0,1,0,0,0,1,23,0
1,19,0,1,0,0,0,0,231,1
1,19,348,2,3,0,0,1,13,0
0,8,0,1,0,0,0,1,7,0
1,33,403,0,6,0,0,1,23,0
0,5,0,0,0,0,0,1,1,0
0,10,0,1,0,0,0,1,13,0
1,1,766,0,4,0,0,1,3,0
1,39,500,0,6,0,0,1,24,0
0,38,0,2,0,0,0,1,24,0
1,30,536,2,6,0,0,1,24,0
1,19,0,2,0,0,0,1,588,1
1,13,40,1,5,0,0,1,14,0
1,9,0,0,0,0,0,1,519,1
0,198,0,22,0,0,1,0,40,1
0,9,0,0,0,0,0,0,65,1
1,16,180,1,0,0,0,1,21,0
0,9,0,2,0,0,0,1,7,0
0,50,0,1,0,0,0,1,12,0
0,5,0,1,0,0,0,1,24,0
1,94,238,15,18,1,0,1,19,1
1,5,0,1,0,0,0,0,751,1
0,51,0,13,0,1,0,1,16,1
1,29,657,2,6,0,0,1,25,0
1,25,74,0,8,0,0,0,147,1
1,17,0,2,0,0,0,0,183,1
0,34,0,0,0,0,0,1,6,0
0,46,0,2,0,0,0,1,16,0
1,46,770,1,4,0,0,1,11,0
1,28,125,1,8,0,0,1,25,0
1,120,232,14,6,1,0,0,25,1
0,25,0,0,0,0,0,1,7,0
1,10,0,1,0,0,0,1,261,1
0,19,0,0,0,0,0,1,21,0
0,47,0,0,0,0,0,0,76,1
1,8,146,2,4,0,0,1,10,0
0,8,0,2,0,0,0,1,251,1
1,25,315,2,1,0,0,1,6,0
0,8,0,1,0,0,0,1,1,0
1,1,700,2,7,0,0,1,7,0
1,1,581,2,2,0,0,1,23,0
0,140,0,10,0,1,0,1,37,1
0,71,0,8,0,1,0,0,16,1
1,113,230,5,16,1,0,1,6,1
0,2,0,0,0,0,0,1,2,0
1,41,614,0,8,0,0,1,20,0
1,41,1000,1,10,0,0,1,4,0
1,28,557,2,2,0,0,1,13,0
0,58,0,15,0,1,0,1,11,1
1,4,68,1,4,0,0,1,18,0
1,19,486,2,6,0,0,1,9,0
1,23,576,0,0,0,0,1,1,0
0,91,0,9,0,1,0,1,37,1
1,158,417,21,38,0,1,1,29,1
1,34,678,2,7,0,0,1,4,0
1,13,0,1,0,0,0,0,699,1
0,13,0,0,0,0,0,1,12,0
0,18,0,0,0,0,0,1,7,0
0,36,0,1,0,0,0,1,13,0
0,35,0,2,0,0,0,1,25,0
0,95,0,24,0,0,1,0,13,1
0,5,0,0,0,0,0,1,17,0
0,26,0,2,0,0,0,1,15,0
0,31,0,1,0,0,0,1,12,0
0,41,0,1,0,0,0,1,19,0
0,29,0,0,0,0,0,1,5,0
0,121,0,13,0,0,1,1,12,1
1,44,365,0,6,0,0,1,23,0
1,38,717,2,7,0,0,1,17,0
0,14,0,1,0,0,0,1,20,0
1,85,498,19,20,0,1,1,15,1
1,35,813,2,2,0,0,1,18,0
1,1,103,2,9,0,0,1,17,0
1,102,424,5,20,1,0,1,22,1
1,0,301,2,1,0,0,1,8,0
0,6,0,2,0,0,0,1,13,0
0,34,0,15,0,1,0,0,5,1
1,46,826,0,10,0,0,1,2,0
1,28,855,1,6,0,0,1,6,0
1,14,127,0,10,0,0,0,112,1
0,6,0,2,0,0,0,1,11,0
1,31,382,1,5,0,0,1,13,0
1,142,746,14,36,0,1,0,26,1
1,32,7,2,2,0,0,1,23,0
1,40,843,2,3,0,0,1,20,0
1,6,0,2,0,0,0,0,598,1
0,41,0,2,0,0,0,0,7,0
0,21,0,0,0,0,0,1,20,0
0,19,0,0,0,0,0,1,10,0
1,11,0,1,0,0,0,0,485,1
1,25,59,2,9,0,0,0,109,1
0,49,0,0,0,0,0,1,24,0
1,18,0,2,0,0,0,1,234,1
0,61,0,11,0,0,1,1,39,1
1,36,578,1,2,0,0,1,15,0
1,16,612,1,8,0,0,1,21,0
1,37,581,0,10,0,0,1,11,0
1,139,791,8,33,0,1,1,28,1
1,37,981,0,3,0,0,1,15,0
0,7,0,0,0,0,0,1,1,0
0,25,0,1,0,0,0,1,12,0
0,7,0,0,0,0,0,1,12,0
1,46,768,0,9,0,0,1,7,0
0,18,0,1,0,0,0,1,12,0
1,30,135,2,1,0,0,1,7,0
1,18,0,0,0,0,0,0,680,1
1,168,609,13,28,0,1,1,11,1
0,43,0,1,0,0,0,1,17,0
1,29,240,12,20,1,0,0,24,1
1,125,659,17,10,0,1,1,17,1
1,36,647,0,10,0,0,1,3,0
0,45,0,2,0,0,0,1,8,0
1,9,954,1,8,0,0,1,17,0
0,8,0,1,0,0,0,0,69,1
1,19,891,0,10,0,0,1,12,0
1,38,518,2,4,0,0,1,15,0
1,4,0,2,0,0,0,0,261,1
0,28,0,1,0,0,0,1,6,0
1,23,219,0,1,0,0,1,2,0
1,9,0,0,0,0,0,1,593,1
0,80,0,15,0,0,1,1,21,1
0,6,0,1,0,0,0,1,618,1
1,51,331,14,8,1,0,0,26,1
0,19,0,0,0,0,0,1,18,0
1,36,914,1,6,0,0,1,17,0
1,19,350,1,6,0,0,1,23,0
0,68,0,10,0,0,1,0,22,1
1,28,959,0,3,0,0,1,8,0
1,14,153,3,10,0,0,0,75,1
0,0,0,1,0,0,0,1,24,0
0,131,0,10,0,1,0,0,25,1
0,11,0,2,0,0,0,1,21,0
1,11,26,2,7,0,0,1,1,0
0,33,0,0,0,0,0,0,23,0
1,24,251,2,10,0,0,1,10,0
0,144,0,13,0,1,0,0,15,1
1,0,539,0,4,0,0,1,4,0
1,49,237,2,9,0,0,1,25,0
1,41,943,0,7,0,0,1,2,0
0,23,0,0,0,0,0,1,18,0
0,13,0,0,0,0,0,1,355,1
1,43,64,4,1,0,0,0,142,1
1,6,603,2,1,0,0,1,17,0
1,11,0,1,0,0,0,1,160,1
0,25,0,0,0,0,0,1,16,0
0,0,0,1,0,0,0,1,1,0
1,12,635,2,3,0,0,1,4,0
0,27,0,0,0,0,0,0,25,0
1,16,51,1,2,0,0,1,13,0
1,33,364,1,10,0,0,0,3,0
0,47,0,0,0,0,0,1,15,0
1,42,195,5,9,0,0,0,129,1
0,12,0,5,0,0,0,0,143,1
0,14,0,2,0,0,0,1,2,0
0,34,0,2,0,0,0,1,20,0
1,14,0,2,0,0,0,0,746,1
1,6,0,0,0,0,0,1,488,1
1,6,848,2,6,0,0,1,14,0
0,31,0,2,0,0,0,1,3,0
0,16,0,0,0,0,0,1,633,1
1,0,546,2,9,0,0,1,6,0
0,120,0,9,0,1,0,1,9,1
1,46,811,2,8,0,0,1,4,0
1,39,838,1,0,0,0,1,15,0
0,32,0,1,0,0,0,1,17,0
1,16,839,0,1,0,0,1,6,0
1,87,64,11,7,1,0,0,30,1
1,14,0,1,0,0,0,1,468,1
0,21,0,0,0,0,0,1,2,0
1,16,854,2,2,0,0,1,6,0
1,10,855,1,8,0,0,1,18,0
1,25,189,2,0,0,0,1,10,0
1,146,102,22,40,0,1,0,5,1
0,34,0,1,0,0,0,1,11,0
1,118,498,17,24,0,1,1,39,1
0,4,0,1,0,0,0,1,13,0
1,21,961,1,6,0,0,1,10,0
0,7,0,4,0,0,0,0,135,1
1,24,73,2,8,0,0,1,21,0
1,37,473,19,29,0,1,1,35,1
1,5,167,1,9,0,0,0,111,1
0,38,0,10,0,1,0,0,38,1
0,120,0,9,0,1,0,1,32,1
1,33,81,0,1,0,0,1,19,0
1,50,339,1,0,0,0,1,24,0
0,147,0,10,0,1,0,0,33,1
1,134,446,15,6,1,0,1,25,1
0,33,0,4,0,0,0,0,137,1
1,23,484,2,7,0,0,1,18,0
1,6,916,0,4,0,0,1,20,0
1,46,480,2,2,0,0,1,15,0
0,45,0,2,0,0,0,1,11,0
0,14,0,1,0,0,0,0,790,1
1,40,213,15,5,1,0,0,35,1
0,50,0,0,0,0,0,1,20,0
1,30,991,2,8,0,0,1,5,0
0,34,0,1,0,0,0,0,94,1
0,50,0,2,0,0,0,1,15,0
0,42,0,2,0,0,0,1,15,0
0,15,0,1,0,0,0,1,22,0
0,4,0,2,0,0,0,1,357,1
0,44,0,1,0,0,0,0,101,1
0,14,0,0,0,0,0,1,13,0
0,42,0,0,0,0,0,1,25,0
0,16,0,0,0,0,0,1,22,0
0,14,0,3,0,0,0,0,53,1
0,15,0,1,0,0,0,0,325,1
0,24,0,0,0,0,0,1,17,0
0,23,0,1,0,0,0,1,11,0
1,42,182,2,3,0,0,1,18,0
1,10,89,1,4,0,0,0,89,1
1,20,0,0,0,0,0,0,185,1
0,28,0,2,0,0,0,1,17,0
1,41,714,0,4,0,0,1,17,0
1,174,287,11,26,0,1,0,35,1
1,46,894,0,9,0,0,1,10,0
1,10,844,2,1,0,0,1,20,0
0,13,0,1,0,0,0,1,8,0
0,41,0,0,0,0,0,1,16,0
0,23,0,1,0,0,0,1,24,0
1,156,287,17,30,0,1,1,5,1
0,8,0,0,0,0,0,1,25,0
0,3,0,2,0,0,0,1,497,1
0,88,0,25,0,0,1,0,5,1
1,6,33,3,8,0,0,0,79,1
0,44,0,1,0,0,0,1,25,0
0,39,0,7,0,1,0,0,29,1
0,20,0,4,0,0,0,0,79,1
0,145,0,15,0,0,1,1,13,1
0,23,0,0,0,0,0,1,18,0
1,13,0,1,0,0,0,0,163,1
1,13,970,1,7,0,0,1,25,0
0,14,0,3,0,0,0,0,144,1
0,47,0,1,0,0,0,1,18,0
1,46,692,0,7,0,0,1,8,0
1,13,152,2,1,0,0,1,14,0
0,129,0,10,0,0,1,0,34,1
1,11,12,1,0,0,0,1,16,0
1,36,893,2,10,0,0,1,10,0
0,43,0,0,0,0,0,1,21,0
1,33,649,2,2,0,0,0,14,0
0,2,0,0,0,0,0,1,5,0
1,6,164,1,10,0,0,1,25,0
1,5,564,2,7,0,0,1,13,0
1,19,795,2,2,0,0,1,18,0
1,127,457,19,25,0,1,1,22,1
1,63,617,8,40,0,1,1,22,1
0,11,0,2,0,0,0,1,525,1
0,34,0,2,0,0,0,1,22,0
0,26,0,1,0,0,0,1,9,0
0,43,0,0,0,0,0,1,9,0
1,133,613,23,30,0,1,1,23,1
0,29,0,2,0,0,0,1,25,0
1,134,142,23,28,0,1,1,35,1
0,35,0,5,0,0,0,0,99,1
1,24,224,2,5,0,0,1,21,0
1,36,128,1,4,0,0,0,145,1
1,9,91,0,0,0,0,0,145,1
1,26,918,0,0,0,0,1,8,0
0,177,0,8,0,0,1,1,33,1
1,38,932,0,9,0,0,1,22,0
1,37,404,1,4,0,0,1,9,0
1,44,691,0,5,0,0,1,14,0
1,7,9,2,2,0,0,0,67,1
1,2,32,2,8,0,0,1,13,0
0,8,0,2,0,0,0,1,16,0
1,181,794,10,18,0,1,1,26,1
0,4,0,0,0,0,0,1,8,0
0,18,0,0,0,0,0,1,4,0
0,8,0,0,0,0,0,0,88,1
1,4,95,2,7,0,0,1,5,0
1,43,523,0,3,0,0,1,19,0
1,98,367,25,33,0,1,1,34,1
1,20,0,2,0,0,0,0,302,1
1,50,155,24,30,0,1,0,35,1
1,3,774,2,5,0,0,1,15,0
0,17,0,2,0,0,0,1,17,0
1,45,934,0,5,0,0,1,23,0
0,42,0,4,0,0,0,0,74,1
1,139,308,12,18,1,0,0,23,1
1,87,199,7,10,1,0,0,19,1
1,33,709,2,0,0,0,1,22,0
0,7,0,1,0,0,0,1,9,0
1,18,0,2,0,0,0,0,781,1
0,11,0,2,0,0,0,1,2,0
0,48,0,1,0,0,0,1,3,0
0,44,0,1,0,0,0,1,11,0
1,9,0,0,0,0,0,0,559,1
1,53,255,8,6,1,0,1,16,1
1,15,100,1,0,0,0,1,4,0
1,32,793,0,4,0,0,1,9,0
1,43,850,0,2,0,0,1,23,0
0,19,0,0,0,0,0,1,16,0
0,33,0,3,0,0,0,0,88,1
1,27,437,1,7,0,0,1,22,0
1,7,0,0,0,0,0,0,679,1
1,7,26,3,0,0,0,0,90,1
0,65,0,13,0,1,0,1,6,1
1,2,0,2,0,0,0,1,702,1
0,85,0,21,0,0,1,1,32,1
1,40,170,2,9,0,0,1,8,0
0,35,0,0,0,0,0,1,13,0
1,41,829,1,3,0,0,1,25,0
1,46,646,1,8,0,0,1,23,0
1,27,37,2,2,0,0,1,20,0
1,25,620,2,2,0,0,1,10,0
0,42,0,0,0,0,0,1,5,0
1,19,373,0,8,0,0,1,19,0
0,21,0,0,0,0,0,1,17,0
1,5,745,2,10,0,0,1,10,0
0,40,0,2,0,0,0,1,17,0
0,8,0,1,0,0,0,1,9,0
1,173,716,24,19,0,1,1,9,1
1,171,214,18,36,0,1,1,37,1
0,12,0,2,0,0,0,1,13,0
1,42,297,13,19,1,0,0,37,1
1,19,0,1,0,0,0,0,374,1
1,68,296,18,24,0,1,0,38,1
0,7,0,1,0,0,0,1,24,0
1,148,414,6,11,1,0,1,19,1
0,0,0,0,0,0,0,1,446,1
1,42,726,1,1,0,0,1,18,0
1,1,993,1,5,0,0,1,4,0
0,32,0,0,0,0,0,1,2,0
1,105,439,6,9,1,0,0,11,1
0,112,0,5,0,1,0,0,39,1
1,33,366,1,2,0,0,1,4,0
0,146,0,5,0,1,0,1,15,1
0,29,0,0,0,0,0,1,20,0
1,45,58,8,7,1,0,0,35,1
1,172,769,16,30,0,1,1,17,1
1,5,0,2,0,0,0,0,572,1
1,13,0,0,0,0,0,0,612,1
0,32,0,0,0,0,0,1,15,0
0,93,0,13,0,1,0,1,34,1
0,31,0,21,0,0,1,0,31,1
1,147,284,12,20,1,0,1,5,1
1,0,0,1,0,0,0,0,790,1
1,45,985,0,6,0,0,1,11,0
0,32,0,2,0,0,0,1,13,0
0,44,0,5,0,0,0,0,94,1
1,46,709,0,10,0,0,1,25,0
0,12,0,0,0,0,0,1,19,0
0,15,0,5,0,0,0,0,64,1
1,26,369,1,1,0,0,1,15,0
1,8,984,0,0,0,0,1,4,0
0,6,0,0,0,0,0,0,4,0
1,23,418,2,5,0,0,1,25,0
1,50,848,2,1,0,0,1,18,0
0,45,0,2,0,0,0,1,11,0
1,23,87,0,3,0,0,0,84,1
0,21,0,2,0,0,0,0,7,0
1,29,20,1,1,0,0,1,6,0
0,43,0,1,0,0,0,1,2,0
0,0,0,2,0,0,0,1,13,0
1,20,555,0,8,0,0,1,17,0
1,21,838,0,10,0,0,1,14,0
0,2,0,0,0,0,0,1,17,0
1,50,579,1,9,0,0,1,12,0
0,17,0,0,0,0,0,1,23,0
1,47,211,1,7,0,0,1,19,0
1,15,14,0,4,0,0,1,19,0
1,167,147,20,34,0,1,1,8,1
1,4,0,0,0,0,0,1,742,1
1,14,881,2,3,0,0,1,19,0
1,3,686,1,10,0,0,1,5,0
1,34,981,2,3,0,0,1,14,0
0,7,0,0,0,0,0,1,19,0
0,31,0,2,0,0,0,1,18,0
1,46,346,0,3,0,0,1,1,0
1,10,961,2,7,0,0,1,24,0
1,30,324,2,6,0,0,1,25,0
0,2,0,0,0,0,0,1,4,0
1,163,476,9,38,0,1,1,19,1
1,43,65,2,6,0,0,1,5,0
1,50,30,1,5,0,0,1,18,0
1,20,259,1,8,0,0,1,4,0
0,43,0,2,0,0,0,1,10,0
0,36,0,2,0,0,0,1,4,0
0,88,0,8,0,0,1,1,23,1
0,36,0,2,0,0,0,1,9,0
1,11,207,1,9,0,0,1,23,0
0,57,0,20,0,0,1,0,24,1
1,109,235,10,18,1,0,1,19,1
0,4,0,1,0,0,0,1,18,0
1,59,550,19,25,0,1,1,9,1
0,24,0,1,0,0,0,0,62,1
1,31,201,2,10,0,0,1,8,0
0,40,0,8,0,1,0,1,39,1
1,142,498,6,17,1,0,1,40,1
0,43,0,2,0,0,0,1,2,0
0,99,0,15,0,1,0,0,7,1
0,23,0,2,0,0,0,1,25,0
0,46,0,2,0,0,0,1,24,0
0,4,0,1,0,0,0,1,5,0
0,171,0,9,0,0,1,1,18,1
0,15,0,0,0,0,0,1,11,0
0,17,0,2,0,0,0,1,24,0
0,59,0,17,0,0,1,1,9,1
0,12,0,0,0,0,0,0,426,1
1,32,636,1,3,0,0,1,8,0
0,40,0,0,0,0,0,1,23,0
1,38,402,0,7,0,0,1,2,0
1,50,244,0,2,0,0,1,4,0
0,2,0,2,0,0,0,1,11,0
1,2,712,1,9,0,0,1,15,0
0,10,0,0,0,0,0,0,25,0
0,144,0,6,0,1,0,0,36,1
0,26,0,15,0,1,0,0,30,1
0,25,0,1,0,0,0,1,24,0
0,48,0,1,0,0,0,0,76,1
0,154,0,9,0,0,1,0,7,1
0,44,0,0,0,0,0,1,4,0
0,42,0,2,0,0,0,0,62,1
1,20,402,1,0,0,0,1,16,0
1,33,21,2,8,0,0,1,21,0
1,36,794,0,6,0,0,1,14,0
1,46,157,2,1,0,0,1,1,0
0,49,0,1,0,0,0,0,13,0
1,125,510,20,15,0,1,1,26,1
0,43,0,8,0,1,0,0,30,1
0,2,0,1,0,0,0,1,153,1
0,39,0,1,0,0,0,1,16,0
1,25,230,0,2,0,0,1,1,0
1,20,0,0,0,0,0,1,555,1
1,46,57,20,15,0,1,1,22,1
0,118,0,10,0,1,0,1,28,1
1,16,167,1,10,0,0,1,14,0
1,28,93,2,8,0,0,1,13,0
1,41,802,2,1,0,0,1,21,0
1,10,0,0,0,0,0,1,780,1
0,35,0,2,0,0,0,1,5,0
0,36,0,0,0,0,0,1,19,0
0,0,0,2,0,0,0,1,12,0
1,42,852,0,7,0,0,1,7,0
1,6,0,2,0,0,0,1,727,1
0,25,0,1,0,0,0,1,2,0
1,2,891,2,7,0,0,1,15,0
1,11,140,2,9,0,0,1,21,0
0,42,0,1,0,0,0,1,25,0
1,37,888,2,4,0,0,1,5,0
1,29,924,1,10,0,0,0,21,0
1,9,903,0,2,0,0,1,1,0
0,33,0,1,0,0,0,1,23,0
1,37,817,1,1,0,0,1,21,0
0,14,0,2,0,0,0,1,10,0
0,147,0,8,0,1,0,0,18,1
1,7,0,1,0,0,0,1,325,1
1,40,410,2,1,0,0,1,5,0
1,8,0,2,0,0,0,1,502,1
1,47,589,8,20,0,1,1,9,1
1,45,932,1,7,0,0,1,10,0
0,20,0,0,0,0,0,1,14,0
0,5,0,3,0,0,0,0,141,1
1,37,804,2,3,0,0,1,21,0
0,53,0,5,0,1,0,1,31,1
0,13,0,1,0,0,0,1,22,0
0,49,0,5,0,0,0,0,148,1
0,63,0,10,0,1,0,0,14,1
0,44,0,1,0,0,0,0,8,0
1,13,0,2,0,0,0,1,290,1
0,9,0,2,0,0,0,1,24,0
0,176,0,17,0,0,1,1,33,1
0,73,0,11,0,1,0,1,11,1
1,34,130,2,10,0,0,0,103,1
1,24,205,1,10,0,0,1,24,0
0,49,0,2,0,0,0,1,23,0
0,28,0,0,0,0,0,1,18,0
0,23,0,2,0,0,0,1,9,0
0,35,0,1,0,0,0,1,14,0
0,109,0,5,0,1,0,0,9,1
1,20,86,1,6,0,0,0,128,1
0,20,0,1,0,0,0,1,6,0
0,28,0,1,0,0,0,1,5,0
1,30,609,0,5,0,0,1,4,0
0,36,0,0,0,0,0,1,8,0
1,50,499,1,5,0,0,1,8,0
1,42,846,0,4,0,0,1,17,0
1,43,303,2,2,0,0,1,4,0
1,41,123,0,3,0,0,1,25,0
1,6,743,2,3,0,0,1,20,0
1,27,592,1,1,0,0,1,24,0
1,45,467,2,7,0,0,1,12,0
1,15,176,4,7,0,0,0,99,1
1,144,176,10,20,1,0,0,35,1
0,39,0,0,0,0,0,1,4,0
0,55,0,7,0,1,0,1,11,1
1,49,827,1,2,0,0,1,3,0
0,6,0,1,0,0,0,1,12,0
0,13,0,1,0,0,0,1,8,0
0,16,0,1,0,0,0,1,21,0
1,5,47,2,7,0,0,0,95,1
1,15,664,0,5,0,0,1,3,0
0,2,0,1,0,0,0,0,273,1
1,48,111,2,9,0,0,0,108,1
1,4,668,1,6,0,0,1,1,0
1,0,684,0,10,0,0,1,11,0
1,18,0,1,0,0,0,1,248,1
0,19,0,0,0,0,0,1,14,0
1,16,150,2,2,0,0,1,16,0
0,141,0,14,0,1,0,0,37,1
1,15,774,2,4,0,0,1,11,0
0,23,0,1,0,0,0,1,24,0
0,36,0,2,0,0,0,0,56,1
1,21,5,1,7,0,0,1,16,0
1,39,315,1,8,0,0,1,5,0
1,23,877,2,10,0,0,1,21,0
0,46,0,2,0,0,0,1,12,0
0,40,0,2,0,0,0,1,22,0
0,19,0,2,0,0,0,1,14,0
1,22,842,2,8,0,0,1,22,0
0,14,0,1,0,0,0,1,22,0
1,46,230,2,0,0,0,0,2,0
0,45,0,1,0,0,0,1,6,0
1,103,520,25,40,0,1,0,39,1
1,13,515,2,2,0,0,1,5,0
1,4,5,1,8,0,0,1,14,0
0,37,0,1,0,0,0,1,13,0
1,11,437,2,7,0,0,1,15,0
0,31,0,0,0,0,0,1,14,0
0,60,0,23,0,0,1,0,37,1
1,145,306,8,11,0,1,1,8,1
0,157,0,23,0,0,1,0,19,1
1,54,219,14,20,1,0,1,35,1
1,48,136,13,14,0,1,0,28,1
0,34,0,5,0,0,0,0,90,1
0,6,0,1,0,0,0,1,14,0
0,50,0,2,0,0,0,1,7,0
1,23,781,2,0,0,0,1,19,0
0,25,0,0,0,0,0,1,16,0
1,12,203,1,9,0,0,1,24,0
0,12,0,2,0,0,0,1,6,0
0,40,0,1,0,0,0,1,5,0
1,122,574,22,10,0,1,1,11,1
0,7,0,1,0,0,0,1,20,0
0,5,0,0,0,0,0,1,795,1
1,2,0,2,0,0,0,1,687,1
0,0,0,1,0,0,0,1,11,0
1,120,645,17,14,0,1,0,38,1
0,10,0,2,0,0,0,1,23,0
0,9,0,0,0,0,0,1,323,1
0,15,0,0,0,0,0,0,178,1
0,45,0,4,0,0,0,0,60,1
0,7,0,1,0,0,0,1,4,0
1,1,183,3,10,0,0,0,118,1
0,40,0,0,0,0,0,1,7,0
0,0,0,0,0,0,0,1,21,0
0,10,0,1,0,0,0,1,170,1
1,15,82,0,1,0,0,1,21,0
1,24,114,2,7,0,0,1,19,0
0,19,0,2,0,0,0,1,7,0
0,50,0,8,0,1,0,0,5,1
0,136,0,12,0,1,0,1,20,1
0,0,0,2,0,0,0,1,6,0
0,31,0,2,0,0,0,1,5,0
0,6,0,2,0,0,0,1,8,0
0,42,0,0,0,0,0,1,2,0
0,35,0,0,0,0,0,1,14,0
1,42,737,2,1,0,0,1,23,0
1,3,0,0,0,0,0,0,486,1
0,38,0,2,0,0,0,1,19,0
1,18,0,2,0,0,0,1,182,1
1,39,24,2,7,0,0,1,5,0
0,13,0,0,0,0,0,0,465,1
1,27,34,0,8,0,0,1,20,0
0,27,0,11,0,1,0,0,26,1
1,4,480,2,8,0,0,1,5,0
0,8,0,1,0,0,0,1,16,0
0,0,0,0,0,0,0,0,458,1
0,0,0,0,0,0,0,1,7,0
1,2,0,1,0,0,0,1,241,1
1,127,484,16,11,0,1,1,15,1
1,6,674,0,8,0,0,1,12,0
0,0,0,0,0,0,0,1,20,0
0,1,0,2,0,0,0,1,25,0
0,46,0,2,0,0,0,1,16,0
1,38,78,2,5,0,0,0,2,0
0,12,0,1,0,0,0,1,763,1
0,7,0,1,0,0,0,1,5,0
1,164,524,19,20,0,1,1,22,1
1,4,190,1,8,0,0,0,115,1
1,3,292,0,9,0,0,1,15,0
0,19,0,1,0,0,0,0,179,1
0,27,0,1,0,0,0,1,8,0
1,39,983,1,1,0,0,1,12,0
0,13,0,0,0,0,0,1,24,0
1,41,21,0,4,0,0,1,5,0
1,50,73,1,8,0,0,1,9,0
1,31,335,6,12,1,0,0,40,1
0,5,0,2,0,0,0,0,102,1
1,23,923,1,0,0,0,1,16,0
0,46,0,1,0,0,0,1,11,0
0,29,0,2,0,0,0,1,22,0
1,34,84,2,7,0,0,0,17,0
0,22,0,5,0,1,0,0,38,1
0,23,0,4,0,0,0,0,135,1
1,0,589,1,4,0,0,1,19,0
1,30,660,1,0,0,0,1,23,0
0,3,0,0,0,0,0,1,7,0
1,5,331,0,2,0,0,1,14,0
1,47,65,2,2,0,0,1,15,0
1,40,684,0,1,0,0,1,7,0
0,31,0,1,0,0,0,0,21,0
0,25,0,0,0,0,0,1,18,0
1,181,496,19,27,0,1,1,8,1
1,43,288,1,5,0,0,1,7,0
0,33,0,8,0,0,1,1,18,1
0,77,0,9,0,0,1,0,20,1
1,42,691,0,4,0,0,1,21,0
1,21,602,1,0,0,0,1,3,0
0,15,0,1,0,0,0,1,10,0
0,44,0,0,0,0,0,1,21,0
0,10,0,0,0,0,0,1,12,0
0,18,0,2,0,0,0,1,25,0
0,19,0,2,0,0,0,1,784,1
0,45,0,2,0,0,0,1,18,0
1,18,0,2,0,0,0,1,383,1
0,28,0,0,0,0,0,1,9,0
1,21,683,1,1,0,0,1,10,0
0,29,0,0,0,0,0,0,13,0
1,0,672,2,10,0,0,1,24,0
0,8,0,1,0,0,0,0,20,0
1,71,289,12,15,1,0,1,29,1
0,13,0,4,0,0,0,0,66,1
0,33,0,0,0,0,0,1,17,0
1,7,986,2,5,0,0,1,21,0
1,2,801,2,4,0,0,1,22,0
0,12,0,2,0,0,0,0,73,1
0,86,0,11,0,1,0,1,16,1
1,15,0,2,0,0,0,1,742,1
1,12,0,2,0,0,0,1,546,1
1,26,437,11,17,1,0,1,10,1
0,20,0,0,0,0,0,1,4,0
1,39,788,1,7,0,0,1,11,0
1,31,12,1,6,0,0,1,24,0
0,16,0,1,0,0,0,1,7,0
1,13,0,0,0,0,0,1,510,1
1,8,963,2,7,0,0,1,15,0
1,41,125,0,2,0,0,0,63,1
0,11,0,0,0,0,0,1,17,0
0,11,0,1,0,0,0,1,645,1
0,14,0,2,0,0,0,1,14,0
1,3,766,2,8,0,0,1,15,0
0,3,0,2,0,0,0,0,81,1
0,26,0,0,0,0,0,1,2,0
1,34,430,0,5,0,0,0,22,0
0,42,0,1,0,0,0,1,22,0
0,43,0,1,0,0,0,1,6,0
0,12,0,1,0,0,0,1,23,0
1,10,0,0,0,0,0,1,189,1
0,99,0,20,0,0,1,1,29,1
0,5,0,1,0,0,0,1,5,0
0,16,0,0,0,0,0,1,1,0
0,103,0,23,0,0,1,1,37,1
1,4,633,2,1,0,0,0,16,0
0,4,0,2,0,0,0,1,181,1
1,23,979,2,10,0,0,1,17,0
1,9,166,0,1,0,0,1,22,0
1,2,549,1,10,0,0,1,15,0
1,33,122,2,0,0,0,1,14,0
0,33,0,5,0,0,0,0,59,1
1,29,553,1,6,0,0,1,12,0
1,49,78,2,9,0,0,0,135,1
1,34,665,0,2,0,0,0,14,0
1,7,223,2,8,0,0,1,21,0
0,4,0,0,0,0,0,1,9,0
0,171,0,23,0,0,1,1,29,1
0,23,0,2,0,0,0,1,4,0
1,48,277,0,6,0,0,1,25,0
0,7,0,0,0,0,0,1,15,0
1,70,525,19,20,0,1,1,38,1
0,38,0,0,0,0,0,0,85,1
0,16,0,1,0,0,0,1,2,0
0,8,0,0,0,0,0,1,749,1
1,46,93,7,6,1,0,1,26,1
0,28,0,0,0,0,0,1,19,0
1,38,266,2,4,0,0,1,25,0
0,5,0,2,0,0,0,1,4,0
1,42,786,2,1,0,0,1,2,0
0,31,0,0,0,0,0,1,16,0
1,16,997,2,3,0,0,1,16,0
1,26,616,1,2,0,0,1,11,0
0,177,0,11,0,0,1,1,11,1
1,17,0,1,0,0,0,1,655,1
0,54,0,15,0,1,0,0,35,1
0,9,0,2,0,0,0,1,4,0
1,2,169,0,8,0,0,0,51,1
0,26,0,0,0,0,0,1,13,0
1,22,680,1,5,0,0,1,5,0
1,25,541,1,6,0,0,1,13,0
0,41,0,2,0,0,0,1,5,0
0,39,0,0,0,0,0,1,4,0
1,23,694,2,7,0,0,1,5,0
0,38,0,0,0,0,0,1,8,0
0,40,0,1,0,0,0,0,63,1
0,181,0,12,0,0,1,0,5,1
0,30,0,0,0,0,0,1,23,0
0,36,0,1,0,0,0,1,2,0
1,4,0,2,0,0,0,1,646,1
1,20,170,2,7,0,0,1,21,0
0,173,0,19,0,0,1,1,26,1
0,11,0,1,0,0,0,1,619,1
1,41,415,0,4,0,0,1,10,0
1,33,851,2,0,0,0,1,11,0
1,19,0,0,0,0,0,1,431,1
1,30,948,0,8,0,0,1,15,0
1,20,356,0,6,0,0,1,1,0
0,95,0,13,0,1,0,1,34,1
1,20,112,1,9,0,0,1,15,0
0,11,0,0,0,0,0,0,370,1
0,2,0,2,0,0,0,1,18,0
1,95,567,24,31,0,1,1,19,1
0,161,0,18,0,0,1,1,8,1
1,34,58,5,10,0,0,0,133,1
1,32,46,0,1,0,0,0,51,1
1,13,0,2,0,0,0,1,448,1
0,25,0,2,0,0,0,1,8,0
1,30,160,2,5,0,0,1,17,0
1,21,500,1,3,0,0,1,24,0
0,48,0,0,0,0,0,1,20,0
0,8,0,0,0,0,0,1,6,0
1,46,536,0,3,0,0,1,2,0
0,37,0,3,0,0,0,0,132,1
0,24,0,2,0,0,0,0,9,0
0,19,0,1,0,0,0,1,3,0
1,104,510,8,10,0,1,0,17,1
0,13,0,0,0,0,0,0,528,1
0,72,0,22,0,0,1,0,18,1
1,23,104,0,2,0,0,1,17,0
0,12,0,0,0,0,0,1,22,0
0,38,0,2,0,0,0,0,21,0
1,29,839,1,2,0,0,1,13,0
1,33,331,0,4,0,0,1,21,0
0,5,0,1,0,0,0,0,439,1
1,4,0,1,0,0,0,0,784,1
1,47,480,2,8,0,0,1,22,0
1,36,268,2,1,0,0,1,1,0
0,63,0,16,0,0,1,1,13,1
1,35,684,2,9,0,0,0,5,0
1,52,343,7,15,1,0,0,17,1
0,45,0,2,0,0,0,1,21,0
0,1,0,1,0,0,0,1,18,0
0,47,0,0,0,0,0,1,20,0
0,38,0,2,0,0,0,1,16,0
1,75,270,10,14,1,0,1,28,1
1,10,29,5,1,0,0,0,117,1
1,11,149,2,2,0,0,0,57,1
0,39,0,2,0,0,0,1,20,0
0,3,0,2,0,0,0,1,4,0
0,43,0,1,0,0,0,1,20,0
0,20,0,0,0,0,0,1,18,0
0,24,0,2,0,0,0,1,6,0
0,26,0,1,0,0,0,1,19,0
1,48,571,1,5,0,0,1,7,0
0,47,0,12,0,0,1,1,7,1
1,107,775,15,19,0,1,0,25,1
1,18,0,0,0,0,0,0,188,1
1,37,815,0,9,0,0,1,6,0
1,18,166,0,9,0,0,1,23,0
0,15,0,0,0,0,0,1,5,0
0,21,0,1,0,0,0,1,5,0
0,36,0,1,0,0,0,1,19,0
1,54,407,14,10,1,0,1,14,1
1,15,938,0,3,0,0,1,4,0
1,114,414,5,7,1,0,0,21,1
1,17,559,1,7,0,0,1,14,0
1,3,261,1,0,0,0,1,5,0
0,119,0,15,0,1,0,0,19,1
1,23,126,5,6,1,0,0,7,1
1,28,521,1,8,0,0,1,25,0
0,34,0,1,0,0,0,1,22,0
0,30,0,2,0,0,0,1,3,0
1,23,329,0,4,0,0,1,12,0
0,88,0,14,0,1,0,1,15,1
1,11,919,1,10,0,0,1,4,0
1,14,0,0,0,0,0,1,244,1
1,4,422,1,5,0,0,0,7,0
1,46,672,1,7,0,0,1,7,0
1,63,98,11,9,1,0,1,21,1
0,38,0,0,0,0,0,1,24,0
0,180,0,12,0,0,1,1,17,1
0,47,0,0,0,0,0,1,22,0
0,92,0,15,0,0,1,0,8,1
0,27,0,1,0,0,0,1,22,0
1,24,602,1,6,0,0,1,15,0
0,25,0,1,0,0,0,1,6,0
0,49,0,2,0,0,0,1,5,0
1,22,93,2,5,0,0,1,7,0
1,45,924,0,10,0,0,1,23,0
1,98,407,12,17,1,0,0,21,1
0,11,0,2,0,0,0,1,162,1
1,73,162,11,12,0,1,1,5,1
1,48,892,1,5,0,0,1,7,0
1,13,0,1,0,0,0,0,577,1
0,143,0,20,0,0,1,1,18,1
0,14,0,0,0,0,0,1,22,0
1,24,216,15,15,1,0,0,5,1
0,91,0,12,0,0,1,1,36,1
1,23,129,2,8,0,0,1,21,0
0,23,0,3,0,0,0,0,83,1
1,30,882,2,3,0,0,1,8,0
0,44,0,1,0,0,0,1,25,0
0,46,0,1,0,0,0,1,17,0
0,24,0,1,0,0,0,1,22,0
1,1,926,0,2,0,0,1,19,0
0,125,0,10,0,1,0,0,30,1
1,87,100,9,8,1,0,1,19,1
0,40,0,4,0,0,0,0,84,1
0,6,0,0,0,0,0,1,588,1
1,23,944,0,5,0,0,1,25,0
1,24,162,0,7,0,0,1,18,0
0,4,0,0,0,0,0,1,23,0
1,0,156,5,3,0,0,0,58,1
1,43,370,1,10,0,0,1,24,0
1,14,0,1,0,0,0,1,170,1
0,44,0,1,0,0,0,1,25,0
0,171,0,23,0,0,1,0,7,1
0,37,0,2,0,0,0,1,15,0
1,43,765,1,8,0,0,1,5,0
0,12,0,2,0,0,0,1,1,0
1,90,151,11,14,1,0,1,21,1
0,84,0,12,0,0,1,0,9,1
0,25,0,2,0,0,0,1,15,0
1,18,636,1,5,0,0,1,12,0
1,38,467,2,10,0,0,1,22,0
0,12,0,0,0,0,0,1,13,0
1,32,814,2,5,0,0,1,4,0
1,152,413,12,26,0,1,0,28,1
0,93,0,10,0,0,1,0,8,1
0,47,0,1,0,0,0,1,20,0
1,26,312,2,2,0,0,1,2,0
0,38,0,9,0,1,0,0,25,1
0,86,0,11,0,1,0,0,25,1
1,140,309,23,20,0,1,0,20,1
1,26,26,4,9,0,0,0,98,1
1,33,847,0,3,0,0,1,16,0
0,46,0,2,0,0,0,1,1,0
1,39,582,1,2,0,0,1,1,0
0,28,0,2,0,0,0,1,21,0
0,50,0,2,0,0,0,1,25,0
1,24,271,1,10,0,0,1,17,0
0,2,0,1,0,0,0,1,11,0
1,139,278,23,35,0,1,1,7,1
1,103,138,13,8,1,0,1,35,1
0,54,0,5,0,1,0,1,12,1
1,77,369,14,33,0,1,0,32,1
0,38,0,2,0,0,0,1,23,0
0,48,0,2,0,0,0,1,9,0
0,33,0,1,0,0,0,1,8,0
1,45,175,2,1,0,0,0,84,1
1,7,0,1,0,0,0,1,495,1
1,38,849,1,2,0,0,1,9,0
1,115,163,7,16,1,0,1,8,1
1,152,795,20,37,0,1,1,5,1
1,7,0,1,0,0,0,1,670,1
0,133,0,12,0,0,1,1,31,1
0,46,0,3,0,0,0,0,56,1
1,37,671,0,3,0,0,1,20,0
1,35,290,0,7,0,0,1,21,0
1,13,198,2,8,0,0,1,22,0
0,50,0,1,0,0,0,1,12,0
1,45,581,1,1,0,0,1,23,0
1,6,130,1,9,0,0,0,140,1
0,16,0,1,0,0,0,1,7,0
0,3,0,2,0,0,0,0,548,1
0,39,0,2,0,0,0,1,14,0
1,1,906,0,6,0,0,1,5,0
0,16,0,0,0,0,0,1,654,1
1,123,392,15,13,0,1,0,20,1
1,44,994,2,7,0,0,1,8,0
0,22,0,0,0,0,0,1,5,0
0,41,0,0,0,0,0,1,23,0
1,18,468,0,10,0,0,1,1,0
0,48,0,1,0,0,0,1,20,0
0,6,0,0,0,0,0,1,16,0
0,8,0,1,0,0,0,1,12,0
1,5,303,1,2,0,0,1,17,0
0,28,0,1,0,0,0,1,18,0
1,1,108,1,0,0,0,1,8,0
1,0,331,1,9,0,0,1,6,0
1,35,824,1,2,0,0,1,24,0
0,13,0,0,0,0,0,1,25,0
1,42,904,1,5,0,0,1,6,0
1,26,312,0,0,0,0,1,9,0
0,42,0,2,0,0,0,1,7,0
0,64,0,11,0,0,1,0,16,1
0,38,0,1,0,0,0,1,4,0
1,15,156,0,9,0,0,1,21,0
1,114,454,20,17,0,1,0,15,1
1,19,658,0,1,0,0,1,13,0
0,26,0,2,0,0,0,1,22,0
0,11,0,1,0,0,0,1,5,0
1,20,605,2,6,0,0,1,23,0
0,98,0,10,0,1,0,0,33,1
0,29,0,1,0,0,0,1,21,0
1,14,0,2,0,0,0,0,208,1
1,38,210,1,6,0,0,1,25,0
1,98,67,11,6,1,0,1,29,1
0,168,0,13,0,0,1,1,7,1
0,18,0,0,0,0,0,1,17,0
1,41,802,2,10,0,0,1,11,0
0,1,0,0,0,0,0,1,23,0
1,13,0,1,0,0,0,0,460,1
1,3,503,0,5,0,0,1,4,0
0,54,0,13,0,1,0,1,7,1
0,23,0,0,0,0,0,1,2,0
1,23,960,0,7,0,0,1,18,0
0,26,0,2,0,0,0,1,6,0
1,33,851,2,9,0,0,1,21,0
1,28,20,2,8,0,0,1,2,0
1,9,764,2,2,0,0,1,10,0
1,25,561,2,2,0,0,1,1,0
1,3,992,2,5,0,0,1,15,0
0,38,0,0,0,0,0,1,8,0
1,123,388,16,39,0,1,1,30,1
1,30,405,0,2,0,0,1,12,0
1,26,188,9,7,1,0,1,9,1
1,28,735,2,6,0,0,1,25,0
1,33,464,1,3,0,0,1,4,0
1,53,624,17,30,0,1,1,32,1
1,36,402,0,7,0,0,0,22,0
1,31,995,0,1,0,0,1,2,0
1,33,60,1,3,0,0,1,10,0
1,41,595,1,4,0,0,1,3,0
1,10,360,2,5,0,0,0,25,0
0,33,0,1,0,0,0,1,4,0
0,23,0,2,0,0,0,1,18,0
0,33,0,2,0,0,0,1,23,0
0,37,0,2,0,0,0,1,15,0
0,85,0,17,0,0,1,1,11,1
1,146,406,15,6,1,0,0,39,1
1,12,76,0,9,0,0,1,7,0
0,28,0,0,0,0,0,1,3,0
1,3,759,1,9,0,0,0,18,0
1,7,12,1,4,0,0,0,75,1
0,18,0,0,0,0,0,0,409,1
1,40,443,0,3,0,0,1,9,0
0,23,0,2,0,0,0,1,3,0
0,16,0,2,0,0,0,1,21,0
0,42,0,1,0,0,0,1,5,0
1,1,0,2,0,0,0,1,452,1
1,42,429,2,8,0,0,0,25,0
0,10,0,0,0,0,0,1,12,0
0,30,0,4,0,0,0,0,126,1
0,17,0,0,0,0,0,1,9,0
1,19,929,2,10,0,0,1,4,0
1,36,709,1,9,0,0,1,20,0
0,6,0,1,0,0,0,1,3,0
0,16,0,2,0,0,0,1,5,0
0,47,0,1,0,0,0,1,13,0
1,14,668,2,8,0,0,1,7,0
1,48,403,2,10,0,0,0,11,0
1,113,326,22,17,0,1,0,28,1
1,33,784,2,8,0,0,1,19,0
1,20,251,1,2,0,0,1,5,0
0,44,0,0,0,0,0,1,21,0
0,34,0,1,0,0,0,1,21,0
0,161,0,9,0,0,1,0,24,1
1,150,359,23,36,0,1,1,29,1
0,12,0,0,0,0,0,1,222,1
1,9,715,2,5,0,0,0,17,0
0,40,0,0,0,0,0,1,11,0
1,24,5,4,7,0,0,0,109,1
0,41,0,2,0,0,0,1,21,0
0,8,0,1,0,0,0,1,14,0
0,10,0,1,0,0,0,1,16,0
1,26,224,2,2,0,0,1,5,0
1,28,239,2,4,0,0,1,2,0
0,1,0,0,0,0,0,0,15,0
0,27,0,0,0,0,0,0,93,1
0,49,0,1,0,0,0,1,25,0
0,3,0,2,0,0,0,1,4,0
0,2,0,0,0,0,0,1,9,0
1,23,617,0,2,0,0,1,1,0
0,26,0,2,0,0,0,1,1,0
1,54,175,22,31,0,1,0,16,1
1,2,0,0,0,0,0,0,640,1
1,48,81,1,3,0,0,0,108,1
0,50,0,2,0,0,0,1,16,0
0,22,0,0,0,0,0,0,144,1
0,0,0,2,0,0,0,1,6,0
1,27,562,1,4,0,0,1,7,0
1,153,555,10,29,0,1,0,35,1
0,12,0,1,0,0,0,1,14,0
0,8,0,2,0,0,0,0,130,1
1,36,177,0,8,0,0,0,131,1
0,36,0,2,0,0,0,1,4,0
1,8,0,0,0,0,0,1,478,1
0,114,0,18,0,0,1,1,33,1
0,6,0,2,0,0,0,1,11,0
1,44,889,0,0,0,0,1,11,0
0,43,0,1,0,0,0,1,19,0
0,14,0,2,0,0,0,0,66,1
1,33,815,1,9,0,0,1,4,0
1,19,645,0,6,0,0,1,1,0
1,32,924,2,5,0,0,1,24,0
0,12,0,2,0,0,0,1,284,1
1,135,68,15,5,1,0,0,10,1
1,2,320,0,1,0,0,1,20,0
0,39,0,1,0,0,0,1,21,0
1,3,931,1,7,0,0,1,15,0
1,1,169,0,10,0,0,1,4,0
1,14,150,0,7,0,0,1,15,0
1,17,681,0,4,0,0,0,2,0
0,5,0,1,0,0,0,0,532,1
1,32,307,0,0,0,0,1,17,0
1,8,813,1,9,0,0,1,5,0
0,12,0,3,0,0,0,0,125,1
0,45,0,1,0,0,0,1,4,0
0,40,0,0,0,0,0,1,18,0
0,22,0,2,0,0,0,1,23,0
0,50,0,1,0,0,0,1,2,0
1,36,140,4,9,0,0,0,55,1
1,13,26,4,4,0,0,0,79,1
1,35,421,1,2,0,0,1,15,0
1,132,123,14,16,1,0,0,11,1
1,1,606,0,2,0,0,1,8,0
1,9,0,0,0,0,0,0,287,1
1,97,292,12,17,1,0,1,10,1
1,14,529,2,5,0,0,1,25,0
0,23,0,2,0,0,0,0,123,1
1,45,205,0,5,0,0,1,8,0
0,41,0,2,0,0,0,1,18,0
0,24,0,1,0,0,0,0,17,0
0,6,0,0,0,0,0,1,4,0
0,11,0,1,0,0,0,1,2,0
1,19,734,0,1,0,0,1,21,0
1,45,90,2,1,0,0,1,2,0
1,40,307,0,7,0,0,1,15,0
1,23,340,0,8,0,0,0,14,0
0,34,0,2,0,0,0,1,22,0
0,57,0,17,0,0,1,0,35,1
1,45,669,0,9,0,0,1,7,0
1,117,363,12,17,1,0,0,25,1
0,3,0,0,0,0,0,1,10,0
1,39,611,2,1,0,0,1,6,0
0,4,0,2,0,0,0,1,5,0
1,49,363,1,7,0,0,1,20,0
1,38,236,0,8,0,0,1,13,0
0,33,0,1,0,0,0,1,9,0
0,28,0,0,0,0,0,0,143,1
1,47,296,1,5,0,0,1,10,0
0,20,0,1,0,0,0,1,426,1
0,10,0,0,0,0,0,1,4,0
1,48,738,1,9,0,0,1,18,0
1,34,588,0,9,0,0,1,12,0
0,2,0,1,0,0,0,1,8,0
1,0,323,2,10,0,0,1,15,0
0,128,0,13,0,0,1,0,22,1
0,30,0,0,0,0,0,1,24,0
1,133,524,8,17,0,1,0,37,1
1,27,697,2,4,0,0,1,10,0
0,13,0,0,0,0,0,0,101,1
1,26,859,2,0,0,0,1,19,0
1,48,783,9,18,0,1,1,14,1
1,3,986,2,1,0,0,1,19,0
0,44,0,0,0,0,0,1,9,0
1,11,604,0,0,0,0,1,22,0
0,46,0,0,0,0,0,0,59,1
1,36,749,1,4,0,0,1,24,0
0,12,0,0,0,0,0,1,10,0
0,37,0,2,0,0,0,1,24,0
0,48,0,0,0,0,0,1,13,0
1,31,863,2,0,0,0,1,23,0
0,2,0,2,0,0,0,1,13,0
1,1,940,0,3,0,0,1,10,0
1,49,246,2,7,0,0,0,21,0
0,85,0,7,0,1,0,0,26,1
1,25,272,0,3,0,0,1,17,0
0,62,0,6,0,1,0,1,15,1
1,29,625,0,6,0,0,1,17,0
0,46,0,1,0,0,0,1,18,0
0,8,0,0,0,0,0,1,15,0
1,16,512,2,5,0,0,1,3,0
1,15,292,1,9,0,0,1,5,0
0,28,0,2,0,0,0,1,19,0
0,4,0,2,0,0,0,1,525,1
1,40,155,1,2,0,0,1,17,0
1,31,371,0,0,0,0,1,22,0
0,5,0,1,0,0,0,1,263,1
0,27,0,0,0,0,0,1,3,0
0,43,0,0,0,0,0,0,90,1
0,45,0,2,0,0,0,1,14,0
1,28,110,0,4,0,0,1,3,0
0,5,0,0,0,0,0,0,195,1
1,20,295,7,17,1,0,1,6,1
0,36,0,0,0,0,0,1,22,0
1,84,410,23,31,0,1,0,14,1
0,48,0,1,0,0,0,1,7,0
0,1,0,1,0,0,0,1,19,0
1,50,613,0,1,0,0,0,2,0
0,12,0,2,0,0,0,1,11,0
1,18,143,1,2,0,0,1,2,0
1,49,615,10,34,0,1,1,31,1
0,171,0,18,0,0,1,1,14,1
0,27,0,1,0,0,0,1,5,0
1,50,418,2,3,0,0,1,11,0
1,15,0,1,0,0,0,1,306,1
0,57,0,12,0,1,0,0,33,1
1,15,0,1,0,0,0,0,305,1
0,35,0,2,0,0,0,1,14,0
1,69,781,16,25,0,1,0,18,1
1,16,0,2,0,0,0,0,438,1
1,45,91,0,10,0,0,1,2,0
1,27,726,2,0,0,0,1,24,0
0,5,0,1,0,0,0,1,11,0
1,4,802,0,0,0,0,1,25,0
0,84,0,12,0,1,0,1,28,1
1,25,31,5,7,0,0,0,90,1
0,42,0,3,0,0,0,0,109,1
0,33,0,0,0,0,0,1,13,0
1,134,694,22,14,0,1,1,40,1
1,43,90,2,4,0,0,1,21,0
0,74,0,11,0,1,0,1,37,1
0,0,0,0,0,0,0,1,19,0
1,21,3,1,9,0,0,1,5,0
0,32,0,0,0,0,0,1,10,0
1,3,0,0,0,0,0,0,216,1
1,33,741,1,1,0,0,1,17,0
0,40,0,1,0,0,0,1,10,0
0,10,0,1,0,0,0,1,14,0
1,28,816,2,1,0,0,1,13,0
0,68,0,9,0,0,1,1,34,1
1,51,153,14,6,1,0,1,11,1
1,44,186,0,3,0,0,0,133,1
1,6,559,1,1,0,0,1,6,0
1,108,340,5,18,1,0,0,18,1
0,19,0,2,0,0,0,1,10,0
1,24,809,0,1,0,0,1,24,0
0,49,0,2,0,0,0,1,20,0
0,8,0,1,0,0,0,1,8,0
1,31,57,0,6,0,0,1,9,0
1,31,98,4,8,0,0,0,126,1
1,50,11,0,7,0,0,1,9,0
0,39,0,0,0,0,0,1,7,0
0,27,0,0,0,0,0,1,3,0
1,49,926,2,6,0,0,1,18,0
0,26,0,2,0,0,0,0,128,1
0,11,0,2,0,0,0,1,23,0
1,0,31,1,3,0,0,1,16,0
1,112,121,13,20,1,0,1,15,1
1,150,312,20,21,0,1,1,33,1
0,15,0,0,0,0,0,1,184,1
0,42,0,1,0,0,0,1,1,0
1,24,469,0,10,0,0,1,5,0
0,98,0,5,0,1,0,1,16,1
1,8,467,0,2,0,0,1,20,0
1,120,140,13,32,0,1,0,40,1
0,17,0,2,0,0,0,1,4,0
1,22,692,2,5,0,0,1,23,0
1,17,0,1,0,0,0,0,205,1
1,25,479,0,0,0,0,1,6,0
0,36,0,1,0,0,0,1,1,0
1,44,183,1,2,0,0,1,18,0
0,93,0,7,0,1,0,0,30,1
0,34,0,2,0,0,0,1,18,0
1,8,226,0,1,0,0,0,8,0
1,40,830,2,9,0,0,1,15,0
0,35,0,1,0,0,0,1,13,0
1,12,520,2,3,0,0,1,18,0
0,19,0,2,0,0,0,1,19,0
0,16,0,0,0,0,0,1,331,1
1,45,169,0,5,0,0,0,141,1
1,130,735,15,28,0,1,1,14,1
0,44,0,2,0,0,0,1,5,0
1,20,42,0,7,0,0,0,146,1
1,27,736,2,3,0,0,0,14,0
1,8,0,0,0,0,0,1,456,1
0,2,0,1,0,0,0,1,12,0
0,2,0,0,0,0,0,1,6,0
1,46,811,1,9,0,0,1,18,0
1,12,937,1,10,0,0,1,1,0
1,13,0,1,0,0,0,0,550,1
1,14,731,2,9,0,0,1,22,0
1,26,914,0,1,0,0,1,15,0
1,15,392,1,7,0,0,1,2,0
1,1,0,0,0,0,0,1,167,1
1,20,0,0,0,0,0,1,314,1
0,14,0,2,0,0,0,1,8,0
0,19,0,2,0,0,0,1,11,0
1,34,728,1,0,0,0,1,8,0
1,39,584,2,9,0,0,0,6,0
0,20,0,3,0,0,0,0,120,1
0,40,0,2,0,0,0,1,3,0
0,6,0,5,0,0,0,0,97,1
0,40,0,0,0,0,0,1,25,0
0,160,0,10,0,0,1,0,13,1
1,39,160,0,0,0,0,1,24,0
1,14,217,0,6,0,0,1,17,0
1,44,127,1,9,0,0,1,12,0
1,41,59,5,4,0,0,0,127,1
0,23,0,0,0,0,0,1,20,0
0,2,0,1,0,0,0,0,516,1
0,1,0,1,0,0,0,1,14,0
1,123,790,11,26,0,1,1,12,1
1,37,130,3,0,0,0,0,64,1
1,42,136,2,7,0,0,1,10,0
1,8,449,2,8,0,0,1,2,0
0,9,0,1,0,0,0,0,226,1
1,4,898,1,7,0,0,1,16,0
0,63,0,19,0,0,1,1,10,1
0,15,0,2,0,0,0,1,10,0
1,49,240,2,2,0,0,1,17,0
0,43,0,2,0,0,0,1,3,0
0,36,0,1,0,0,0,1,20,0
1,2,95,4,8,0,0,0,83,1
0,3,0,2,0,0,0,1,5,0
0,29,0,0,0,0,0,1,19,0
0,48,0,0,0,0,0,1,15,0
1,7,363,1,2,0,0,1,25,0
0,6,0,0,0,0,0,0,189,1
0,32,0,6,0,1,0,0,7,1
0,183,0,10,0,0,1,1,7,1
0,7,0,0,0,0,0,1,17,0
0,44,0,0,0,0,0,1,8,0
1,38,149,2,5,0,0,0,77,1
0,107,0,14,0,1,0,1,34,1
0,92,0,14,0,0,1,1,17,1
1,1,514,0,6,0,0,1,11,0
1,3,711,0,9,0,0,1,1,0
1,12,623,1,7,0,0,1,17,0
1,18,53,5,5,0,0,0,123,1
1,193,353,17,19,0,1,1,37,1
1,0,0,2,0,0,0,0,349,1
0,44,0,2,0,0,0,1,21,0
0,3,0,1,0,0,0,1,4,0
0,47,0,13,0,1,0,1,20,1
1,40,81,10,17,1,0,1,23,1
0,24,0,1,0,0,0,1,20,0
0,104,0,15,0,0,1,1,39,1
1,41,809,1,8,0,0,1,15,0
0,181,0,11,0,0,1,0,25,1
0,5,0,2,0,0,0,0,113,1
1,14,0,2,0,0,0,1,164,1
1,47,170,5,4,0,0,0,89,1
1,48,996,2,5,0,0,1,25,0
1,40,474,2,4,0,0,1,15,0
1,190,731,9,27,0,1,0,10,1
0,46,0,0,0,0,0,1,18,0
1,43,412,0,2,0,0,1,14,0
0,43,0,2,0,0,0,1,18,0
1,3,960,1,4,0,0,1,13,0
0,29,0,1,0,0,0,1,2,0
0,0,0,0,0,0,0,1,21,0
0,28,0,0,0,0,0,0,83,1
0,19,0,2,0,0,0,1,23,0
0,10,0,1,0,0,0,1,10,0
0,25,0,2,0,0,0,1,6,0
0,31,0,0,0,0,0,1,10,0
0,47,0,1,0,0,0,1,25,0
1,14,916,0,5,0,0,1,8,0
0,27,0,0,0,0,0,1,7,0
1,19,0,2,0,0,0,0,375,1
0,27,0,2,0,0,0,1,7,0
0,37,0,2,0,0,0,1,2,0
1,43,722,1,2,0,0,1,9,0
1,0,637,0,0,0,0,1,17,0
1,26,302,0,8,0,0,1,9,0
0,30,0,2,0,0,0,1,2,0
1,13,874,1,6,0,0,1,19,0
0,29,0,2,0,0,0,0,150,1
0,46,0,0,0,0,0,1,22,0
0,3,0,0,0,0,0,1,15,0
0,14,0,0,0,0,0,1,7,0
1,7,981,1,3,0,0,1,1,0
0,27,0,3,0,0,0,0,73,1
0,25,0,9,0,1,0,1,39,1
1,83,402,12,20,1,0,0,16,1
1,13,46,3,4,0,0,0,114,1
1,95,281,11,9,1,0,0,22,1
1,17,254,2,1,0,0,1,25,0
1,12,366,0,4,0,0,1,5,0
1,28,364,1,0,0,0,1,12,0
1,157,353,9,35,0,1,0,39,1
0,11,0,2,0,0,0,0,23,0
1,27,987,0,2,0,0,1,1,0
0,20,0,5,0,0,0,0,90,1
1,26,468,2,5,0,0,1,24,0
1,17,121,2,8,0,0,1,7,0
1,0,513,0,5,0,0,1,14,0
1,16,0,0,0,0,0,0,632,1
0,6,0,0,0,0,0,1,5,0
0,4,0,0,0,0,0,1,18,0
0,12,0,2,0,0,0,1,23,0
1,74,439,5,17,1,0,1,16,1
1,4,990,2,6,0,0,1,8,0
0,13,0,0,0,0,0,1,1,0
0,11,0,2,0,0,0,1,227,1
0,42,0,0,0,0,0,1,2,0
0,5,0,1,0,0,0,0,781,1
0,44,0,0,0,0,0,1,10,0
1,21,34,1,5,0,0,0,82,1
1,19,0,0,0,0,0,1,423,1
0,32,0,1,0,0,0,1,22,0
0,9,0,2,0,0,0,1,3,0
0,22,0,0,0,0,0,1,22,0
0,13,0,2,0,0,0,1,13,0
1,36,90,2,2,0,0,1,12,0
0,28,0,2,0,0,0,1,13,0
1,46,655,1,1,0,0,1,17,0
0,42,0,1,0,0,0,1,23,0
1,32,8,0,1,0,0,0,111,1
1,44,375,10,14,1,0,0,19,1
0,39,0,1,0,0,0,1,3,0
0,16,0,1,0,0,0,1,14,0
0,3,0,2,0,0,0,1,3,0
0,3,0,0,0,0,0,0,553,1
0,20,0,0,0,0,0,1,597,1
0,45,0,21,0,0,1,0,36,1
1,36,66,2,4,0,0,1,9,0
0,40,0,2,0,0,0,1,18,0
1,42,203,1,2,0,0,0,16,0
1,21,144,2,0,0,0,1,2,0
0,32,0,0,0,0,0,1,10,0
0,33,0,5,0,0,0,0,124,1
1,46,284,0,4,0,0,1,25,0
1,31,530,0,3,0,0,1,13,0
0,94,0,17,0,0,1,1,20,1
1,23,630,1,3,0,0,1,22,0
0,45,0,0,0,0,0,1,12,0
1,40,909,2,3,0,0,1,3,0
1,1,0,0,0,0,0,1,549,1
0,17,0,0,0,0,0,1,17,0
1,12,0,1,0,0,0,1,479,1
0,19,0,2,0,0,0,1,14,0
0,7,0,1,0,0,0,1,4,0
1,7,0,0,0,0,0,1,25,0
1,28,741,1,1,0,0,1,23,0
0,3,0,0,0,0,0,1,25,0
1,6,890,2,10,0,0,1,24,0
0,15,0,1,0,0,0,1,14,0
0,6,0,1,0,0,0,0,305,1
0,17,0,1,0,0,0,1,765,1
1,8,44,2,9,0,0,0,76,1
1,36,629,0,1,0,0,1,23,0
0,16,0,0,0,0,0,1,14,0
0,46,0,9,0,1,0,0,13,1
0,4,0,0,0,0,0,0,62,1
0,45,0,1,0,0,0,1,10,0
0,48,0,2,0,0,0,0,17,0
1,3,810,0,3,0,0,1,7,0
0,36,0,1,0,0,0,1,2,0
1,34,656,1,4,0,0,1,23,0
0,18,0,4,0,0,0,0,93,1
0,29,0,0,0,0,0,1,14,0
1,21,25,0,1,0,0,1,2,0
1,40,670,1,1,0,0,1,19,0
0,27,0,1,0,0,0,1,21,0
0,1,0,0,0,0,0,1,7,0
1,42,369,1,3,0,0,1,7,0
1,35,461,2,6,0,0,1,10,0
1,1,542,2,9,0,0,1,2,0
0,12,0,0,0,0,0,1,400,1
1,166,428,10,22,0,1,1,26,1
0,26,0,2,0,0,0,0,74,1
0,24,0,2,0,0,0,1,2,0
1,46,361,0,3,0,0,1,22,0
0,11,0,0,0,0,0,1,15,0
0,5,0,2,0,0,0,1,15,0
0,37,0,0,0,0,0,1,8,0
0,50,0,1,0,0,0,1,24,0
1,100,740,8,40,0,1,0,14,1
1,12,146,2,10,0,0,1,11,0
1,43,230,2,0,0,0,1,22,0
0,16,0,2,0,0,0,1,3,0
1,6,570,1,6,0,0,1,23,0
1,5,0,1,0,0,0,1,308,1
0,47,0,2,0,0,0,1,22,0
1,37,244,1,4,0,0,1,12,0
1,111,208,25,16,0,1,0,8,1
0,39,0,15,0,0,1,1,37,1
1,26,241,1,1,0,0,1,21,0
1,127,287,8,19,1,0,1,12,1
0,42,0,2,0,0,0,1,22,0
0,162,0,16,0,0,1,1,22,1
1,34,480,2,9,0,0,1,6,0
1,16,0,1,0,0,0,1,327,1
0,5,0,1,0,0,0,0,500,1
0,31,0,0,0,0,0,0,5,0
0,44,0,1,0,0,0,1,8,0
0,9,0,0,0,0,0,0,58,1
0,26,0,2,0,0,0,1,23,0
0,19,0,0,0,0,0,1,18,0
0,27,0,0,0,0,0,1,3,0
0,38,0,2,0,0,0,1,21,0
1,133,360,10,11,0,1,0,21,1
0,3,0,1,0,0,0,1,24,0
1,17,156,2,5,0,0,0,118,1
1,91,669,8,17,0,1,1,30,1
1,109,641,15,23,0,1,0,22,1
0,26,0,2,0,0,0,1,16,0
0,52,0,17,0,0,1,1,33,1
1,2,459,0,9,0,0,1,3,0
1,25,50,1,2,0,0,1,23,0
1,92,729,23,34,0,1,0,25,1
1,43,77,1,2,0,0,1,13,0
1,25,877,0,5,0,0,1,13,0
0,36,0,1,0,0,0,0,11,0
1,47,482,0,3,0,0,1,11,0
1,31,574,2,0,0,0,1,12,0
1,5,68,2,9,0,0,1,15,0
1,12,389,0,6,0,0,1,20,0
1,6,290,2,3,0,0,1,10,0
1,30,810,1,3,0,0,1,9,0
0,48,0,0,0,0,0,1,15,0
1,16,2,3,1,0,0,0,80,1
1,54,136,14,15,1,0,1,19,1
1,28,993,0,7,0,0,1,24,0
0,34,0,2,0,0,0,1,4,0
1,20,21,1,4,0,0,1,9,0
0,148,0,8,0,1,0,1,26,1
1,48,254,1,7,0,0,1,5,0
1,24,698,1,8,0,0,1,20,0
1,7,864,1,7,0,0,1,7,0
0,100,0,11,0,1,0,1,9,1
1,16,393,1,0,0,0,1,17,0
0,5,0,0,0,0,0,1,13,0
1,80,88,13,18,1,0,1,38,1
1,46,650,1,4,0,0,0,7,0
0,0,0,1,0,0,0,0,536,1
0,6,0,2,0,0,0,1,11,0
1,24,553,1,4,0,0,1,9,0
0,0,0,2,0,0,0,0,414,1
0,40,0,1,0,0,0,1,16,0
1,49,68,2,2,0,0,1,12,0
0,42,0,1,0,0,0,1,6,0
1,15,0,2,0,0,0,0,418,1
0,59,0,18,0,0,1,1,12,1
1,2,246,0,9,0,0,1,4,0
0,8,0,0,0,0,0,1,18,0
1,7,10,0,6,0,0,0,140,1
1,17,308,0,5,0,0,1,10,0
0,8,0,2,0,0,0,1,11,0
0,21,0,2,0,0,0,1,9,0
1,44,978,0,3,0,0,1,13,0
0,11,0,0,0,0,0,1,21,0
0,45,0,1,0,0,0,1,20,0
1,44,612,0,2,0,0,1,15,0
1,187,282,17,32,0,1,1,12,1
1,7,649,0,7,0,0,1,9,0
1,48,730,2,10,0,0,1,9,0
1,10,240,2,10,0,0,1,19,0
0,23,0,1,0,0,0,1,17,0
0,20,0,2,0,0,0,1,25,0
1,45,234,2,9,0,0,1,6,0
0,38,0,2,0,0,0,1,25,0
1,2,0,2,0,0,0,1,410,1
0,151,0,8,0,0,1,0,37,1
0,18,0,1,0,0,0,1,21,0
1,48,456,1,8,0,0,1,18,0
0,28,0,0,0,0,0,1,12,0
0,53,0,22,0,0,1,1,22,1
0,64,0,14,0,0,1,1,30,1
0,32,0,1,0,0,0,1,15,0
0,48,0,1,0,0,0,1,8,0
0,33,0,1,0,0,0,1,16,0
1,67,472,11,6,1,0,1,11,1
1,31,71,2,4,0,0,1,4,0
0,21,0,0,0,0,0,1,10,0
1,29,80,0,10,0,0,0,138,1
0,4,0,2,0,0,0,0,346,1
1,27,516,2,1,0,0,1,14,0
0,1,0,1,0,0,0,1,11,0
1,2,514,2,3,0,0,1,9,0
1,127,760,16,34,0,1,0,9,1
0,9,0,1,0,0,0,0,177,1
1,28,790,0,10,0,0,0,9,0
1,2,839,0,6,0,0,1,22,0
0,16,0,1,0,0,0,1,15,0
1,11,0,2,0,0,0,1,701,1
1,18,0,0,0,0,0,0,716,1
1,121,595,13,24,0,1,0,29,1
1,15,0,0,0,0,0,0,531,1
1,16,772,2,6,0,0,1,6,0
1,2,0,1,0,0,0,1,278,1
0,45,0,0,0,0,0,1,14,0
1,43,197,3,7,0,0,0,140,1
1,17,574,1,2,0,0,1,22,0
1,0,351,1,8,0,0,1,24,0
0,27,0,2,0,0,0,0,61,1
1,111,244,7,6,1,0,0,16,1
0,3,0,0,0,0,0,1,21,0
0,13,0,2,0,0,0,1,24,0
1,20,624,2,0,0,0,1,4,0
0,15,0,1,0,0,0,1,21,0
1,43,367,10,21,0,1,0,16,1
1,9,0,0,0,0,0,0,164,1
0,46,0,1,0,0,0,0,125,1
1,16,0,1,0,0,0,0,234,1
1,73,453,13,37,0,1,0,20,1
1,10,334,1,1,0,0,1,6,0
0,34,0,0,0,0,0,1,8,0
0,7,0,2,0,0,0,1,6,0
0,15,0,0,0,0,0,0,128,1
0,105,0,12,0,1,0,0,25,1
1,9,0,2,0,0,0,1,443,1
1,25,473,5,7,1,0,1,40,1
1,15,693,1,0,0,0,1,13,0
0,15,0,0,0,0,0,0,22,0
1,18,0,0,0,0,0,0,596,1
1,30,331,2,1,0,0,1,24,0
0,42,0,2,0,0,0,1,11,0
0,29,0,0,0,0,0,1,10,0
0,93,0,8,0,1,0,1,21,1
0,96,0,9,0,1,0,0,38,1
0,29,0,2,0,0,0,1,14,0
1,45,92,4,7,0,0,0,89,1
0,41,0,2,0,0,0,1,15,0
0,5,0,2,0,0,0,1,13,0
0,35,0,2,0,0,0,1,11,0
1,26,925,0,2,0,0,1,9,0
1,14,838,1,2,0,0,1,22,0
1,19,534,2,4,0,0,1,18,0
1,39,173,6,12,1,0,1,10,1
0,141,0,5,0,1,0,0,28,1
1,10,712,1,8,0,0,1,11,0
0,43,0,0,0,0,0,1,6,0
1,5,0,0,0,0,0,1,427,1
1,13,295,0,10,0,0,1,5,0
0,20,0,0,0,0,0,1,4,0
0,14,0,0,0,0,0,1,15,0
1,19,0,1,0,0,0,1,695,1
0,14,0,1,0,0,0,1,1,0
0,39,0,0,0,0,0,1,9,0
1,30,52,0,6,0,0,1,12,0
0,0,0,2,0,0,0,1,18,0
1,14,785,0,9,0,0,1,17,0
0,44,0,1,0,0,0,1,16,0
0,108,0,9,0,0,1,1,18,1
0,90,0,15,0,0,1,1,13,1
0,3,0,2,0,0,0,1,423,1
1,31,207,1,6,0,0,1,19,0
0,3,0,2,0,0,0,1,8,0
1,34,456,2,8,0,0,1,17,0
1,118,578,23,39,0,1,0,40,1
0,39,0,3,0,0,0,0,134,1
0,32,0,1,0,0,0,1,11,0
1,41,951,2,2,0,0,1,18,0
1,50,559,17,17,0,1,0,15,1
0,52,0,11,0,1,0,0,31,1
0,6,0,5,0,0,0,0,131,1
0,101,0,17,0,0,1,0,40,1
0,128,0,8,0,0,1,1,9,1
0,50,0,0,0,0,0,1,14,0
0,18,0,0,0,0,0,1,524,1
0,5,0,2,0,0,0,1,15,0
1,18,773,1,2,0,0,1,20,0
0,41,0,1,0,0,0,1,13,0
1,15,0,2,0,0,0,0,347,1
0,14,0,0,0,0,0,1,17,0
1,11,530,0,5,0,0,1,13,0
0,1,0,0,0,0,0,0,746,1
0,29,0,0,0,0,0,1,2,0
1,27,905,2,9,0,0,1,7,0
0,4,0,2,0,0,0,1,6,0
0,3,0,0,0,0,0,1,19,0
0,40,0,1,0,0,0,1,17,0
0,7,0,2,0,0,0,1,17,0
0,146,0,15,0,1,0,1,34,1
1,38,589,0,10,0,0,1,18,0
0,42,0,8,0,0,1,0,15,1
1,40,423,2,2,0,0,1,3,0
1,17,157,0,7,0,0,1,2,0
0,22,0,0,0,0,0,1,24,0
1,20,608,0,5,0,0,1,12,0
1,43,172,2,7,0,0,1,20,0
1,7,0,0,0,0,0,1,582,1
1,18,55,2,2,0,0,1,24,0
0,1,0,1,0,0,0,1,17,0
1,146,474,10,15,1,0,1,6,1
1,3,286,1,5,0,0,1,19,0
0,5,0,0,0,0,0,0,592,1
0,6,0,2,0,0,0,1,24,0
0,12,0,2,0,0,0,1,18,0
1,49,259,2,6,0,0,1,7,0
1,15,200,1,4,0,0,1,25,0
1,110,470,15,14,1,0,0,26,1
1,17,0,1,0,0,0,0,398,1
1,4,167,1,10,0,0,1,13,0
1,9,443,0,9,0,0,1,16,0
0,14,0,0,0,0,0,1,2,0
0,2,0,2,0,0,0,1,20,0
1,13,273,0,2,0,0,1,16,0
0,26,0,1,0,0,0,1,13,0
1,41,17,1,9,0,0,1,7,0
0,30,0,1,0,0,0,1,7,0
1,196,763,10,26,0,1,1,31,1
0,40,0,1,0,0,0,1,14,0
0,16,0,0,0,0,0,1,707,1
0,0,0,0,0,0,0,1,586,1
0,6,0,1,0,0,0,1,17,0
0,31,0,1,0,0,0,1,10,0
0,10,0,2,0,0,0,1,19,0
0,0,0,1,0,0,0,1,9,0
1,43,181,1,7,0,0,1,16,0
1,26,181,1,9,0,0,1,12,0
0,47,0,7,0,1,0,0,24,1
1,5,620,2,8,0,0,1,1,0
1,21,575,1,9,0,0,1,22,0
0,21,0,0,0,0,0,1,2,0
1,7,543,0,1,0,0,1,24,0
1,9,58,1,1,0,0,0,103,1
1,18,0,0,0,0,0,1,368,1
0,111,0,21,0,0,1,1,6,1
1,34,66,1,2,0,0,1,10,0
0,50,0,0,0,0,0,1,1,0
0,18,0,1,0,0,0,1,8,0
1,37,213,2,2,0,0,1,18,0
1,31,546,14,31,0,1,1,11,1
1,159,377,25,25,0,1,1,32,1
0,23,0,0,0,0,0,1,21,0
1,40,146,2,9,0,0,1,21,0
1,42,142,1,2,0,0,1,2,0
1,23,137,0,10,0,0,1,20,0
1,39,241,1,6,0,0,1,24,0
1,197,721,21,25,0,1,0,27,1
1,33,916,0,6,0,0,1,17,0
0,23,0,1,0,0,0,0,19,0
0,14,0,2,0,0,0,0,638,1
1,43,492,1,0,0,0,1,13,0
1,12,211,2,0,0,0,1,11,0
0,2,0,1,0,0,0,1,4,0
1,50,100,1,3,0,0,0,126,1
1,23,322,0,9,0,0,1,8,0
0,12,0,2,0,0,0,0,175,1
0,125,0,24,0,0,1,0,8,1
1,26,763,2,7,0,0,1,4,0
1,30,85,9,24,0,1,1,31,1
0,16,0,0,0,0,0,0,303,1
1,8,470,0,8,0,0,1,18,0
0,132,0,8,0,0,1,1,26,1
0,2,0,2,0,0,0,1,4,0
0,24,0,0,0,0,0,1,9,0
1,50,610,2,8,0,0,1,18,0
1,3,968,0,6,0,0,1,11,0
0,5,0,0,0,0,0,1,21,0
0,48,0,23,0,0,1,0,21,1
0,3,0,2,0,0,0,0,57,1
1,23,818,0,3,0,0,1,16,0
0,36,0,1,0,0,0,1,23,0
0,10,0,1,0,0,0,0,731,1
0,0,0,2,0,0,0,1,16,0
0,35,0,2,0,0,0,1,21,0
0,32,0,1,0,0,0,1,10,0
1,11,329,2,4,0,0,1,21,0
0,14,0,1,0,0,0,1,20,0
1,1,214,1,3,0,0,1,19,0
0,50,0,2,0,0,0,0,13,0
1,3,8,2,10,0,0,1,3,0
0,1,0,0,0,0,0,1,12,0
1,26,330,0,9,0,0,1,25,0
0,25,0,1,0,0,0,1,13,0
1,9,146,3,9,0,0,0,144,1
0,6,0,0,0,0,0,1,13,0
1,39,221,2,1,0,0,1,15,0
1,14,5,5,10,0,0,0,137,1
0,47,0,0,0,0,0,1,24,0
0,50,0,0,0,0,0,1,16,0
0,23,0,1,0,0,0,1,25,0
1,10,839,2,7,0,0,0,11,0
0,16,0,0,0,0,0,1,18,0
0,29,0,1,0,0,0,1,18,0
0,33,0,1,0,0,0,1,1,0
0,19,0,2,0,0,0,1,22,0
1,184,487,11,26,0,1,1,39,1
0,129,0,8,0,1,0,1,28,1
1,21,185,2,8,0,0,1,12,0
0,28,0,0,0,0,0,1,13,0
1,23,375,1,7,0,0,0,6,0
1,45,912,1,0,0,0,1,1,0
0,32,0,3,0,0,0,0,52,1
0,6,0,1,0,0,0,0,256,1
1,27,467,2,4,0,0,1,15,0
1,45,456,15,13,1,0,1,15,1
0,27,0,1,0,0,0,0,128,1
1,31,683,1,8,0,0,1,2,0
1,14,48,0,1,0,0,0,84,1
0,19,0,2,0,0,0,1,8,0
0,17,0,0,0,0,0,1,3,0
0,41,0,1,0,0,0,1,14,0
0,33,0,1,0,0,0,1,10,0
0,22,0,1,0,0,0,1,13,0
1,42,762,1,2,0,0,1,5,0
1,3,0,1,0,0,0,0,742,1
0,25,0,0,0,0,0,1,4,0
1,150,127,12,8,1,0,0,31,1
1,13,0,2,0,0,0,0,305,1
1,29,218,1,6,0,0,1,16,0
1,112,307,12,6,1,0,0,19,1
0,2,0,0,0,0,0,1,10,0
0,23,0,2,0,0,0,1,16,0
0,17,0,2,0,0,0,1,25,0
1,32,43,2,2,0,0,0,61,1
0,41,0,0,0,0,0,1,8,0
1,34,617,0,2,0,0,1,12,0
1,173,191,18,21,0,1,1,17,1
1,13,767,2,10,0,0,1,12,0
0,50,0,1,0,0,0,1,17,0
0,17,0,1,0,0,0,1,15,0
0,18,0,1,0,0,0,1,10,0
0,23,0,0,0,0,0,0,63,1
1,0,148,1,5,0,0,1,17,0
0,33,0,0,0,0,0,1,12,0
0,6,0,2,0,0,0,1,541,1
1,103,277,12,8,1,0,1,13,1
1,29,5,2,3,0,0,1,19,0
0,14,0,4,0,0,0,0,110,1
1,32,175,1,8,0,0,1,2,0
1,17,598,0,0,0,0,1,3,0
1,105,97,9,7,1,0,0,15,1
1,32,972,1,7,0,0,1,25,0
1,31,155,4,6,0,0,0,144,1
1,58,75,12,15,1,0,1,29,1
0,22,0,4,0,0,0,0,74,1
1,19,0,2,0,0,0,0,572,1
1,13,0,1,0,0,0,1,377,1
0,12,0,2,0,0,0,1,5,0
1,25,605,2,10,0,0,1,8,0
0,4,0,1,0,0,0,1,1,0
0,2,0,2,0,0,0,1,11,0
1,15,949,1,3,0,0,1,17,0
0,18,0,1,0,0,0,1,15,0
1,9,70,0,10,0,0,1,3,0
1,35,690,1,0,0,0,1,25,0
0,2,0,1,0,0,0,1,25,0
0,31,0,2,0,0,0,1,19,0
1,42,66,11,13,1,0,1,24,1
1,35,224,0,3,0,0,1,13,0
1,43,531,0,3,0,0,1,14,0
0,16,0,1,0,0,0,0,541,1
0,34,0,0,0,0,0,1,10,0
0,12,0,1,0,0,0,1,1,0
0,21,0,2,0,0,0,1,12,0
1,11,165,2,3,0,0,0,15,0
0,23,0,2,0,0,0,1,2,0
0,18,0,1,0,0,0,1,17,0
1,42,629,1,8,0,0,1,14,0
0,27,0,2,0,0,0,1,19,0
1,48,658,2,0,0,0,1,21,0
1,49,178,1,1,0,0,0,66,1
1,40,585,0,6,0,0,1,5,0
0,4,0,2,0,0,0,1,7,0
1,31,680,1,4,0,0,1,19,0
0,5,0,2,0,0,0,1,8,0
0,103,0,6,0,1,0,1,14,1
0,17,0,0,0,0,0,1,18,0
1,162,296,8,14,0,1,1,23,1
0,2,0,1,0,0,0,1,586,1
1,127,128,7,6,1,0,0,36,1
0,190,0,16,0,0,1,0,24,1
0,24,0,0,0,0,0,1,24,0
1,31,228,2,6,0,0,1,13,0
0,10,0,1,0,0,0,1,8,0
0,26,0,2,0,0,0,1,21,0
1,25,338,0,7,0,0,1,11,0
0,32,0,1,0,0,0,1,19,0
0,19,0,0,0,0,0,1,11,0
0,14,0,5,0,0,0,0,130,1
0,38,0,0,0,0,0,1,4,0
0,40,0,0,0,0,0,0,91,1
1,3,54,2,0,0,0,0,93,1
0,25,0,1,0,0,0,1,23,0
0,43,0,0,0,0,0,1,10,0
0,35,0,0,0,0,0,0,5,0
1,69,483,24,33,0,1,1,19,1
1,29,567,0,5,0,0,1,24,0
1,56,307,10,12,1,0,1,6,1
0,40,0,1,0,0,0,1,9,0
0,106,0,8,0,1,0,0,29,1
1,3,815,0,7,0,0,1,25,0
1,196,263,11,18,0,1,1,23,1
0,48,0,1,0,0,0,1,18,0
1,88,684,20,28,0,1,0,16,1
1,67,440,22,26,0,1,0,32,1
0,16,0,0,0,0,0,1,693,1
0,50,0,2,0,0,0,1,12,0
1,28,943,0,1,0,0,1,6,0
0,77,0,20,0,0,1,0,8,1
1,30,695,9,15,0,1,1,25,1
1,15,0,0,0,0,0,0,411,1
0,111,0,9,0,1,0,0,16,1
0,31,0,2,0,0,0,1,3,0
1,2,138,5,6,0,0,0,74,1
0,15,0,2,0,0,0,0,735,1
1,0,515,0,5,0,0,1,12,0
1,49,569,2,3,0,0,1,23,0
0,10,0,1,0,0,0,1,2,0
0,12,0,2,0,0,0,1,6,0
1,38,926,0,4,0,0,1,9,0
0,39,0,1,0,0,0,1,1,0
1,45,583,1,10,0,0,0,18,0
0,19,0,0,0,0,0,1,7,0
1,45,109,2,10,0,0,0,123,1
1,15,631,1,9,0,0,1,4,0
1,24,909,2,9,0,0,1,5,0
1,20,0,0,0,0,0,1,302,1
1,34,444,0,4,0,0,1,18,0
1,22,78,2,7,0,0,0,121,1
0,139,0,8,0,1,0,0,27,1
1,12,854,1,10,0,0,0,13,0
1,20,282,0,5,0,0,1,23,0
1,19,79,4,5,0,0,0,125,1
0,10,0,2,0,0,0,1,11,0
1,7,605,0,5,0,0,1,8,0
1,29,27,2,9,0,0,1,13,0
1,50,361,0,6,0,0,1,8,0
1,6,535,1,6,0,0,1,5,0
0,17,0,3,0,0,0,0,80,1
0,65,0,13,0,1,0,1,38,1
1,6,936,1,9,0,0,1,18,0
1,87,493,24,11,0,1,1,15,1
1,21,653,0,3,0,0,1,3,0
0,138,0,19,0,0,1,0,12,1
1,4,633,2,6,0,0,1,8,0
1,30,52,1,8,0,0,1,5,0
1,1,89,0,8,0,0,0,4,0
1,15,0,2,0,0,0,0,429,1
1,13,0,1,0,0,0,1,348,1
1,21,999,1,10,0,0,1,12,0
1,1,159,2,0,0,0,1,22,0
0,21,0,2,0,0,0,0,7,0
1,144,435,9,8,1,0,0,28,1
0,8,0,2,0,0,0,1,4,0
1,190,647,8,37,0,1,1,20,1
1,20,169,2,4,0,0,1,24,0
0,49,0,2,0,0,0,1,5,0
0,48,0,0,0,0,0,1,25,0
0,7,0,0,0,0,0,1,2,0
0,38,0,0,0,0,0,1,24,0
1,11,950,2,0,0,0,0,4,0
1,3,97,2,1,0,0,1,18,0
0,19,0,1,0,0,0,1,21,0
1,39,639,1,1,0,0,1,9,0
1,0,314,2,10,0,0,0,17,0
1,30,569,0,7,0,0,1,9,0
1,9,0,0,0,0,0,1,613,1
1,28,76,4,2,0,0,0,99,1
0,17,0,0,0,0,0,1,24,0
1,83,225,6,13,1,0,0,30,1
0,129,0,11,0,0,1,1,35,1
0,196,0,20,0,0,1,0,23,1
0,1,0,1,0,0,0,1,22,0
1,3,0,0,0,0,0,1,413,1
1,21,953,2,4,0,0,1,11,0
0,10,0,0,0,0,0,1,8,0
1,31,891,2,4,0,0,1,21,0
1,4,168,1,7,0,0,1,9,0
1,9,51,2,8,0,0,1,1,0
1,65,59,17,30,0,1,1,17,1
1,32,73,0,0,0,0,0,83,1
1,20,0,0,0,0,0,0,224,1
0,8,0,0,0,0,0,1,21,0
0,41,0,1,0,0,0,1,18,0
0,12,0,2,0,0,0,1,14,0
1,4,129,1,7,0,0,1,6,0
0,38,0,0,0,0,0,1,17,0
0,7,0,2,0,0,0,1,3,0
0,10,0,1,0,0,0,1,2,0
0,42,0,11,0,1,0,1,26,1
0,21,0,5,0,1,0,1,8,1
0,6,0,1,0,0,0,1,23,0
0,0,0,2,0,0,0,1,18,0
1,24,19,1,8,0,0,1,24,0
1,20,5,1,1,0,0,1,1,0
1,11,155,2,0,0,0,0,114,1
0,13,0,1,0,0,0,1,23,0
0,44,0,1,0,0,0,1,17,0
1,32,333,0,10,0,0,1,22,0
1,6,982,2,2,0,0,1,22,0
0,42,0,2,0,0,0,1,12,0
0,28,0,0,0,0,0,1,10,0
0,5,0,2,0,0,0,1,431,1
1,174,208,21,37,0,1,1,35,1
1,27,972,2,10,0,0,1,24,0
0,26,0,3,0,0,0,0,76,1
0,4,0,1,0,0,0,0,138,1
1,106,113,16,13,0,1,0,9,1
0,50,0,2,0,0,0,1,15,0
0,8,0,1,0,0,0,1,15,0
0,80,0,7,0,1,0,0,14,1
0,1,0,1,0,0,0,1,21,0
0,41,0,13,0,1,0,0,6,1
0,185,0,17,0,0,1,0,31,1
0,181,0,15,0,0,1,1,37,1
0,50,0,1,0,0,0,1,3,0
0,17,0,1,0,0,0,1,13,0
1,10,0,1,0,0,0,0,656,1
0,23,0,0,0,0,0,0,100,1
0,19,0,0,0,0,0,1,1,0
0,6,0,1,0,0,0,0,561,1
0,90,0,10,0,1,0,1,8,1
0,37,0,2,0,0,0,1,4,0
1,7,162,1,9,0,0,1,10,0
1,49,319,1,9,0,0,1,20,0
0,37,0,0,0,0,0,1,11,0
0,18,0,2,0,0,0,1,21,0
1,35,383,12,8,1,0,1,7,1
1,24,294,1,1,0,0,1,17,0
0,33,0,1,0,0,0,1,2,0
1,150,464,20,12,0,1,1,5,1
0,37,0,2,0,0,0,1,8,0
1,21,234,2,0,0,0,1,25,0
1,2,740,2,6,0,0,1,21,0
1,21,52,2,6,0,0,1,3,0
1,1,707,0,8,0,0,1,17,0
1,128,774,19,31,0,1,1,28,1
0,32,0,0,0,0,0,0,74,1
0,50,0,1,0,0,0,1,6,0
0,43,0,0,0,0,0,1,13,0
1,10,0,1,0,0,0,0,487,1
1,40,232,0,2,0,0,1,18,0
0,34,0,2,0,0,0,1,6,0
0,19,0,0,0,0,0,0,578,1
0,40,0,1,0,0,0,1,13,0
0,47,0,2,0,0,0,1,4,0
1,25,218,0,1,0,0,1,11,0
0,89,0,13,0,0,1,0,11,1
0,18,0,0,0,0,0,1,10,0
0,34,0,2,0,0,0,1,12,0
0,41,0,1,0,0,0,1,15,0
0,20,0,1,0,0,0,1,10,0
0,32,0,2,0,0,0,1,13,0
0,30,0,0,0,0,0,1,14,0
1,50,619,1,6,0,0,1,22,0
0,41,0,2,0,0,0,1,2,0
0,10,0,0,0,0,0,1,565,1
1,40,374,0,10,0,0,1,2,0
0,46,0,1,0,0,0,0,111,1
1,16,360,2,6,0,0,1,17,0
1,147,477,15,5,1,0,0,37,1
1,13,623,1,9,0,0,1,12,0
1,7,0,1,0,0,0,0,652,1
1,50,617,1,8,0,0,1,16,0
0,35,0,0,0,0,0,1,16,0
0,23,0,0,0,0,0,1,7,0
1,37,520,1,6,0,0,1,25,0
0,30,0,2,0,0,0,1,23,0
1,20,105,1,8,0,0,0,105,1
0,8,0,1,0,0,0,1,18,0
0,14,0,1,0,0,0,0,20,0
0,13,0,1,0,0,0,1,15,0
1,2,365,0,2,0,0,1,20,0
1,111,322,15,10,1,0,1,29,1
1,1,0,0,0,0,0,1,772,1
0,16,0,2,0,0,0,1,11,0
0,25,0,2,0,0,0,1,19,0
0,9,0,2,0,0,0,1,11,0
1,197,538,19,11,0,1,0,6,1
1,36,132,4,6,0,0,0,92,1
0,30,0,1,0,0,0,1,11,0
0,10,0,2,0,0,0,1,23,0
0,70,0,6,0,1,0,1,32,1
1,52,591,14,40,0,1,0,19,1
1,92,463,18,22,0,1,1,29,1
0,31,0,1,0,0,0,1,23,0
0,179,0,17,0,0,1,1,26,1
0,30,0,0,0,0,0,0,83,1
0,48,0,1,0,0,0,1,3,0
1,48,346,0,2,0,0,1,12,0
0,62,0,9,0,1,0,0,29,1
0,19,0,0,0,0,0,1,20,0
0,28,0,0,0,0,0,1,13,0
0,44,0,1,0,0,0,1,19,0
0,2,0,0,0,0,0,0,234,1
1,29,435,0,1,0,0,0,13,0
1,44,143,2,0,0,0,1,22,0
1,27,427,1,0,0,0,1,6,0
0,11,0,2,0,0,0,1,22,0
1,181,359,10,25,0,1,1,31,1
1,36,321,0,1,0,0,1,13,0
1,16,0,2,0,0,0,0,410,1
0,0,0,1,0,0,0,1,4,0
0,3,0,2,0,0,0,0,418,1
1,45,274,1,10,0,0,1,16,0
1,4,10,1,7,0,0,1,15,0
0,194,0,10,0,0,1,0,20,1
0,16,0,1,0,0,0,1,14,0
0,12,0,1,0,0,0,0,732,1
1,42,881,0,3,0,0,1,24,0
0,38,0,1,0,0,0,1,16,0
1,2,0,1,0,0,0,0,561,1
1,47,348,0,5,0,0,1,18,0
0,20,0,1,0,0,0,1,22,0
1,0,298,0,7,0,0,1,24,0
0,7,0,4,0,0,0,0,97,1
0,11,0,2,0,0,0,1,22,0
0,15,0,1,0,0,0,1,24,0
0,16,0,1,0,0,0,1,23,0
0,2,0,0,0,0,0,1,8,0
0,38,0,3,0,0,0,0,101,1
1,41,458,0,4,0,0,1,12,0
0,28,0,2,0,0,0,1,8,0
1,50,698,0,3,0,0,1,5,0
1,8,82,4,5,0,0,0,145,1
0,14,0,2,0,0,0,1,5,0
1,48,62,1,0,0,0,1,21,0
0,123,0,5,0,1,0,0,13,1
0,23,0,1,0,0,0,0,25,0
0,43,0,1,0,0,0,1,8,0
1,15,290,0,7,0,0,1,16,0
1,140,400,11,8,1,0,0,38,1
1,45,625,2,4,0,0,1,22,0
1,82,259,5,20,1,0,1,30,1
0,47,0,0,0,0,0,1,16,0
1,27,47,2,8,0,0,1,24,0
1,19,337,2,9,0,0,1,16,0
0,27,0,4,0,0,0,0,126,1
1,42,22,2,3,0,0,1,13,0
0,47,0,0,0,0,0,1,19,0
0,26,0,2,0,0,0,1,2,0
1,4,664,1,9,0,0,1,20,0
0,8,0,1,0,0,0,0,465,1
0,18,0,1,0,0,0,1,1,0
1,30,575,12,17,0,1,0,18,1
1,37,153,1,10,0,0,1,11,0
0,48,0,5,0,1,0,0,22,1
1,5,0,0,0,0,0,1,444,1
0,24,0,1,0,0,0,1,15,0
1,20,275,0,2,0,0,1,4,0
1,120,250,10,13,1,0,0,29,1
1,31,74,2,1,0,0,0,12,0
0,22,0,1,0,0,0,1,16,0
0,54,0,8,0,1,0,0,24,1
0,21,0,1,0,0,0,1,23,0
1,7,170,1,8,0,0,1,13,0
0,22,0,3,0,0,0,0,100,1
0,134,0,12,0,0,1,1,7,1
0,161,0,11,0,0,1,1,23,1
0,3,0,2,0,0,0,1,4,0
1,24,124,0,1,0,0,0,116,1
1,8,110,2,9,0,0,1,20,0
0,184,0,25,0,0,1,0,8,1
1,47,17,3,8,0,0,0,73,1
0,23,0,1,0,0,0,1,25,0
0,6,0,2,0,0,0,1,196,1
0,1,0,1,0,0,0,1,5,0
0,28,0,1,0,0,0,1,5,0
0,21,0,2,0,0,0,0,67,1
1,10,0,0,0,0,0,1,427,1
1,4,0,0,0,0,0,0,158,1
0,46,0,1,0,0,0,1,6,0
1,28,108,2,2,0,0,1,12,0
0,37,0,2,0,0,0,1,10,0
1,5,0,2,0,0,0,0,288,1
0,30,0,2,0,0,0,1,5,0
1,139,225,8,20,1,0,1,27,1
1,38,952,1,3,0,0,1,2,0
1,182,683,18,16,0,1,0,26,1
0,4,0,2,0,0,0,1,17,0
1,26,980,2,4,0,0,1,4,0
1,12,149,2,2,0,0,1,2,0
0,45,0,11,0,1,0,1,39,1
0,6,0,2,0,0,0,0,511,1
0,25,0,0,0,0,0,1,11,0
0,42,0,2,0,0,0,1,15,0
0,45,0,2,0,0,0,1,19,0
0,7,0,0,0,0,0,1,16,0
1,40,604,2,4,0,0,1,25,0
1,9,500,0,1,0,0,1,18,0
1,8,950,1,1,0,0,1,4,0
0,20,0,1,0,0,0,1,19,0
0,1,0,0,0,0,0,1,5,0
1,4,939,2,0,0,0,1,15,0
0,1,0,0,0,0,0,1,13,0
1,6,479,1,10,0,0,1,2,0
0,44,0,0,0,0,0,1,16,0
0,30,0,2,0,0,0,1,21,0
0,127,0,10,0,1,0,1,20,1
1,50,226,17,32,0,1,1,24,1
0,12,0,5,0,0,0,0,57,1
1,0,772,0,10,0,0,1,10,0
1,37,678,0,6,0,0,1,3,0
1,36,826,2,4,0,0,1,3,0
0,8,0,1,0,0,0,0,425,1
0,14,0,1,0,0,0,1,11,0
0,143,0,13,0,1,0,0,22,1
1,41,442,13,20,1,0,0,22,1
1,128,353,7,11,1,0,0,22,1
1,34,168,0,3,0,0,1,10,0
0,17,0,2,0,0,0,0,615,1
1,48,906,1,9,0,0,1,12,0
0,21,0,0,0,0,0,1,2,0
1,28,216,5,9,1,0,1,39,1
1,9,0,0,0,0,0,0,766,1
0,43,0,1,0,0,0,1,2,0
1,3,918,0,7,0,0,1,14,0
0,16,0,1,0,0,0,1,14,0
1,12,407,1,5,0,0,1,21,0
0,4,0,1,0,0,0,0,787,1
1,4,92,2,10,0,0,1,16,0
0,45,0,0,0,0,0,1,11,0
1,122,92,7,7,1,0,1,7,1
0,48,0,2,0,0,0,1,10,0
0,10,0,1,0,0,0,1,1,0
0,43,0,0,0,0,0,1,3,0
1,14,663,0,6,0,0,1,13,0
0,42,0,1,0,0,0,1,16,0
0,52,0,14,0,1,0,0,29,1
0,43,0,2,0,0,0,1,23,0
1,68,293,9,31,0,1,1,22,1
1,20,576,0,9,0,0,1,21,0
1,47,37,2,8,0,0,0,70,1
0,16,0,1,0,0,0,1,14,0
1,45,246,12,10,1,0,0,29,1
0,1,0,0,0,0,0,1,717,1
1,36,69,0,3,0,0,1,17,0
1,26,856,0,6,0,0,1,11,0
1,198,207,24,38,0,1,0,26,1
1,32,136,5,4,0,0,0,122,1
1,40,25,0,0,0,0,0,135,1
0,7,0,0,0,0,0,0,654,1
0,35,0,1,0,0,0,1,2,0
0,41,0,0,0,0,0,1,18,0
0,47,0,2,0,0,0,1,4,0
0,33,0,1,0,0,0,1,5,0
0,21,0,1,0,0,0,1,4,0
1,1,0,2,0,0,0,0,248,1
1,15,688,1,10,0,0,1,17,0
0,28,0,0,0,0,0,1,20,0
0,23,0,9,0,1,0,1,5,1
0,27,0,2,0,0,0,1,18,0
0,13,0,1,0,0,0,1,14,0
0,91,0,12,0,1,0,1,40,1
0,45,0,1,0,0,0,1,1,0
0,37,0,2,0,0,0,1,22,0
0,41,0,1,0,0,0,1,21,0
0,0,0,1,0,0,0,1,14,0
1,94,75,7,11,1,0,0,8,1
0,42,0,2,0,0,0,1,19,0
0,33,0,2,0,0,0,1,12,0
0,19,0,2,0,0,0,1,798,1
1,181,394,8,23,0,1,0,7,1
0,48,0,1,0,0,0,1,6,0
0,7,0,0,0,0,0,1,25,0
0,12,0,4,0,0,0,0,117,1
1,99,255,5,8,1,0,1,11,1
0,178,0,9,0,0,1,0,17,1
1,33,231,2,0,0,0,1,4,0
0,11,0,0,0,0,0,0,650,1
1,24,452,2,6,0,0,1,18,0
0,7,0,1,0,0,0,1,24,0
1,1,167,1,7,0,0,1,18,0
0,122,0,14,0,1,0,0,25,1
0,40,0,5,0,0,0,0,117,1
1,5,436,2,1,0,0,1,23,0
1,163,497,14,24,0,1,0,14,1
1,20,756,0,0,0,0,1,2,0
0,45,0,10,0,1,0,0,33,1
0,44,0,0,0,0,0,1,21,0
1,40,191,2,1,0,0,0,58,1
1,29,515,0,10,0,0,1,5,0
1,48,435,2,1,0,0,1,16,0
0,49,0,0,0,0,0,1,17,0
1,26,64,1,5,0,0,1,19,0
0,6,0,0,0,0,0,1,9,0
0,18,0,1,0,0,0,1,500,1
1,43,936,1,2,0,0,1,10,0
0,37,0,1,0,0,0,1,21,0
1,10,319,1,8,0,0,1,19,0
1,119,125,17,34,0,1,1,7,1
0,8,0,1,0,0,0,1,760,1
0,18,0,2,0,0,0,1,25,0
0,29,0,0,0,0,0,1,25,0
0,22,0,0,0,0,0,0,7,0
1,43,397,7,13,1,0,1,24,1
0,47,0,0,0,0,0,1,25,0
0,13,0,5,0,0,0,0,94,1
0,19,0,0,0,0,0,1,21,0
1,10,834,1,8,0,0,1,3,0
1,32,781,2,4,0,0,1,12,0
0,7,0,2,0,0,0,1,22,0
1,10,536,0,10,0,0,1,23,0
1,182,221,9,16,0,1,0,20,1
0,92,0,18,0,0,1,1,30,1
1,44,372,2,6,0,0,1,9,0
1,27,684,1,7,0,0,1,21,0
0,16,0,1,0,0,0,0,579,1
1,34,589,0,10,0,0,1,1,0
0,20,0,2,0,0,0,0,258,1
1,21,942,1,2,0,0,1,5,0
0,43,0,0,0,0,0,1,15,0
0,18,0,1,0,0,0,0,88,1
1,45,844,1,2,0,0,0,9,0
0,24,0,1,0,0,0,1,10,0
0,13,0,0,0,0,0,0,468,1
1,32,856,2,6,0,0,1,23,0
1,44,464,2,10,0,0,1,12,0
0,3,0,0,0,0,0,1,18,0
1,30,308,0,5,0,0,1,25,0
1,9,540,2,5,0,0,1,24,0
0,6,0,2,0,0,0,1,14,0
0,19,0,1,0,0,0,1,6,0
1,9,716,0,3,0,0,1,23,0
0,31,0,2,0,0,0,1,22,0
0,107,0,11,0,1,0,0,13,1
1,65,676,22,39,0,1,0,23,1
0,2,0,1,0,0,0,1,25,0
1,22,788,0,5,0,0,1,15,0
0,16,0,1,0,0,0,0,718,1
1,8,221,2,4,0,0,1,7,0
1,50,349,15,18,1,0,1,11,1
1,42,87,2,8,0,0,1,24,0
0,48,0,4,0,0,0,0,150,1
0,26,0,2,0,0,0,0,22,0
1,20,276,2,1,0,0,1,13,0
0,24,0,5,0,1,0,0,30,1
1,87,301,7,14,1,0,1,10,1
1,29,132,2,2,0,0,1,11,0
1,42,484,0,10,0,0,1,13,0
1,47,772,0,10,0,0,1,3,0
1,24,309,0,10,0,0,1,15,0
1,18,0,0,0,0,0,0,611,1
1,29,53,0,2,0,0,1,3,0
1,12,987,0,6,0,0,1,19,0
0,20,0,2,0,0,0,0,595,1
0,17,0,0,0,0,0,1,25,0
1,15,53,0,7,0,0,1,16,0
0,13,0,1,0,0,0,1,17,0
1,40,515,2,10,0,0,1,24,0
0,16,0,2,0,0,0,1,7,0
0,35,0,2,0,0,0,1,24,0
1,31,393,0,1,0,0,1,5,0
1,181,596,13,18,0,1,0,17,1
1,49,258,7,15,1,0,0,6,1
0,15,0,1,0,0,0,1,23,0
0,1,0,2,0,0,0,1,11,0
0,132,0,15,0,1,0,1,33,1
1,11,254,0,7,0,0,1,19,0
1,1,621,1,0,0,0,1,2,0
1,6,537,2,7,0,0,1,17,0
0,137,0,12,0,0,1,0,9,1
0,16,0,0,0,0,0,0,145,1
0,5,0,2,0,0,0,1,13,0
1,45,156,1,9,0,0,0,66,1
1,0,758,0,9,0,0,1,21,0
0,24,0,3,0,0,0,0,117,1
0,0,0,1,0,0,0,0,58,1
1,10,876,2,1,0,0,1,3,0
1,47,82,1,8,0,0,0,90,1
1,119,262,7,17,1,0,0,12,1
0,50,0,5,0,0,0,0,149,1
0,23,0,1,0,0,0,1,21,0
1,33,767,1,10,0,0,1,23,0
1,6,309,0,6,0,0,1,23,0
0,32,0,1,0,0,0,1,6,0
0,16,0,2,0,0,0,1,277,1
0,41,0,0,0,0,0,1,8,0
0,49,0,2,0,0,0,0,13,0
0,38,0,0,0,0,0,1,2,0
0,29,0,0,0,0,0,1,24,0
0,45,0,2,0,0,0,1,5,0
0,7,0,1,0,0,0,0,388,1
1,51,389,20,29,0,1,1,13,1
1,25,317,1,10,0,0,1,19,0
0,29,0,2,0,0,0,1,21,0
1,23,224,0,3,0,0,1,25,0
0,40,0,1,0,0,0,1,8,0
1,4,691,0,7,0,0,1,23,0
0,130,0,12,0,1,0,1,29,1
1,4,354,0,4,0,0,1,2,0
1,42,694,0,4,0,0,1,19,0
0,33,0,0,0,0,0,1,22,0
1,5,0,1,0,0,0,1,328,1
0,29,0,2,0,0,0,0,97,1
0,7,0,1,0,0,0,1,498,1
0,5,0,0,0,0,0,1,13,0
0,5,0,1,0,0,0,0,527,1
1,24,117,2,3,0,0,1,5,0
1,21,850,2,0,0,0,1,23,0
0,179,0,12,0,0,1,1,36,1
0,17,0,2,0,0,0,1,24,0
0,17,0,1,0,0,0,1,15,0
1,21,55,2,9,0,0,0,117,1
1,46,468,1,2,0,0,1,14,0
0,24,0,2,0,0,0,1,11,0
1,0,185,0,2,0,0,1,17,0
1,31,947,2,10,0,0,1,7,0
1,1,0,2,0,0,0,0,191,1
0,196,0,11,0,0,1,0,39,1
0,11,0,2,0,0,0,1,6,0
0,39,0,2,0,0,0,1,17,0
0,3,0,1,0,0,0,1,4,0
1,4,368,2,3,0,0,1,12,0
0,106,0,9,0,1,0,0,32,1
0,43,0,0,0,0,0,1,17,0
0,25,0,1,0,0,0,1,14,0
0,37,0,2,0,0,0,1,2,0
0,5,0,1,0,0,0,1,23,0
0,22,0,0,0,0,0,1,7,0
1,131,130,11,18,1,0,0,26,1
0,38,0,1,0,0,0,1,4,0
0,141,0,10,0,0,1,1,23,1
1,35,187,4,5,0,0,0,54,1
1,6,7,0,0,0,0,1,22,0
0,28,0,2,0,0,0,1,10,0
1,2,314,1,2,0,0,1,25,0
0,8,0,1,0,0,0,1,153,1
0,40,0,5,0,0,0,0,147,1
0,33,0,0,0,0,0,1,6,0
1,41,397,1,2,0,0,1,18,0
1,13,320,2,7,0,0,1,1,0
1,17,6,4,1,0,0,0,83,1
0,12,0,3,0,0,0,0,75,1
0,13,0,2,0,0,0,0,473,1
0,28,0,1,0,0,0,1,2,0
1,43,527,1,1,0,0,1,17,0
0,45,0,1,0,0,0,1,2,0
0,32,0,14,0,0,1,1,21,1
1,14,378,2,6,0,0,1,22,0
1,42,123,2,3,0,0,1,22,0
1,35,199,0,10,0,0,0,19,0
1,10,450,1,8,0,0,1,23,0
0,2,0,2,0,0,0,0,428,1
0,3,0,2,0,0,0,1,23,0
0,10,0,1,0,0,0,1,776,1
1,46,261,0,1,0,0,1,3,0
0,64,0,15,0,0,1,0,16,1
1,17,496,0,2,0,0,1,2,0
0,15,0,2,0,0,0,1,24,0
1,13,34,1,6,0,0,1,20,0
0,30,0,1,0,0,0,1,13,0
0,0,0,1,0,0,0,1,18,0
1,5,0,0,0,0,0,1,268,1
1,29,521,1,8,0,0,0,2,0
1,29,133,1,3,0,0,1,9,0
1,111,552,8,19,0,1,0,11,1
0,23,0,0,0,0,0,1,20,0
1,8,959,0,3,0,0,1,1,0
1,2,545,2,9,0,0,1,21,0
1,42,363,2,8,0,0,0,22,0
1,0,220,2,10,0,0,1,20,0
1,139,384,25,15,0,1,0,24,1
0,16,0,2,0,0,0,1,11,0
0,15,0,2,0,0,0,1,3,0
0,6,0,2,0,0,0,0,702,1
1,15,96,0,6,0,0,0,117,1
0,6,0,0,0,0,0,1,20,0
1,12,783,1,1,0,0,1,21,0
0,67,0,16,0,0,1,1,23,1
1,20,667,1,5,0,0,1,23,0
0,29,0,2,0,0,0,1,23,0
0,46,0,1,0,0,0,1,1,0
1,2,633,1,2,0,0,1,8,0
1,28,202,0,1,0,0,1,3,0
0,135,0,9,0,1,0,0,27,1
0,76,0,24,0,0,1,1,15,1
1,6,65,1,3,0,0,1,21,0
1,30,821,1,7,0,0,1,9,0
0,196,0,12,0,0,1,0,27,1
1,48,637,1,1,0,0,1,6,0
0,5,0,0,0,0,0,1,23,0
0,27,0,1,0,0,0,1,19,0
1,43,45,3,0,0,0,0,125,1
1,10,790,1,10,0,0,1,8,0
1,50,857,2,6,0,0,1,4,0
1,22,279,2,4,0,0,1,16,0
0,44,0,2,0,0,0,1,5,0
1,3,772,0,6,0,0,1,25,0
1,15,571,2,9,0,0,1,19,0
0,11,0,0,0,0,0,1,18,0
0,5,0,1,0,0,0,0,365,1
0,26,0,0,0,0,0,1,1,0
0,133,0,23,0,0,1,1,28,1
1,7,556,2,6,0,0,1,15,0
1,78,145,11,7,1,0,1,14,1
1,14,84,2,6,0,0,0,85,1
1,3,75,1,10,0,0,1,8,0
0,1,0,1,0,0,0,1,11,0
0,92,0,16,0,0,1,1,29,1
0,37,0,0,0,0,0,1,9,0
0,45,0,0,0,0,0,1,25,0
1,21,54,0,0,0,0,1,24,0
1,47,240,0,2,0,0,1,5,0
0,40,0,0,0,0,0,1,25,0
0,2,0,2,0,0,0,1,20,0
0,49,0,2,0,0,0,1,25,0
0,5,0,2,0,0,0,1,15,0
1,28,67,1,1,0,0,0,83,1
1,50,526,0,2,0,0,0,15,0
1,24,419,0,9,0,0,1,22,0
0,29,0,0,0,0,0,1,13,0
0,30,0,2,0,0,0,1,17,0
1,47,532,2,9,0,0,0,21,0
1,43,593,2,4,0,0,1,24,0
0,47,0,1,0,0,0,1,15,0
1,26,65,2,1,0,0,1,8,0
0,16,0,0,0,0,0,0,608,1
0,48,0,2,0,0,0,1,2,0
1,21,689,0,4,0,0,1,19,0
0,20,0,14,0,1,0,1,31,1
1,91,208,5,18,1,0,0,7,1
1,11,993,1,2,0,0,1,21,0
1,31,125,1,7,0,0,1,8,0
0,12,0,0,0,0,0,1,412,1
0,44,0,0,0,0,0,1,11,0
1,16,665,0,9,0,0,0,17,0
1,24,401,1,6,0,0,1,10,0
0,16,0,1,0,0,0,1,2,0
1,47,568,0,7,0,0,1,17,0
0,4,0,2,0,0,0,1,162,1
0,2,0,1,0,0,0,1,20,0
0,9,0,1,0,0,0,1,22,0
1,74,362,13,7,1,0,1,10,1
1,31,228,0,9,0,0,1,13,0
0,17,0,2,0,0,0,0,672,1
1,48,550,1,4,0,0,1,19,0
0,134,0,6,0,1,0,0,16,1
1,24,984,2,4,0,0,1,23,0
1,31,552,0,7,0,0,1,11,0
0,125,0,9,0,0,1,1,32,1
1,41,162,1,4,0,0,1,13,0
1,6,846,1,8,0,0,1,13,0
1,50,232,2,9,0,0,1,9,0
1,8,673,1,4,0,0,1,7,0
1,32,160,1,2,0,0,1,6,0
1,18,821,2,7,0,0,1,11,0
0,34,0,0,0,0,0,1,5,0
0,45,0,2,0,0,0,1,7,0
0,20,0,2,0,0,0,1,21,0
1,2,0,1,0,0,0,0,206,1
1,29,182,0,4,0,0,0,79,1
1,128,443,15,12,1,0,0,10,1
0,30,0,1,0,0,0,1,13,0
1,48,638,0,7,0,0,1,24,0
0,166,0,12,0,0,1,0,23,1
0,4,0,1,0,0,0,1,23,0
1,40,416,0,2,0,0,1,16,0
0,11,0,0,0,0,0,1,9,0
0,40,0,0,0,0,0,1,23,0
1,29,882,0,8,0,0,1,9,0
0,36,0,1,0,0,0,1,1,0
1,20,0,1,0,0,0,0,762,1
1,131,296,9,7,1,0,1,19,1
1,15,187,2,1,0,0,0,77,1
0,47,0,2,0,0,0,1,14,0
0,22,0,1,0,0,0,1,23,0
1,18,0,0,0,0,0,0,580,1
1,36,653,1,2,0,0,1,6,0
0,31,0,0,0,0,0,1,17,0
1,122,437,10,13,1,0,1,24,1
0,149,0,15,0,1,0,1,22,1
0,4,0,2,0,0,0,1,17,0
0,47,0,1,0,0,0,1,24,0
0,34,0,0,0,0,0,1,1,0
1,45,34,5,5,0,0,0,92,1
0,15,0,5,0,0,0,0,76,1
0,22,0,0,0,0,0,1,21,0
0,17,0,2,0,0,0,1,387,1
0,11,0,0,0,0,0,1,1,0
0,40,0,0,0,0,0,0,101,1
0,12,0,2,0,0,0,1,20,0
0,11,0,1,0,0,0,0,17,0
1,105,185,15,12,1,0,1,8,1
0,118,0,14,0,1,0,0,22,1
0,18,0,2,0,0,0,1,16,0
0,2,0,2,0,0,0,1,17,0
1,50,873,0,10,0,0,1,5,0
1,27,23,1,8,0,0,1,15,0
0,34,0,1,0,0,0,1,17,0
0,127,0,16,0,0,1,1,19,1
1,46,479,1,3,0,0,1,18,0
1,90,480,5,19,1,0,0,22,1
1,2,663,2,8,0,0,1,12,0
1,46,677,2,0,0,0,1,18,0
1,44,505,2,6,0,0,0,19,0
0,50,0,1,0,0,0,1,15,0
0,38,0,0,0,0,0,1,9,0
0,43,0,2,0,0,0,1,4,0
0,27,0,2,0,0,0,1,11,0
0,35,0,9,0,1,0,0,38,1
0,16,0,2,0,0,0,0,149,1
0,24,0,0,0,0,0,1,5,0
0,44,0,2,0,0,0,1,8,0
0,16,0,1,0,0,0,1,25,0
1,65,332,10,19,0,1,1,20,1
0,28,0,2,0,0,0,1,24,0
0,28,0,2,0,0,0,1,8,0
0,38,0,4,0,0,0,0,113,1
0,79,0,18,0,0,1,1,40,1
1,49,305,1,7,0,0,1,21,0
0,2,0,1,0,0,0,0,534,1
0,15,0,1,0,0,0,1,25,0
1,8,482,0,4,0,0,1,22,0
0,22,0,2,0,0,0,1,24,0
1,44,322,13,12,1,0,0,28,1
0,117,0,8,0,1,0,0,18,1
1,23,598,1,3,0,0,1,23,0
1,40,164,0,4,0,0,1,5,0
1,48,638,2,2,0,0,1,21,0
1,21,234,2,1,0,0,1,12,0
1,2,654,0,4,0,0,1,1,0
1,43,150,2,9,0,0,1,22,0
0,67,0,17,0,0,1,0,28,1
1,25,273,2,7,0,0,1,10,0
0,8,0,5,0,0,0,0,68,1
1,26,711,2,3,0,0,1,11,0
0,30,0,0,0,0,0,1,23,0
0,108,0,10,0,0,1,0,18,1
1,1,214,2,7,0,0,1,4,0
0,7,0,0,0,0,0,1,6,0
1,8,823,1,7,0,0,1,3,0
0,3,0,0,0,0,0,1,270,1
1,32,305,0,3,0,0,1,25,0
1,47,938,0,1,0,0,1,10,0
0,54,0,22,0,0,1,0,9,1
1,36,476,2,3,0,0,1,17,0
1,15,0,2,0,0,0,1,553,1
0,47,0,0,0,0,0,0,20,0
0,17,0,0,0,0,0,0,672,1
1,16,495,0,10,0,0,1,3,0
0,28,0,2,0,0,0,0,121,1
1,20,660,0,10,0,0,1,6,0
1,26,655,1,8,0,0,1,14,0
0,40,0,2,0,0,0,0,92,1
1,2,79,1,9,0,0,1,17,0
0,44,0,0,0,0,0,1,14,0
0,41,0,1,0,0,0,1,16,0
1,25,532,0,7,0,0,1,7,0
1,195,245,15,34,0,1,1,6,1
1,72,348,16,21,0,1,0,32,1
0,1,0,2,0,0,0,1,22,0
1,123,310,11,16,1,0,1,28,1
0,40,0,2,0,0,0,1,7,0
1,63,227,13,9,1,0,1,39,1
1,169,638,18,26,0,1,0,36,1
1,6,0,1,0,0,0,1,712,1
0,9,0,2,0,0,0,1,1,0
1,36,457,8,7,1,0,0,29,1
1,9,0,2,0,0,0,1,748,1
0,115,0,21,0,0,1,1,10,1
1,49,734,1,6,0,0,1,5,0
0,57,0,23,0,0,1,1,31,1
1,1,610,2,0,0,0,1,19,0
0,6,0,1,0,0,0,1,16,0
0,21,0,10,0,1,0,0,26,1
0,28,0,0,0,0,0,1,10,0
1,21,68,1,6,0,0,1,17,0
0,29,0,0,0,0,0,1,21,0
0,10,0,1,0,0,0,1,24,0
1,43,47,1,6,0,0,0,19,0
0,43,0,2,0,0,0,1,11,0
0,8,0,1,0,0,0,0,94,1
0,131,0,10,0,1,0,0,8,1
0,12,0,2,0,0,0,1,7,0
1,15,372,2,9,0,0,1,10,0
0,22,0,0,0,0,0,1,24,0
0,16,0,0,0,0,0,1,442,1
1,26,283,2,5,0,0,1,12,0
0,27,0,0,0,0,0,1,11,0
1,12,143,2,4,0,0,0,13,0
0,39,0,3,0,0,0,0,84,1
1,64,334,14,15,0,1,0,30,1
0,22,0,0,0,0,0,1,1,0
0,28,0,2,0,0,0,1,2,0
0,22,0,0,0,0,0,1,24,0
0,45,0,2,0,0,0,1,10,0
0,19,0,1,0,0,0,1,17,0
1,7,100,1,6,0,0,1,14,0
1,14,716,2,5,0,0,1,16,0
1,3,288,0,7,0,0,1,12,0
1,33,917,0,3,0,0,1,6,0
0,13,0,2,0,0,0,1,11,0
1,27,848,2,6,0,0,1,8,0
0,45,0,0,0,0,0,0,3,0
0,29,0,2,0,0,0,0,17,0
1,173,615,21,32,0,1,0,21,1
1,33,758,1,0,0,0,1,8,0
0,39,0,0,0,0,0,0,56,1
1,50,881,1,0,0,0,1,4,0
1,11,170,0,3,0,0,1,18,0
1,20,676,1,6,0,0,1,19,0
0,180,0,18,0,0,1,0,11,1
1,1,410,0,3,0,0,1,23,0
1,113,796,13,24,0,1,1,14,1
0,167,0,25,0,0,1,0,10,1
0,6,0,1,0,0,0,1,4,0
1,9,944,1,8,0,0,1,3,0
0,34,0,2,0,0,0,1,6,0
1,46,263,9,13,0,1,1,33,1
0,28,0,0,0,0,0,1,14,0
1,41,539,1,5,0,0,1,21,0
0,102,0,15,0,1,0,0,33,1
1,28,555,0,7,0,0,1,10,0
0,46,0,0,0,0,0,1,24,0
1,119,84,15,9,1,0,0,20,1
1,38,827,2,3,0,0,1,16,0
0,14,0,2,0,0,0,1,2,0
1,34,664,1,8,0,0,1,17,0
0,44,0,11,0,1,0,1,29,1
0,0,0,1,0,0,0,1,7,0
0,38,0,2,0,0,0,1,7,0
0,149,0,25,0,0,1,0,36,1
0,39,0,2,0,0,0,1,25,0
0,156,0,18,0,0,1,1,11,1
0,16,0,1,0,0,0,0,740,1
1,3,0,0,0,0,0,0,757,1
1,69,618,10,11,0,1,0,17,1
0,15,0,0,0,0,0,1,572,1
1,75,159,9,13,1,0,0,30,1
0,35,0,1,0,0,0,1,5,0
1,44,116,2,4,0,0,0,111,1
0,15,0,0,0,0,0,0,11,0
1,45,371,1,4,0,0,1,4,0
0,1,0,1,0,0,0,1,25,0
0,19,0,2,0,0,0,1,20,0
1,31,982,2,5,0,0,1,7,0
0,19,0,1,0,0,0,1,505,1
1,15,683,1,0,0,0,1,4,0
0,22,0,1,0,0,0,1,23,0
0,20,0,2,0,0,0,1,13,0
0,23,0,0,0,0,0,1,5,0
0,1,0,2,0,0,0,1,19,0
1,50,644,0,4,0,0,1,25,0
1,26,373,1,6,0,0,1,2,0
0,42,0,12,0,0,1,0,30,1
0,50,0,1,0,0,0,1,7,0
1,5,539,1,5,0,0,1,3,0
1,19,46,0,2,0,0,0,99,1
0,6,0,0,0,0,0,0,723,1
1,31,202,0,2,0,0,1,18,0
0,22,0,0,0,0,0,1,1,0
0,30,0,0,0,0,0,1,9,0
1,48,554,1,5,0,0,1,10,0
1,35,275,7,5,1,0,0,35,1
0,22,0,0,0,0,0,1,11,0
0,40,0,2,0,0,0,1,13,0
0,6,0,4,0,0,0,0,150,1
0,13,0,2,0,0,0,0,96,1
0,42,0,1,0,0,0,1,17,0
1,13,0,0,0,0,0,0,367,1
1,20,116,1,8,0,0,0,134,1
0,2,0,0,0,0,0,1,12,0
1,30,589,13,39,0,1,0,17,1
0,16,0,1,0,0,0,1,21,0
1,9,328,0,5,0,0,1,10,0
0,9,0,0,0,0,0,0,147,1
1,46,439,2,0,0,0,1,14,0
0,0,0,2,0,0,0,1,19,0
1,68,476,24,21,0,1,1,7,1
0,38,0,0,0,0,0,1,15,0
1,4,0,1,0,0,0,0,626,1
0,32,0,2,0,0,0,1,9,0
0,31,0,2,0,0,0,1,19,0
1,18,750,1,6,0,0,1,5,0
1,49,601,2,4,0,0,1,13,0
0,4,0,0,0,0,0,1,5,0
0,33,0,0,0,0,0,1,8,0
1,97,498,19,34,0,1,0,38,1
1,32,934,2,2,0,0,1,15,0
1,24,70,4,5,0,0,0,150,1
0,2,0,2,0,0,0,1,24,0
0,28,0,2,0,0,0,1,24,0
0,0,0,1,0,0,0,1,14,0
1,46,345,12,30,0,1,0,7,1
1,29,779,1,3,0,0,1,24,0
0,18,0,1,0,0,0,1,25,0
0,10,0,3,0,0,0,0,84,1
0,63,0,12,0,1,0,0,28,1
0,21,0,0,0,0,0,1,18,0
1,5,450,1,3,0,0,1,5,0
1,13,771,1,8,0,0,1,13,0
0,1,0,2,0,0,0,1,21,0
0,160,0,18,0,0,1,1,28,1
1,63,499,24,31,0,1,0,29,1
1,21,553,2,3,0,0,1,13,0
1,47,895,2,3,0,0,1,9,0
1,114,444,22,18,0,1,0,14,1
1,10,819,0,3,0,0,1,2,0
0,24,0,0,0,0,0,1,15,0
0,40,0,1,0,0,0,1,14,0
0,19,0,3,0,0,0,0,84,1
0,19,0,2,0,0,0,0,505,1
1,2,987,0,6,0,0,1,18,0
0,68,0,5,0,1,0,0,7,1
1,48,759,0,8,0,0,1,8,0
1,6,950,1,1,0,0,1,22,0
1,113,212,13,37,0,1,1,14,1
0,45,0,1,0,0,0,1,12,0
1,0,970,0,9,0,0,1,8,0
1,0,611,1,7,0,0,1,20,0
0,16,0,1,0,0,0,1,13,0
1,29,209,2,7,0,0,1,23,0
1,5,553,2,10,0,0,1,22,0
1,7,0,1,0,0,0,0,642,1
0,30,0,2,0,0,0,1,23,0
1,1,771,2,8,0,0,1,7,0
0,0,0,1,0,0,0,1,16,0
1,125,132,12,20,1,0,1,39,1
1,36,441,0,6,0,0,1,7,0
0,24,0,0,0,0,0,1,13,0
1,14,936,1,6,0,0,1,9,0
0,36,0,0,0,0,0,1,9,0
1,6,0,2,0,0,0,1,661,1
1,36,551,1,8,0,0,1,14,0
0,35,0,2,0,0,0,1,17,0
1,3,808,0,1,0,0,1,11,0
0,30,0,5,0,0,0,0,125,1
1,95,463,9,34,0,1,1,12,1
1,49,409,2,2,0,0,1,24,0
1,5,0,2,0,0,0,0,789,1
1,76,452,8,20,1,0,0,33,1
0,4,0,0,0,0,0,0,20,0
1,44,362,1,1,0,0,1,10,0
1,21,998,2,2,0,0,1,2,0
1,10,0,2,0,0,0,1,387,1
0,14,0,1,0,0,0,1,281,1
1,44,131,3,4,0,0,0,74,1
1,28,107,1,10,0,0,1,12,0
0,12,0,0,0,0,0,0,619,1
1,54,769,16,16,0,1,0,17,1
0,5,0,5,0,0,0,0,102,1
0,16,0,1,0,0,0,1,10,0
1,5,0,0,0,0,0,1,730,1
0,21,0,14,0,1,0,1,22,1
1,49,825,0,3,0,0,1,15,0
1,2,611,2,5,0,0,1,9,0
0,8,0,0,0,0,0,0,448,1
1,16,884,1,2,0,0,1,19,0
1,17,0,0,0,0,0,0,381,1
0,38,0,0,0,0,0,0,105,1
0,0,0,1,0,0,0,0,75,1
1,97,458,10,11,0,1,1,40,1
1,8,337,2,1,0,0,1,13,0
1,36,807,1,6,0,0,1,13,0
1,11,104,2,3,0,0,1,14,0
1,35,679,0,0,0,0,1,13,0
1,6,0,0,0,0,0,1,320,1
0,42,0,0,0,0,0,1,9,0
0,96,0,5,0,1,0,0,23,1
0,24,0,0,0,0,0,1,23,0
1,45,390,2,8,0,0,1,15,0
0,26,0,10,0,1,0,0,12,1
1,153,281,12,31,0,1,1,19,1
1,26,47,0,9,0,0,1,5,0
0,155,0,11,0,0,1,1,7,1
1,20,359,1,3,0,0,1,3,0
1,27,562,1,7,0,0,1,2,0
1,46,162,2,3,0,0,0,54,1
1,13,769,0,4,0,0,1,15,0
0,35,0,3,0,0,0,0,66,1
1,31,434,1,7,0,0,1,24,0
1,26,30,3,1,0,0,0,115,1
1,43,102,2,3,0,0,0,99,1
1,16,745,0,3,0,0,1,8,0
0,28,0,0,0,0,0,1,15,0
1,20,3,1,9,0,0,1,15,0
0,43,0,2,0,0,0,1,12,0
1,145,59,19,17,0,1,0,27,1
1,3,480,2,1,0,0,1,20,0
0,24,0,2,0,0,0,1,5,0
0,30,0,1,0,0,0,1,2,0
0,53,0,17,0,0,1,0,15,1
1,48,234,2,10,0,0,1,19,0
0,21,0,1,0,0,0,1,23,0
1,48,981,0,10,0,0,1,23,0
0,40,0,0,0,0,0,1,4,0
0,142,0,8,0,1,0,0,6,1
0,54,0,14,0,0,1,0,22,1
0,10,0,2,0,0,0,0,205,1
0,13,0,2,0,0,0,1,1,0
1,145,461,22,16,0,1,0,6,1
0,13,0,2,0,0,0,1,24,0
1,36,697,0,8,0,0,1,5,0
0,45,0,1,0,0,0,1,15,0
1,3,0,2,0,0,0,0,492,1
1,15,435,1,8,0,0,1,8,0
1,2,514,2,5,0,0,1,11,0
0,19,0,0,0,0,0,1,23,0
0,50,0,0,0,0,0,1,3,0
1,16,849,0,0,0,0,0,12,0
1,21,54,1,9,0,0,0,82,1
0,38,0,2,0,0,0,1,19,0
0,2,0,2,0,0,0,1,1,0
0,41,0,12,0,0,1,0,25,1
1,6,202,0,1,0,0,1,23,0
0,124,0,5,0,1,0,0,12,1
0,50,0,0,0,0,0,1,8,0
0,174,0,11,0,0,1,0,12,1
1,42,23,1,0,0,0,1,1,0
1,36,925,2,5,0,0,1,4,0
1,9,64,0,4,0,0,0,131,1
1,44,582,0,3,0,0,1,5,0
1,2,16,2,3,0,0,1,20,0
0,6,0,1,0,0,0,1,423,1
1,40,12,0,7,0,0,1,24,0
0,30,0,1,0,0,0,0,2,0
1,48,798,0,9,0,0,1,23,0
1,42,216,2,10,0,0,1,11,0
0,26,0,2,0,0,0,1,25,0
1,46,301,2,6,0,0,1,23,0
0,22,0,0,0,0,0,1,20,0
0,80,0,8,0,0,1,0,36,1
1,17,0,0,0,0,0,0,480,1
1,22,239,1,8,0,0,1,1,0
0,19,0,1,0,0,0,0,769,1
0,24,0,1,0,0,0,1,6,0
1,32,697,0,9,0,0,1,3,0
1,68,359,15,20,1,0,0,24,1
0,2,0,1,0,0,0,1,1,0
1,44,609,1,2,0,0,1,2,0
1,41,814,2,4,0,0,1,12,0
1,11,989,0,9,0,0,1,22,0
0,2,0,1,0,0,0,1,19,0
1,2,0,0,0,0,0,1,485,1
1,31,999,0,1,0,0,1,23,0
0,20,0,1,0,0,0,0,750,1
0,7,0,2,0,0,0,0,498,1
0,25,0,0,0,0,0,1,13,0
0,6,0,0,0,0,0,1,6,0
0,31,0,0,0,0,0,1,21,0
1,3,382,1,8,0,0,1,23,0
0,35,0,1,0,0,0,1,10,0
0,0,0,0,0,0,0,1,1,0
0,19,0,2,0,0,0,1,24,0
1,51,404,11,12,1,0,1,13,1
1,88,184,8,19,1,0,0,7,1
1,52,275,8,33,0,1,1,7,1
1,48,133,2,7,0,0,1,19,0
1,7,488,0,8,0,0,1,9,0
0,26,0,0,0,0,0,1,12,0
0,35,0,1,0,0,0,1,17,0
1,12,53,5,3,0,0,0,107,1
0,27,0,0,0,0,0,1,6,0
1,77,68,10,20,1,0,0,24,1
0,5,0,0,0,0,0,0,736,1
1,1,609,0,7,0,0,1,9,0
0,19,0,4,0,0,0,0,147,1
0,9,0,2,0,0,0,0,18,0
0,5,0,1,0,0,0,1,11,0
1,44,803,1,5,0,0,1,16,0
1,42,847,0,7,0,0,1,12,0
1,5,922,0,2,0,0,1,6,0
0,30,0,2,0,0,0,1,23,0
0,32,0,1,0,0,0,1,13,0
0,33,0,1,0,0,0,1,18,0
1,7,0,0,0,0,0,1,240,1
1,32,401,13,38,0,1,1,28,1
0,4,0,3,0,0,0,0,66,1
1,94,59,13,20,1,0,1,14,1
1,25,820,2,4,0,0,1,25,0
1,22,411,10,10,1,0,0,33,1
0,41,0,1,0,0,0,1,22,0
0,47,0,2,0,0,0,1,11,0
0,8,0,0,0,0,0,1,12,0
0,20,0,0,0,0,0,1,503,1
1,22,212,0,5,0,0,1,6,0
0,50,0,3,0,0,0,0,146,1
1,40,788,1,0,0,0,1,13,0
0,10,0,0,0,0,0,1,13,0
0,20,0,0,0,0,0,1,716,1
0,18,0,0,0,0,0,1,1,0
1,16,0,0,0,0,0,0,319,1
0,1,0,2,0,0,0,1,6,0
0,0,0,1,0,0,0,0,547,1
0,7,0,2,0,0,0,1,702,1
0,122,0,12,0,1,0,1,8,1
0,45,0,1,0,0,0,1,17,0
0,18,0,2,0,0,0,1,23,0
1,15,423,1,5,0,0,1,11,0
0,175,0,9,0,0,1,1,7,1
1,149,316,15,16,1,0,0,20,1
0,46,0,1,0,0,0,0,81,1
0,32,0,2,0,0,0,1,4,0
0,107,0,20,0,0,1,1,25,1
0,12,0,1,0,0,0,0,357,1
0,18,0,2,0,0,0,1,1,0
0,11,0,1,0,0,0,1,1,0
0,3,0,2,0,0,0,1,20,0
1,3,450,2,8,0,0,1,3,0
1,20,11,2,8,0,0,1,19,0
1,32,747,1,5,0,0,1,25,0
0,49,0,2,0,0,0,1,21,0
0,22,0,0,0,0,0,1,1,0
0,27,0,0,0,0,0,1,16,0
0,28,0,0,0,0,0,1,24,0
0,123,0,12,0,1,0,1,40,1
1,6,0,0,0,0,0,1,675,1
0,10,0,2,0,0,0,1,14,0
0,0,0,2,0,0,0,1,20,0
0,8,0,0,0,0,0,1,16,0
0,75,0,16,0,0,1,0,6,1
1,7,93,2,4,0,0,0,51,1
1,33,463,2,5,0,0,1,11,0
0,11,0,2,0,0,0,1,2,0
1,132,552,9,22,0,1,0,24,1
1,12,112,3,8,0,0,0,143,1
1,71,112,18,18,0,1,1,8,1
0,11,0,1,0,0,0,1,327,1
1,17,245,0,8,0,0,1,13,0
1,35,645,0,2,0,0,1,6,0
1,14,241,0,2,0,0,0,22,0
0,119,0,20,0,0,1,1,38,1
0,30,0,2,0,0,0,1,8,0
0,15,0,5,0,0,0,0,109,1
1,46,986,1,0,0,0,1,20,0
1,14,147,2,0,0,0,1,18,0
0,181,0,18,0,0,1,1,22,1
0,48,0,2,0,0,0,1,20,0
1,9,0,0,0,0,0,1,606,1
1,10,260,2,6,0,0,1,17,0
0,19,0,1,0,0,0,1,347,1
1,41,36,5,5,0,0,0,109,1
1,44,954,0,0,0,0,1,23,0
0,2,0,0,0,0,0,1,16,0
0,37,0,9,0,0,1,1,30,1
0,27,0,2,0,0,0,1,15,0
0,13,0,2,0,0,0,1,20,0
0,20,0,0,0,0,0,0,301,1
1,146,323,9,20,1,0,0,16,1
0,50,0,0,0,0,0,1,10,0
0,27,0,0,0,0,0,1,3,0
0,153,0,16,0,0,1,1,9,1
1,15,0,1,0,0,0,0,243,1
0,13,0,0,0,0,0,1,12,0
1,6,0,2,0,0,0,0,606,1
0,49,0,1,0,0,0,1,25,0
1,134,302,6,19,1,0,0,26,1
1,50,809,1,2,0,0,1,5,0
0,37,0,0,0,0,0,1,24,0
0,197,0,10,0,0,1,0,24,1
0,23,0,2,0,0,0,1,22,0
1,9,899,0,4,0,0,1,15,0
1,44,131,1,6,0,0,1,9,0
0,43,0,1,0,0,0,1,5,0
0,120,0,11,0,0,1,0,9,1
0,12,0,0,0,0,0,1,21,0
0,122,0,12,0,1,0,0,15,1
0,61,0,19,0,0,1,1,33,1
0,122,0,11,0,1,0,0,16,1
0,39,0,5,0,0,0,0,92,1
1,39,673,1,7,0,0,1,23,0
0,34,0,1,0,0,0,1,14,0
0,15,0,2,0,0,0,0,25,0
1,105,498,13,10,1,0,0,17,1
0,25,0,0,0,0,0,1,19,0
0,40,0,0,0,0,0,1,14,0
0,2,0,1,0,0,0,1,8,0
0,9,0,0,0,0,0,1,5,0
1,32,686,2,9,0,0,1,1,0
0,41,0,2,0,0,0,0,5,0
1,45,997,1,6,0,0,1,24,0
1,2,531,1,6,0,0,1,24,0
0,21,0,0,0,0,0,0,13,0
0,2,0,1,0,0,0,1,19,0
1,41,654,0,9,0,0,1,17,0
0,32,0,0,0,0,0,1,6,0
1,31,899,0,9,0,0,1,7,0
0,23,0,1,0,0,0,1,23,0
1,28,634,2,8,0,0,1,11,0
0,3,0,5,0,0,0,0,146,1
0,7,0,0,0,0,0,1,1,0
0,12,0,0,0,0,0,1,18,0
1,13,0,1,0,0,0,1,220,1
1,32,780,2,5,0,0,1,22,0
0,20,0,0,0,0,0,0,397,1
0,19,0,1,0,0,0,1,4,0
1,47,697,2,6,0,0,1,22,0
1,6,970,2,0,0,0,1,18,0
1,8,0,1,0,0,0,1,169,1
0,19,0,2,0,0,0,1,1,0
0,20,0,1,0,0,0,1,8,0
1,35,221,10,15,1,0,0,33,1
1,48,386,0,4,0,0,1,2,0
0,14,0,1,0,0,0,1,13,0
1,29,80,0,10,0,0,1,1,0
0,24,0,2,0,0,0,1,20,0
1,31,119,0,3,0,0,1,15,0
1,27,700,1,2,0,0,1,24,0
0,126,0,8,0,1,0,0,14,1
0,11,0,0,0,0,0,1,12,0
1,35,83,2,9,0,0,1,24,0
0,22,0,0,0,0,0,1,3,0
0,19,0,0,0,0,0,1,15,0
1,46,667,1,5,0,0,1,24,0
0,152,0,21,0,0,1,0,30,1
0,16,0,1,0,0,0,1,16,0
1,46,818,2,2,0,0,1,19,0
0,43,0,2,0,0,0,0,3,0
0,95,0,8,0,1,0,1,21,1
1,29,883,0,3,0,0,1,5,0
1,48,648,0,5,0,0,1,4,0
0,48,0,5,0,1,0,1,38,1
1,45,919,0,5,0,0,1,8,0
0,43,0,1,0,0,0,1,1,0
0,6,0,2,0,0,0,0,25,0
1,91,400,13,11,1,0,0,23,1
1,27,757,1,6,0,0,1,7,0
0,47,0,2,0,0,0,1,1,0
0,18,0,5,0,0,0,0,119,1
0,19,0,1,0,0,0,1,3,0
0,129,0,5,0,1,0,0,34,1
0,42,0,0,0,0,0,1,18,0
0,44,0,0,0,0,0,1,15,0
0,37,0,0,0,0,0,0,17,0
0,11,0,1,0,0,0,1,3,0
1,16,477,1,5,0,0,1,12,0
1,10,41,1,0,0,0,1,1,0
1,18,40,0,10,0,0,1,18,0
0,23,0,1,0,0,0,1,19,0
0,3,0,5,0,0,0,0,54,1
0,19,0,0,0,0,0,1,18,0
1,39,609,0,7,0,0,1,9,0
1,10,724,1,8,0,0,1,25,0
1,33,361,1,5,0,0,1,3,0
0,13,0,2,0,0,0,1,16,0
1,0,213,1,2,0,0,1,4,0
1,186,572,19,20,0,1,1,25,1
1,14,735,0,2,0,0,1,7,0
0,29,0,2,0,0,0,1,3,0
1,74,305,15,19,0,1,1,30,1
0,30,0,2,0,0,0,0,9,0
1,138,118,13,15,1,0,1,32,1
1,110,78,13,12,1,0,1,22,1
1,29,616,2,6,0,0,1,1,0
1,10,816,1,7,0,0,1,11,0
0,19,0,5,0,0,0,0,105,1
0,17,0,2,0,0,0,0,127,1
1,159,227,20,29,0,1,0,15,1
1,81,355,5,13,1,0,1,25,1
1,36,129,2,6,0,0,0,94,1
0,18,0,2,0,0,0,1,570,1
0,28,0,0,0,0,0,0,93,1
1,6,933,1,0,0,0,1,25,0
0,40,0,0,0,0,0,0,107,1
0,3,0,0,0,0,0,1,13,0
1,38,359,1,5,0,0,1,3,0
1,29,397,0,2,0,0,1,10,0
1,43,722,0,8,0,0,1,5,0
0,24,0,1,0,0,0,1,22,0
0,36,0,1,0,0,0,0,65,1
0,10,0,0,0,0,0,1,3,0
0,32,0,1,0,0,0,1,4,0
1,14,0,0,0,0,0,1,783,1
1,35,656,1,3,0,0,1,11,0
1,81,328,12,8,1,0,1,29,1
1,142,499,12,12,1,0,0,14,1
0,49,0,2,0,0,0,1,16,0
1,17,613,0,4,0,0,1,5,0
0,16,0,2,0,0,0,1,15,0
0,19,0,0,0,0,0,1,25,0
0,20,0,1,0,0,0,1,13,0
1,47,157,0,6,0,0,0,75,1
0,1,0,1,0,0,0,1,25,0
0,46,0,1,0,0,0,1,3,0
1,81,717,16,19,0,1,0,9,1
1,29,255,1,9,0,0,0,5,0
0,49,0,1,0,0,0,0,3,0
1,2,0,2,0,0,0,1,452,1
1,49,141,1,9,0,0,1,5,0
1,36,936,0,4,0,0,1,8,0
1,40,536,2,0,0,0,1,17,0
1,42,152,1,3,0,0,1,3,0
0,1,0,0,0,0,0,1,1,0
0,29,0,1,0,0,0,1,20,0
0,9,0,0,0,0,0,1,16,0
1,18,504,1,5,0,0,1,21,0
1,115,252,14,20,1,0,0,25,1
0,35,0,2,0,0,0,1,20,0
1,19,122,3,6,0,0,0,149,1
1,10,961,0,8,0,0,1,12,0
1,12,502,1,6,0,0,1,4,0
1,135,473,15,20,1,0,1,27,1
0,10,0,0,0,0,0,1,11,0
1,34,342,19,30,0,1,0,28,1
1,31,108,0,8,0,0,1,2,0
1,50,26,1,0,0,0,1,22,0
1,46,643,0,1,0,0,1,22,0
0,20,0,1,0,0,0,0,680,1
1,8,711,0,3,0,0,1,20,0
0,61,0,8,0,1,0,0,31,1
0,90,0,10,0,1,0,0,7,1
0,3,0,0,0,0,0,1,12,0
0,40,0,1,0,0,0,1,14,0
0,141,0,8,0,1,0,0,14,1
0,111,0,10,0,1,0,1,22,1
1,9,925,0,9,0,0,1,7,0
0,48,0,1,0,0,0,1,21,0
1,27,838,0,3,0,0,1,10,0
1,105,411,11,17,1,0,0,37,1
0,5,0,2,0,0,0,1,21,0
1,27,350,6,5,1,0,1,20,1
0,5,0,0,0,0,0,0,7,0
0,84,0,13,0,1,0,0,21,1
1,63,293,10,19,1,0,0,39,1
0,36,0,1,0,0,0,1,18,0
1,49,465,2,9,0,0,1,6,0
1,43,729,2,1,0,0,1,16,0
0,134,0,9,0,1,0,0,39,1
0,32,0,1,0,0,0,1,21,0
1,18,981,0,5,0,0,1,2,0
0,17,0,2,0,0,0,1,285,1
0,46,0,0,0,0,0,1,25,0
1,101,90,14,27,0,1,0,21,1
0,13,0,0,0,0,0,1,17,0
1,42,441,1,3,0,0,1,14,0
1,146,263,6,10,1,0,1,26,1
0,43,0,1,0,0,0,1,25,0
0,19,0,0,0,0,0,1,25,0
0,44,0,1,0,0,0,1,22,0
0,22,0,0,0,0,0,1,5,0
0,21,0,2,0,0,0,1,8,0
1,15,407,2,2,0,0,1,17,0
0,19,0,2,0,0,0,1,5,0
1,164,135,20,22,0,1,0,18,1
0,44,0,2,0,0,0,1,7,0
1,31,133,1,7,0,0,1,8,0
1,37,902,0,10,0,0,1,10,0
0,34,0,0,0,0,0,1,22,0
1,47,276,2,7,0,0,1,5,0
0,39,0,0,0,0,0,1,9,0
0,104,0,25,0,0,1,0,13,1
0,5,0,0,0,0,0,1,22,0
1,50,290,1,7,0,0,1,3,0
1,109,127,15,16,1,0,1,6,1
1,8,24,2,3,0,0,0,59,1
1,29,620,0,8,0,0,1,16,0
1,6,106,1,4,0,0,1,16,0
0,121,0,11,0,1,0,1,25,1
1,199,170,19,17,0,1,1,31,1
0,87,0,8,0,1,0,0,32,1
1,3,0,1,0,0,0,1,684,1
0,123,0,13,0,0,1,0,28,1
0,15,0,2,0,0,0,1,3,0
1,26,705,2,10,0,0,1,25,0
1,163,336,17,11,0,1,0,20,1
0,13,0,0,0,0,0,1,5,0
0,27,0,1,0,0,0,1,13,0
1,16,0,2,0,0,0,1,277,1
0,35,0,2,0,0,0,1,25,0
0,15,0,0,0,0,0,0,55,1
1,4,0,2,0,0,0,1,574,1
0,46,0,1,0,0,0,1,23,0
0,92,0,14,0,1,0,1,39,1
0,128,0,13,0,1,0,1,27,1
1,33,340,0,4,0,0,1,18,0
1,122,228,9,10,0,1,0,38,1
1,2,99,0,10,0,0,0,83,1
0,8,0,1,0,0,0,1,24,0
0,19,0,2,0,0,0,0,562,1
1,20,0,2,0,0,0,1,488,1
0,4,0,1,0,0,0,1,18,0
0,36,0,0,0,0,0,1,25,0
0,91,0,15,0,0,1,0,20,1
0,11,0,2,0,0,0,1,24,0
0,17,0,0,0,0,0,1,10,0
1,1,198,2,9,0,0,1,4,0
1,1,0,2,0,0,0,1,528,1
1,38,972,0,4,0,0,1,6,0
1,11,205,1,9,0,0,1,25,0
1,12,228,2,5,0,0,1,2,0
0,15,0,2,0,0,0,1,25,0
0,43,0,0,0,0,0,1,14,0
1,5,908,1,3,0,0,1,13,0
1,36,185,3,6,0,0,0,58,1
1,48,900,0,8,0,0,1,4,0
0,48,0,1,0,0,0,1,23,0
1,75,661,13,14,0,1,1,35,1
1,36,36,0,8,0,0,0,121,1
1,43,378,6,15,1,0,0,34,1
0,117,0,20,0,0,1,0,34,1
1,11,943,2,1,0,0,1,16,0
1,33,474,2,1,0,0,1,5,0
1,140,496,14,17,1,0,1,21,1
1,46,924,2,0,0,0,0,25,0
0,50,0,2,0,0,0,0,17,0
1,4,79,0,10,0,0,1,8,0
1,16,0,2,0,0,0,0,586,1
0,12,0,1,0,0,0,1,1,0
1,26,140,2,8,0,0,1,9,0
1,123,311,25,11,0,1,0,7,1
1,17,330,1,9,0,0,1,18,0
1,50,52,2,4,0,0,1,17,0
0,14,0,1,0,0,0,1,16,0
1,42,505,0,9,0,0,1,13,0
1,5,117,2,10,0,0,0,131,1
0,54,0,12,0,0,1,0,39,1
1,39,830,2,5,0,0,0,3,0
1,136,342,12,20,1,0,1,24,1
1,18,173,2,9,0,0,0,96,1
0,36,0,1,0,0,0,0,16,0
0,21,0,0,0,0,0,1,17,0
1,20,180,0,1,0,0,1,21,0
1,8,465,2,1,0,0,1,20,0
1,7,389,0,10,0,0,1,12,0
0,41,0,0,0,0,0,1,1,0
0,50,0,1,0,0,0,1,2,0
0,31,0,2,0,0,0,1,8,0
1,118,306,14,19,1,0,0,13,1
0,44,0,1,0,0,0,1,13,0
0,96,0,10,0,1,0,1,28,1
1,34,765,0,8,0,0,1,2,0
0,20,0,2,0,0,0,1,15,0
0,42,0,2,0,0,0,1,9,0
0,13,0,2,0,0,0,1,1,0
0,36,0,2,0,0,0,1,20,0
0,21,0,1,0,0,0,1,19,0
0,18,0,2,0,0,0,1,9,0
0,16,0,2,0,0,0,1,5,0
1,39,694,1,3,0,0,0,7,0
1,42,617,0,7,0,0,1,5,0
0,38,0,1,0,0,0,1,16,0
1,41,170,1,2,0,0,0,113,1
1,8,802,0,4,0,0,1,13,0
1,0,920,1,0,0,0,1,16,0
1,29,980,1,8,0,0,1,12,0
1,28,467,1,4,0,0,1,19,0
1,6,0,1,0,0,0,0,593,1
0,65,0,11,0,1,0,1,31,1
1,4,80,2,4,0,0,1,23,0
1,45,734,0,0,0,0,1,18,0
1,10,253,0,5,0,0,1,7,0
0,39,0,2,0,0,0,0,18,0
0,22,0,1,0,0,0,1,12,0
1,38,175,2,6,0,0,1,9,0
1,3,0,1,0,0,0,0,720,1
0,8,0,0,0,0,0,0,385,1
0,7,0,1,0,0,0,1,16,0
0,21,0,2,0,0,0,1,24,0
1,145,303,23,24,0,1,1,29,1
0,0,0,1,0,0,0,0,16,0
0,121,0,12,0,0,1,0,8,1
0,21,0,1,0,0,0,0,66,1
0,10,0,1,0,0,0,1,6,0
1,31,99,1,6,0,0,0,16,0
0,3,0,2,0,0,0,0,402,1
1,10,406,1,9,0,0,1,4,0
0,9,0,0,0,0,0,1,18,0
1,15,173,3,8,0,0,0,113,1
1,44,203,1,6,0,0,1,17,0
0,48,0,0,0,0,0,1,9,0
1,28,352,2,5,0,0,1,17,0
0,39,0,2,0,0,0,1,25,0
0,12,0,1,0,0,0,1,25,0
0,34,0,2,0,0,0,1,21,0
1,7,76,5,7,0,0,0,117,1
1,41,746,0,0,0,0,1,20,0
1,44,415,1,5,0,0,1,7,0
0,28,0,0,0,0,0,1,8,0
1,35,63,0,9,0,0,1,11,0
0,41,0,2,0,0,0,0,95,1
1,20,0,0,0,0,0,0,259,1
1,4,834,2,1,0,0,1,25,0
0,39,0,0,0,0,0,1,4,0
1,24,273,0,9,0,0,1,12,0
1,33,247,0,3,0,0,1,18,0
0,136,0,24,0,0,1,1,20,1
0,27,0,2,0,0,0,1,5,0
1,26,194,0,2,0,0,0,60,1
1,8,849,0,1,0,0,1,9,0
1,23,668,1,7,0,0,1,15,0
0,21,0,1,0,0,0,1,19,0
1,14,0,0,0,0,0,1,486,1
0,37,0,16,0,0,1,1,23,1
0,13,0,2,0,0,0,0,651,1
0,46,0,7,0,1,0,1,8,1
0,36,0,2,0,0,0,1,25,0
1,38,211,0,8,0,0,1,25,0
0,20,0,1,0,0,0,1,429,1
1,13,322,1,8,0,0,1,16,0
0,24,0,10,0,1,0,0,12,1
0,130,0,6,0,1,0,0,16,1
0,39,0,1,0,0,0,1,5,0
0,13,0,0,0,0,0,1,15,0
0,76,0,16,0,0,1,1,16,1
0,37,0,0,0,0,0,1,1,0
1,26,873,1,9,0,0,1,21,0
0,13,0,2,0,0,0,1,3,0
0,105,0,5,0,1,0,1,15,1
1,112,53,10,17,0,1,1,31,1
0,34,0,0,0,0,0,1,21,0
0,15,0,1,0,0,0,0,246,1
0,24,0,1,0,0,0,1,14,0
1,93,228,13,9,1,0,1,15,1
1,20,0,1,0,0,0,1,699,1
0,12,0,2,0,0,0,1,1,0
0,18,0,1,0,0,0,1,22,0
0,5,0,0,0,0,0,1,18,0
0,40,0,2,0,0,0,1,20,0
0,21,0,0,0,0,0,1,10,0
0,20,0,0,0,0,0,1,25,0
0,22,0,1,0,0,0,1,12,0
0,38,0,1,0,0,0,1,21,0
1,27,133,0,6,0,0,1,17,0
0,34,0,5,0,0,0,0,81,1
1,29,776,2,0,0,0,1,8,0
1,100,462,14,18,1,0,1,27,1
0,24,0,0,0,0,0,1,23,0
1,21,7,1,5,0,0,1,15,0
1,22,869,1,7,0,0,1,15,0
1,50,332,14,16,1,0,0,24,1
1,10,215,2,6,0,0,1,20,0
1,20,123,3,4,0,0,0,55,1
0,9,0,0,0,0,0,0,60,1
1,39,928,1,3,0,0,1,1,0
0,150,0,5,0,1,0,0,31,1
1,4,25,2,8,0,0,1,9,0
1,3,0,1,0,0,0,1,612,1
0,40,0,0,0,0,0,1,13,0
1,25,472,0,3,0,0,1,15,0
0,49,0,1,0,0,0,1,15,0
0,147,0,9,0,1,0,1,40,1
0,34,0,1,0,0,0,0,107,1
1,38,449,2,1,0,0,0,16,0
1,2,0,2,0,0,0,1,418,1
0,3,0,1,0,0,0,1,13,0
0,7,0,0,0,0,0,0,763,1
0,33,0,5,0,0,0,0,72,1
1,33,693,2,10,0,0,1,10,0
0,11,0,2,0,0,0,1,2,0
0,11,0,0,0,0,0,1,4,0
0,12,0,1,0,0,0,0,395,1
1,43,955,1,6,0,0,0,13,0
1,2,828,1,5,0,0,1,18,0
0,12,0,1,0,0,0,0,13,0
0,43,0,5,0,1,0,1,28,1
0,31,0,5,0,0,0,0,57,1
1,19,556,2,8,0,0,1,9,0
1,6,410,1,1,0,0,1,6,0
1,16,45,1,9,0,0,1,21,0
1,18,0,0,0,0,0,1,222,1
1,11,316,0,8,0,0,1,18,0
0,118,0,8,0,1,0,0,23,1
0,39,0,1,0,0,0,1,16,0
1,19,700,0,0,0,0,1,20,0
0,2,0,0,0,0,0,1,384,1
0,34,0,1,0,0,0,1,2,0
0,14,0,0,0,0,0,1,21,0
1,37,747,2,1,0,0,1,9,0
0,42,0,22,0,0,1,0,28,1
1,21,477,2,9,0,0,1,16,0
0,29,0,0,0,0,0,1,12,0
1,84,196,11,5,1,0,1,23,1
0,44,0,1,0,0,0,1,20,0
1,19,323,0,6,0,0,1,17,0
1,50,659,1,6,0,0,1,13,0
0,20,0,2,0,0,0,0,189,1
0,16,0,1,0,0,0,1,163,1
0,41,0,1,0,0,0,0,87,1
1,35,613,1,1,0,0,1,23,0
0,2,0,1,0,0,0,1,619,1
0,1,0,0,0,0,0,1,16,0
1,15,662,0,4,0,0,1,14,0
1,169,328,22,24,0,1,0,40,1
1,18,0,0,0,0,0,0,192,1
1,28,805,1,2,0,0,1,4,0
0,17,0,1,0,0,0,0,12,0
1,2,0,1,0,0,0,1,701,1
0,7,0,0,0,0,0,1,154,1
0,124,0,13,0,1,0,0,22,1
0,28,0,1,0,0,0,1,2,0
1,6,800,0,9,0,0,1,15,0
0,88,0,20,0,0,1,0,39,1
0,22,0,2,0,0,0,0,63,1
0,3,0,1,0,0,0,0,182,1
0,38,0,0,0,0,0,1,10,0
1,47,468,0,1,0,0,1,20,0
1,12,0,0,0,0,0,1,645,1
1,37,923,1,9,0,0,0,7,0
1,0,899,0,5,0,0,1,6,0
0,4,0,2,0,0,0,1,19,0
0,39,0,1,0,0,0,1,9,0
0,14,0,0,0,0,0,1,298,1
1,29,891,1,2,0,0,1,21,0
0,6,0,2,0,0,0,1,19,0
0,8,0,2,0,0,0,1,3,0
0,47,0,1,0,0,0,1,16,0
1,24,92,2,5,0,0,1,3,0
1,168,486,23,28,0,1,0,8,1
1,25,905,0,2,0,0,1,1,0
1,24,370,2,7,0,0,1,19,0
1,22,408,14,12,1,0,1,34,1
1,38,584,0,1,0,0,1,21,0
0,24,0,2,0,0,0,1,1,0
1,8,431,2,10,0,0,1,24,0
0,41,0,0,0,0,0,1,23,0
1,12,144,4,4,0,0,0,137,1
0,34,0,0,0,0,0,1,25,0
0,31,0,1,0,0,0,0,17,0
1,25,230,5,5,1,0,1,9,1
0,32,0,0,0,0,0,1,19,0
1,17,254,1,4,0,0,1,21,0
1,46,368,2,10,0,0,1,10,0
0,8,0,2,0,0,0,1,20,0
0,3,0,0,0,0,0,0,624,1
0,42,0,2,0,0,0,1,15,0
0,90,0,20,0,0,1,1,17,1
1,36,892,1,4,0,0,1,22,0
0,34,0,4,0,0,0,0,108,1
0,20,0,2,0,0,0,1,19,0
1,43,281,10,26,0,1,1,32,1
0,37,0,2,0,0,0,1,18,0
0,48,0,2,0,0,0,1,3,0
1,45,596,1,8,0,0,1,22,0
0,110,0,9,0,1,0,1,20,1
1,47,278,1,10,0,0,1,7,0
0,17,0,1,0,0,0,1,407,1
0,15,0,2,0,0,0,1,5,0
1,22,278,0,4,0,0,1,22,0
0,18,0,1,0,0,0,0,207,1
0,24,0,1,0,0,0,1,15,0
1,70,332,10,19,1,0,0,31,1
1,42,642,2,6,0,0,1,11,0
0,141,0,13,0,0,1,1,7,1
1,13,0,1,0,0,0,1,692,1
1,11,221,1,3,0,0,1,6,0
1,3,0,0,0,0,0,0,463,1
1,47,80,0,5,0,0,0,50,1
1,40,106,24,26,0,1,1,19,1
0,4,0,0,0,0,0,0,410,1
1,15,750,1,7,0,0,1,3,0
1,3,73,4,8,0,0,0,53,1
1,6,799,0,7,0,0,1,19,0
0,43,0,2,0,0,0,1,11,0
1,44,56,2,3,0,0,1,24,0
1,11,283,2,0,0,0,1,12,0
0,32,0,2,0,0,0,1,23,0
1,28,434,1,7,0,0,1,13,0
0,6,0,2,0,0,0,1,25,0
0,15,0,2,0,0,0,1,6,0
0,7,0,1,0,0,0,1,22,0
1,31,780,2,8,0,0,1,21,0
1,15,975,1,6,0,0,1,4,0
0,0,0,2,0,0,0,0,92,1
0,23,0,2,0,0,0,1,18,0
0,22,0,2,0,0,0,1,22,0
1,40,152,2,4,0,0,1,16,0
1,0,22,1,3,0,0,0,50,1
0,5,0,1,0,0,0,1,3,0
0,197,0,25,0,0,1,0,33,1
0,25,0,2,0,0,0,1,25,0
0,40,0,2,0,0,0,1,12,0
0,9,0,1,0,0,0,1,24,0
0,8,0,1,0,0,0,1,9,0
1,145,292,11,19,1,0,0,5,1
1,20,152,3,4,0,0,0,66,1
0,25,0,0,0,0,0,1,2,0
0,37,0,1,0,0,0,1,25,0
0,28,0,2,0,0,0,1,14,0
0,85,0,10,0,1,0,0,20,1
1,30,183,4,2,0,0,0,101,1
0,9,0,0,0,0,0,1,14,0
0,49,0,2,0,0,0,1,1,0
0,18,0,2,0,0,0,0,744,1
1,50,10,2,7,0,0,1,19,0
0,31,0,1,0,0,0,1,9,0
0,15,0,1,0,0,0,0,605,1
1,5,277,0,9,0,0,1,25,0
0,33,0,4,0,0,0,0,123,1
0,42,0,1,0,0,0,1,10,0
0,16,0,2,0,0,0,1,17,0
1,43,462,2,4,0,0,1,5,0
0,40,0,2,0,0,0,1,23,0
1,25,676,0,10,0,0,1,24,0
1,52,377,11,16,1,0,0,25,1
1,14,94,0,0,0,0,1,6,0
0,16,0,2,0,0,0,0,547,1
0,46,0,2,0,0,0,1,10,0
1,49,596,2,1,0,0,1,23,0
0,10,0,0,0,0,0,0,461,1
1,39,713,2,7,0,0,1,20,0
1,50,831,1,10,0,0,1,14,0
1,7,702,1,1,0,0,1,15,0
1,10,978,2,10,0,0,1,13,0
0,12,0,1,0,0,0,1,22,0
0,26,0,3,0,0,0,0,131,1
1,14,2,2,8,0,0,1,25,0
1,2,0,1,0,0,0,0,690,1
1,18,594,2,9,0,0,0,23,0
1,32,266,1,4,0,0,0,5,0
0,13,0,1,0,0,0,1,3,0
0,0,0,2,0,0,0,1,6,0
0,17,0,0,0,0,0,0,52,1
1,29,876,0,3,0,0,1,14,0
0,13,0,1,0,0,0,0,18,0
0,90,0,13,0,0,1,0,28,1
0,28,0,4,0,0,0,0,92,1
0,41,0,2,0,0,0,1,20,0
0,41,0,0,0,0,0,1,13,0
1,35,417,0,0,0,0,1,5,0
0,5,0,1,0,0,0,0,316,1
0,0,0,1,0,0,0,1,571,1
0,7,0,2,0,0,0,1,736,1
1,29,523,1,8,0,0,1,12,0
1,15,347,2,7,0,0,1,1,0
1,34,187,2,3,0,0,1,4,0
1,6,99,0,2,0,0,0,132,1
0,90,0,14,0,1,0,1,21,1
1,10,264,1,5,0,0,1,23,0
1,18,43,5,0,0,0,0,116,1
0,11,0,0,0,0,0,1,383,1
1,17,0,0,0,0,0,0,164,1
1,36,805,2,7,0,0,1,21,0
0,47,0,5,0,1,0,0,22,1
0,14,0,0,0,0,0,1,17,0
1,45,826,0,1,0,0,1,7,0
1,22,191,0,10,0,0,1,18,0
0,13,0,2,0,0,0,1,17,0
1,19,980,0,7,0,0,1,12,0
1,38,789,0,7,0,0,1,24,0
1,42,113,1,1,0,0,1,3,0
1,18,208,1,1,0,0,1,15,0
0,43,0,0,0,0,0,1,5,0
1,0,93,2,8,0,0,1,20,0
0,141,0,11,0,1,0,1,30,1
0,13,0,1,0,0,0,1,22,0
0,43,0,3,0,0,0,0,79,1
1,198,99,24,24,0,1,1,40,1
0,28,0,1,0,0,0,1,12,0
1,14,0,1,0,0,0,0,252,1
0,50,0,2,0,0,0,1,23,0
0,40,0,1,0,0,0,1,17,0
1,13,628,2,6,0,0,1,22,0
1,45,959,2,1,0,0,1,3,0
0,0,0,0,0,0,0,1,21,0
1,0,708,0,0,0,0,1,14,0
1,16,0,2,0,0,0,1,156,1
1,44,725,0,5,0,0,1,13,0
1,3,550,1,0,0,0,1,10,0
0,36,0,4,0,0,0,0,120,1
0,91,0,9,0,1,0,0,33,1
1,14,920,2,5,0,0,1,22,0
1,0,0,0,0,0,0,0,235,1
1,50,914,1,7,0,0,1,8,0
1,15,133,0,9,0,0,1,16,0
1,7,100,0,9,0,0,1,6,0
1,30,77,2,8,0,0,1,5,0
1,14,0,2,0,0,0,1,453,1
0,12,0,2,0,0,0,1,7,0
1,139,523,12,15,0,1,0,29,1
0,123,0,24,0,0,1,0,19,1
0,12,0,2,0,0,0,1,645,1
0,13,0,2,0,0,0,1,450,1
1,3,585,0,2,0,0,1,21,0
1,149,210,12,19,1,0,1,31,1
1,28,55,4,4,0,0,0,141,1
0,148,0,14,0,1,0,1,13,1
1,39,898,1,6,0,0,1,22,0
1,33,51,2,10,0,0,1,4,0
0,31,0,0,0,0,0,1,16,0
0,28,0,2,0,0,0,1,2,0
1,6,589,1,4,0,0,1,8,0
1,9,0,1,0,0,0,1,447,1
0,143,0,17,0,0,1,0,16,1
0,11,0,1,0,0,0,1,4,0
1,5,0,1,0,0,0,0,464,1
0,2,0,2,0,0,0,1,16,0
1,44,953,0,5,0,0,1,2,0
1,44,637,14,32,0,1,0,7,1
1,35,175,0,5,0,0,1,2,0
1,33,77,2,4,0,0,1,24,0
0,31,0,0,0,0,0,0,97,1
1,15,709,0,8,0,0,1,14,0
1,26,702,2,10,0,0,1,7,0
1,35,946,0,0,0,0,1,24,0
0,1,0,0,0,0,0,1,4,0
0,18,0,2,0,0,0,1,11,0
1,18,158,2,7,0,0,0,129,1
1,100,681,24,25,0,1,1,23,1
0,120,0,5,0,1,0,1,11,1
1,46,137,1,2,0,0,1,7,0
1,40,786,0,7,0,0,1,22,0
0,108,0,6,0,1,0,0,6,1
0,42,0,0,0,0,0,0,125,1
0,50,0,1,0,0,0,1,13,0
0,166,0,20,0,0,1,1,30,1
0,4,0,2,0,0,0,1,6,0
1,23,779,1,2,0,0,1,10,0
1,15,863,0,1,0,0,1,2,0
0,177,0,13,0,0,1,1,25,1
0,31,0,2,0,0,0,1,13,0
0,26,0,1,0,0,0,1,12,0
1,41,378,0,6,0,0,1,13,0
1,110,508,20,15,0,1,1,29,1
0,47,0,22,0,0,1,1,5,1
1,34,85,0,7,0,0,1,12,0
1,15,322,0,2,0,0,1,11,0
0,41,0,1,0,0,0,1,19,0
1,95,90,14,25,0,1,1,15,1
0,26,0,1,0,0,0,1,20,0
1,5,73,2,3,0,0,1,18,0
1,32,166,3,8,0,0,0,140,1
1,20,126,1,0,0,0,1,6,0
1,47,232,2,3,0,0,1,10,0
1,65,707,22,29,0,1,1,15,1
0,10,0,2,0,0,0,0,512,1
0,174,0,24,0,0,1,1,27,1
1,40,630,1,9,0,0,1,5,0
1,27,228,1,8,0,0,1,6,0
1,2,333,2,10,0,0,1,12,0
0,37,0,0,0,0,0,0,52,1
0,137,0,14,0,0,1,1,22,1
0,43,0,2,0,0,0,1,13,0
0,42,0,1,0,0,0,1,24,0
0,175,0,23,0,0,1,0,20,1
1,103,370,12,21,0,1,0,16,1
1,25,255,2,2,0,0,1,21,0
0,30,0,2,0,0,0,1,2,0
1,42,121,0,3,0,0,0,1,0
0,48,0,2,0,0,0,1,22,0
1,132,67,5,16,1,0,1,38,1
0,29,0,0,0,0,0,1,8,0
0,0,0,2,0,0,0,1,23,0
0,28,0,1,0,0,0,1,7,0
0,4,0,1,0,0,0,1,12,0
0,48,0,1,0,0,0,0,8,0
0,59,0,9,0,1,0,1,9,1
1,44,973,0,3,0,0,1,1,0
1,37,352,0,1,0,0,1,19,0
0,33,0,1,0,0,0,1,5,0
1,20,0,0,0,0,0,1,350,1
0,47,0,2,0,0,0,1,13,0
0,18,0,1,0,0,0,1,3,0
0,8,0,2,0,0,0,0,439,1
1,122,302,10,18,1,0,1,35,1
1,12,755,2,1,0,0,1,16,0
1,1,359,0,2,0,0,1,17,0
1,28,285,2,8,0,0,1,10,0
0,1,0,1,0,0,0,1,9,0
1,44,497,1,6,0,0,1,16,0
0,34,0,1,0,0,0,1,25,0
1,36,431,1,4,0,0,1,8,0
0,23,0,2,0,0,0,1,3,0
1,14,0,0,0,0,0,1,380,1
0,48,0,24,0,0,1,0,31,1
0,93,0,13,0,1,0,1,29,1
1,32,274,1,1,0,0,1,3,0
0,92,0,6,0,1,0,1,13,1
1,24,867,2,5,0,0,1,5,0
0,6,0,1,0,0,0,0,129,1
0,44,0,2,0,0,0,1,4,0
0,83,0,15,0,0,1,0,19,1
0,13,0,0,0,0,0,0,633,1
0,5,0,4,0,0,0,0,93,1
1,44,682,2,1,0,0,0,9,0
0,80,0,14,0,0,1,1,9,1
0,22,0,1,0,0,0,1,23,0
1,0,52,1,7,0,0,1,21,0
0,24,0,0,0,0,0,1,25,0
1,94,75,5,19,1,0,1,6,1
1,35,901,2,10,0,0,1,12,0
0,46,0,2,0,0,0,1,15,0
1,4,841,1,2,0,0,1,9,0
0,14,0,2,0,0,0,1,3,0
0,48,0,1,0,0,0,1,20,0
1,9,390,1,2,0,0,1,1,0
1,138,798,15,27,0,1,0,9,1
0,40,0,2,0,0,0,1,3,0
1,28,840,2,8,0,0,1,4,0
1,2,106,0,1,0,0,0,78,1
0,177,0,15,0,0,1,1,15,1
1,35,602,0,6,0,0,1,17,0
0,42,0,2,0,0,0,1,9,0
0,4,0,2,0,0,0,0,265,1
1,5,0,2,0,0,0,1,332,1
1,30,680,0,5,0,0,1,8,0
0,9,0,2,0,0,0,1,3,0
0,54,0,11,0,0,1,1,33,1
1,31,81,0,3,0,0,0,129,1
0,50,0,2,0,0,0,1,12,0
0,93,0,18,0,0,1,0,10,1
1,44,468,0,10,0,0,1,8,0
1,15,148,5,5,0,0,0,59,1
1,6,230,1,7,0,0,1,16,0
0,34,0,0,0,0,0,1,24,0
0,16,0,2,0,0,0,1,20,0
1,0,0,0,0,0,0,0,575,1
1,30,868,1,4,0,0,1,7,0
0,30,0,2,0,0,0,1,21,0
0,48,0,1,0,0,0,1,2,0
0,48,0,2,0,0,0,0,22,0
0,30,0,5,0,0,0,0,129,1
0,31,0,1,0,0,0,1,6,0
1,30,808,0,8,0,0,1,18,0
0,18,0,2,0,0,0,0,140,1
0,14,0,2,0,0,0,1,13,0
1,18,486,0,7,0,0,1,16,0
1,37,343,2,8,0,0,1,18,0
1,8,367,1,4,0,0,1,10,0
1,42,900,1,6,0,0,1,1,0
0,30,0,1,0,0,0,1,5,0
1,11,245,2,4,0,0,1,6,0
1,7,0,0,0,0,0,0,434,1
0,7,0,1,0,0,0,1,20,0
1,33,901,2,9,0,0,1,4,0
1,8,0,1,0,0,0,1,488,1
0,143,0,10,0,1,0,1,34,1
0,25,0,0,0,0,0,1,24,0
0,4,0,2,0,0,0,1,604,1
0,47,0,13,0,1,0,1,33,1
0,12,0,1,0,0,0,1,20,0
0,39,0,2,0,0,0,1,12,0
0,47,0,0,0,0,0,1,5,0
0,7,0,0,0,0,0,1,9,0
1,11,785,1,5,0,0,1,18,0
0,42,0,2,0,0,0,1,10,0
1,20,0,0,0,0,0,1,434,1
1,31,388,1,1,0,0,1,23,0
1,37,569,1,9,0,0,0,6,0
0,31,0,2,0,0,0,1,24,0
1,25,832,1,7,0,0,1,18,0
0,17,0,0,0,0,0,0,555,1
0,34,0,0,0,0,0,1,5,0
1,14,215,0,6,0,0,1,20,0
1,8,0,0,0,0,0,1,369,1
1,43,785,1,6,0,0,1,14,0
1,18,449,1,8,0,0,1,25,0
1,48,48,1,3,0,0,1,2,0
0,40,0,2,0,0,0,1,20,0
1,4,190,4,0,0,0,0,69,1
0,3,0,2,0,0,0,1,15,0
0,31,0,2,0,0,0,0,125,1
0,144,0,25,0,0,1,1,19,1
0,31,0,1,0,0,0,1,22,0
0,10,0,2,0,0,0,0,435,1
0,38,0,2,0,0,0,0,8,0
0,13,0,2,0,0,0,1,16,0
0,34,0,1,0,0,0,1,11,0
1,8,722,0,9,0,0,1,9,0
0,36,0,3,0,0,0,0,78,1
1,23,169,4,1,0,0,0,77,1
1,4,795,1,5,0,0,1,20,0
0,8,0,2,0,0,0,1,21,0
1,41,578,2,4,0,0,1,17,0
1,7,942,1,9,0,0,1,15,0
1,26,810,1,10,0,0,1,6,0
0,46,0,3,0,0,0,0,113,1
1,20,53,2,2,0,0,1,2,0
1,18,552,1,2,0,0,1,21,0
0,36,0,0,0,0,0,1,16,0
0,9,0,0,0,0,0,1,25,0
0,88,0,9,0,0,1,1,24,1
0,43,0,1,0,0,0,1,21,0
0,34,0,2,0,0,0,1,22,0
0,46,0,2,0,0,0,1,16,0
0,33,0,0,0,0,0,1,17,0
0,24,0,1,0,0,0,1,6,0
0,10,0,1,0,0,0,0,637,1
0,95,0,10,0,1,0,0,11,1
1,36,987,1,1,0,0,1,5,0
0,23,0,1,0,0,0,0,103,1
1,8,935,2,8,0,0,1,14,0
0,46,0,2,0,0,0,1,24,0
1,47,293,9,39,0,1,1,37,1
0,5,0,1,0,0,0,1,1,0
0,1,0,0,0,0,0,1,11,0
1,49,749,2,6,0,0,1,17,0
1,11,0,1,0,0,0,0,691,1
0,141,0,12,0,1,0,0,23,1
0,12,0,2,0,0,0,1,24,0
1,36,826,1,5,0,0,1,20,0
1,34,451,15,9,1,0,1,7,1
1,31,913,0,8,0,0,1,23,0
0,14,0,1,0,0,0,1,6,0
0,41,0,2,0,0,0,1,18,0
0,29,0,2,0,0,0,1,13,0
1,58,273,14,14,1,0,0,38,1
0,27,0,1,0,0,0,1,25,0
0,23,0,0,0,0,0,1,17,0
1,42,337,2,6,0,0,1,18,0
0,25,0,1,0,0,0,1,15,0
1,14,930,2,1,0,0,1,15,0
1,11,0,0,0,0,0,0,656,1
0,6,0,5,0,0,0,0,122,1
1,144,142,15,6,1,0,0,17,1
1,105,352,12,14,1,0,1,26,1
0,7,0,0,0,0,0,1,514,1
1,27,210,0,7,0,0,1,11,0
1,19,429,2,8,0,0,1,9,0
0,50,0,0,0,0,0,1,7,0
1,10,805,1,1,0,0,1,6,0
1,38,368,2,5,0,0,1,5,0
0,9,0,2,0,0,0,0,147,1
1,47,467,1,2,0,0,1,23,0
0,42,0,2,0,0,0,1,22,0
0,24,0,0,0,0,0,1,13,0
0,38,0,1,0,0,0,1,14,0
1,31,198,4,10,0,0,0,70,1
1,195,245,14,23,0,1,1,6,1
0,2,0,0,0,0,0,1,3,0
1,32,525,1,10,0,0,1,1,0
1,16,568,1,3,0,0,1,12,0
0,71,0,21,0,0,1,1,29,1
0,5,0,2,0,0,0,1,19,0
1,89,571,9,10,0,1,0,11,1
0,14,0,1,0,0,0,1,10,0
1,6,828,1,0,0,0,1,17,0
0,17,0,2,0,0,0,1,5,0
1,3,761,0,7,0,0,1,8,0
1,9,442,1,6,0,0,1,22,0
1,147,236,22,20,0,1,0,13,1
0,15,0,2,0,0,0,1,24,0
1,18,0,0,0,0,0,1,611,1
0,7,0,1,0,0,0,1,1,0
0,48,0,0,0,0,0,0,11,0
1,91,646,21,31,0,1,0,33,1
0,15,0,0,0,0,0,1,21,0
0,31,0,0,0,0,0,1,25,0
1,123,105,11,7,1,0,0,34,1
1,5,68,3,3,0,0,0,69,1
1,0,110,0,1,0,0,1,10,0
0,8,0,0,0,0,0,1,15,0
0,55,0,13,0,0,1,1,35,1
0,8,0,1,0,0,0,0,104,1
0,38,0,2,0,0,0,1,24,0
0,19,0,1,0,0,0,1,4,0
0,33,0,1,0,0,0,1,8,0
1,46,184,2,3,0,0,1,23,0
0,15,0,2,0,0,0,1,17,0
1,32,307,2,4,0,0,0,17,0
1,9,0,2,0,0,0,0,283,1
1,6,147,1,2,0,0,0,93,1
0,17,0,2,0,0,0,0,20,0
0,26,0,2,0,0,0,1,23,0
0,44,0,0,0,0,0,1,9,0
0,21,0,0,0,0,0,1,20,0
1,9,279,0,2,0,0,1,11,0
1,2,768,2,9,0,0,1,21,0
0,19,0,0,0,0,0,1,10,0
0,26,0,0,0,0,0,1,17,0
0,11,0,1,0,0,0,1,19,0
0,45,0,1,0,0,0,1,20,0
0,12,0,1,0,0,0,1,21,0
1,47,130,2,7,0,0,0,116,1
1,22,572,0,7,0,0,1,11,0
1,6,328,2,4,0,0,1,25,0
1,189,730,24,37,0,1,0,23,1
1,1,530,1,1,0,0,1,18,0
1,22,86,1,5,0,0,1,7,0
1,97,305,10,25,0,1,0,37,1
0,21,0,0,0,0,0,1,1,0
0,19,0,5,0,0,0,0,136,1
0,147,0,12,0,1,0,1,7,1
1,4,569,1,9,0,0,1,23,0
0,32,0,1,0,0,0,1,16,0
0,7,0,0,0,0,0,1,7,0
0,49,0,0,0,0,0,1,17,0
1,44,997,2,0,0,0,1,9,0
0,47,0,0,0,0,0,1,1,0
0,63,0,12,0,1,0,1,15,1
0,2,0,2,0,0,0,1,14,0
1,27,501,2,1,0,0,1,20,0
1,18,31,0,1,0,0,0,150,1
1,41,8,0,5,0,0,0,138,1
0,36,0,0,0,0,0,1,10,0
1,35,447,2,7,0,0,1,15,0
0,24,0,1,0,0,0,1,8,0
1,42,665,0,9,0,0,1,16,0
1,45,402,2,8,0,0,1,15,0
1,32,154,1,6,0,0,1,16,0
1,17,0,1,0,0,0,1,599,1
1,11,0,1,0,0,0,1,496,1
0,14,0,2,0,0,0,1,24,0
0,125,0,11,0,1,0,1,21,1
1,183,409,13,40,0,1,1,39,1
0,141,0,5,0,1,0,0,21,1
0,66,0,6,0,1,0,1,15,1
1,169,217,25,28,0,1,0,5,1
1,16,224,0,7,0,0,1,13,0
0,1,0,2,0,0,0,1,6,0
1,11,74,2,9,0,0,1,11,0
0,47,0,2,0,0,0,1,11,0
1,26,186,0,9,0,0,0,133,1
0,37,0,2,0,0,0,1,19,0
1,132,80,11,8,1,0,0,33,1
1,96,245,18,38,0,1,0,30,1
0,65,0,15,0,0,1,1,36,1
0,37,0,0,0,0,0,0,90,1
0,7,0,2,0,0,0,1,18,0
1,3,174,1,1,0,0,1,21,0
1,6,0,1,0,0,0,0,287,1
1,49,650,0,1,0,0,1,14,0
0,23,0,0,0,0,0,1,25,0
0,2,0,0,0,0,0,1,8,0
1,150,320,9,15,0,1,0,9,1
0,5,0,0,0,0,0,1,7,0
1,26,424,1,0,0,0,1,5,0
1,11,235,0,8,0,0,1,8,0
1,30,300,0,0,0,0,1,6,0
1,19,118,0,10,0,0,1,20,0
1,2,789,1,8,0,0,0,12,0
0,29,0,1,0,0,0,1,21,0
0,25,0,0,0,0,0,1,16,0
0,24,0,0,0,0,0,1,16,0
0,14,0,1,0,0,0,1,14,0
1,38,393,0,8,0,0,1,15,0
0,48,0,1,0,0,0,1,3,0
0,89,0,9,0,1,0,1,10,1
1,28,100,2,0,0,0,0,139,1
1,113,718,14,31,0,1,1,14,1
0,63,0,11,0,0,1,0,31,1
0,1,0,0,0,0,0,1,13,0
1,48,376,7,6,1,0,1,18,1
1,47,155,2,6,0,0,0,145,1
1,35,257,0,3,0,0,1,23,0
0,46,0,0,0,0,0,1,25,0
1,23,413,1,3,0,0,1,22,0
1,6,136,1,3,0,0,0,62,1
1,12,981,0,1,0,0,0,25,0
1,16,641,1,9,0,0,1,8,0
1,32,330,1,2,0,0,1,15,0
0,16,0,3,0,0,0,0,135,1
0,61,0,12,0,1,0,0,28,1
0,19,0,1,0,0,0,1,1,0
0,8,0,1,0,0,0,1,738,1
0,38,0,1,0,0,0,0,57,1
0,111,0,14,0,1,0,0,25,1
1,8,987,2,0,0,0,1,3,0
0,38,0,2,0,0,0,1,1,0
0,45,0,1,0,0,0,1,7,0
1,41,672,2,2,0,0,1,23,0
1,44,76,2,3,0,0,1,16,0
1,15,664,0,8,0,0,1,21,0
0,9,0,2,0,0,0,1,715,1
1,17,0,2,0,0,0,0,378,1
1,45,525,1,3,0,0,0,23,0
1,48,745,2,4,0,0,1,18,0
1,20,477,2,2,0,0,1,20,0
1,20,0,0,0,0,0,1,459,1
1,17,433,1,9,0,0,1,12,0
0,36,0,1,0,0,0,1,14,0
0,27,0,2,0,0,0,0,92,1
0,22,0,2,0,0,0,1,8,0
1,27,92,6,10,1,0,1,20,1
1,47,909,0,9,0,0,1,24,0
0,37,0,2,0,0,0,1,18,0
0,44,0,2,0,0,0,1,2,0
0,21,0,1,0,0,0,1,3,0
1,29,714,0,0,0,0,1,18,0
0,40,0,2,0,0,0,0,103,1
0,55,0,12,0,0,1,1,12,1
0,73,0,8,0,1,0,0,38,1
1,9,0,0,0,0,0,1,524,1
0,15,0,1,0,0,0,1,6,0
1,47,493,24,35,0,1,0,24,1
1,27,963,1,3,0,0,1,8,0
0,65,0,11,0,1,0,0,5,1
0,127,0,10,0,1,0,0,9,1
0,9,0,0,0,0,0,1,18,0
1,41,559,2,5,0,0,1,3,0
0,16,0,0,0,0,0,1,14,0
0,46,0,1,0,0,0,0,62,1
1,5,657,2,7,0,0,1,24,0
0,28,0,0,0,0,0,0,73,1
0,6,0,0,0,0,0,0,258,1
1,146,216,7,7,1,0,1,38,1
1,116,728,8,30,0,1,1,33,1
1,42,172,2,4,0,0,1,13,0
1,1,135,0,3,0,0,1,14,0
1,19,0,1,0,0,0,0,525,1
1,47,805,1,4,0,0,1,9,0
1,26,128,4,10,0,0,0,91,1
1,22,166,1,7,0,0,1,18,0
1,29,406,1,4,0,0,1,11,0
1,38,189,2,10,0,0,1,23,0
1,23,39,4,10,0,0,0,58,1
1,13,8,1,4,0,0,0,57,1
0,10,0,0,0,0,0,0,22,0
1,49,784,0,3,0,0,1,5,0
1,39,154,14,17,1,0,1,18,1
1,52,474,9,20,0,1,1,38,1
1,0,0,2,0,0,0,0,542,1
0,48,0,1,0,0,0,1,6,0
1,35,31,0,8,0,0,1,15,0
1,9,776,2,6,0,0,1,6,0
1,16,795,1,0,0,0,0,15,0
0,48,0,2,0,0,0,1,6,0
1,175,770,22,21,0,1,1,17,1
1,9,0,1,0,0,0,1,389,1
0,13,0,0,0,0,0,0,429,1
0,3,0,1,0,0,0,0,575,1
0,102,0,15,0,0,1,0,33,1
0,49,0,0,0,0,0,1,4,0
0,34,0,5,0,0,0,0,87,1
0,46,0,0,0,0,0,1,16,0
1,11,0,2,0,0,0,0,754,1
1,8,159,1,8,0,0,1,16,0
1,15,0,1,0,0,0,0,268,1
1,44,52,12,28,0,1,1,22,1
0,14,0,2,0,0,0,1,14,0
0,0,0,1,0,0,0,1,13,0
1,39,202,2,9,0,0,1,18,0
0,33,0,1,0,0,0,1,6,0
0,35,0,2,0,0,0,1,11,0
0,15,0,2,0,0,0,0,427,1
0,14,0,1,0,0,0,1,21,0
1,16,0,0,0,0,0,0,282,1
1,37,982,2,10,0,0,1,24,0
0,7,0,2,0,0,0,1,13,0
1,25,430,14,18,1,0,1,26,1
1,49,604,15,17,0,1,0,18,1
0,35,0,1,0,0,0,1,16,0
1,20,427,13,9,1,0,1,13,1
1,92,367,11,31,0,1,1,10,1
0,5,0,2,0,0,0,1,23,0
1,37,178,4,1,0,0,0,98,1
0,33,0,2,0,0,0,1,7,0
1,43,283,1,5,0,0,0,23,0
0,29,0,1,0,0,0,1,12,0
0,39,0,2,0,0,0,0,93,1
0,16,0,0,0,0,0,1,570,1
0,53,0,11,0,1,0,1,29,1
0,5,0,2,0,0,0,1,7,0
0,46,0,2,0,0,0,1,23,0
0,11,0,2,0,0,0,1,1,0
1,18,830,1,2,0,0,1,9,0
0,46,0,0,0,0,0,1,16,0
0,22,0,2,0,0,0,0,139,1
1,7,419,2,6,0,0,1,4,0
0,89,0,17,0,0,1,1,16,1
1,13,461,1,2,0,0,1,1,0
1,43,25,2,3,0,0,1,23,0
1,31,30,2,7,0,0,1,6,0
0,16,0,1,0,0,0,1,16,0
0,0,0,0,0,0,0,1,18,0
0,24,0,1,0,0,0,1,24,0
0,73,0,8,0,1,0,1,5,1
1,48,471,1,2,0,0,1,1,0
1,6,285,2,0,0,0,1,22,0
0,108,0,12,0,0,1,1,12,1
1,14,401,2,4,0,0,1,18,0
0,24,0,2,0,0,0,1,19,0
1,39,943,2,9,0,0,1,8,0
1,15,213,0,9,0,0,1,13,0
1,6,744,1,8,0,0,1,15,0
1,9,0,1,0,0,0,1,650,1
0,18,0,0,0,0,0,1,8,0
0,38,0,1,0,0,0,1,25,0
1,105,426,13,5,1,0,0,7,1
1,64,213,13,8,1,0,1,37,1
0,38,0,0,0,0,0,1,22,0
0,14,0,0,0,0,0,1,9,0
1,16,833,0,5,0,0,1,8,0
1,45,405,0,10,0,0,1,21,0
0,44,0,12,0,1,0,0,29,1
0,51,0,14,0,1,0,1,38,1
1,45,86,1,6,0,0,0,66,1
1,6,202,0,7,0,0,1,22,0
1,103,120,5,10,1,0,1,7,1
1,6,134,2,1,0,0,0,126,1
0,44,0,0,0,0,0,1,19,0
0,28,0,1,0,0,0,1,4,0
0,3,0,0,0,0,0,0,13,0
0,66,0,18,0,0,1,0,10,1
0,140,0,5,0,1,0,0,31,1
1,87,363,6,14,1,0,1,14,1
1,46,286,0,2,0,0,1,4,0
0,41,0,0,0,0,0,1,5,0
0,16,0,0,0,0,0,0,54,1
1,13,293,1,8,0,0,1,15,0
0,28,0,2,0,0,0,0,18,0
1,51,271,11,19,1,0,1,14,1
1,20,468,2,5,0,0,1,20,0
1,104,459,14,16,1,0,1,30,1
1,33,128,1,7,0,0,1,25,0
0,15,0,2,0,0,0,0,339,1
0,39,0,0,0,0,0,1,15,0
1,39,319,0,6,0,0,1,15,0
0,0,0,3,0,0,0,0,51,1
1,2,0,0,0,0,0,0,410,1
1,28,538,1,5,0,0,1,24,0
0,2,0,1,0,0,0,1,10,0
1,15,615,2,10,0,0,1,23,0
0,36,0,1,0,0,0,1,15,0
0,26,0,1,0,0,0,1,22,0
1,18,144,5,4,0,0,0,100,1
1,50,38,2,2,0,0,1,24,0
0,31,0,2,0,0,0,1,5,0
1,32,651,1,10,0,0,1,6,0
1,46,399,20,24,0,1,0,11,1
0,41,0,2,0,0,0,1,18,0
0,30,0,0,0,0,0,1,25,0
0,63,0,11,0,1,0,0,13,1
0,14,0,2,0,0,0,1,570,1
1,34,328,9,8,1,0,0,27,1
1,33,981,0,3,0,0,1,2,0
1,3,36,2,8,0,0,1,7,0
0,82,0,15,0,1,0,0,6,1
1,23,136,0,1,0,0,1,11,0
0,4,0,1,0,0,0,1,378,1
1,10,0,1,0,0,0,1,655,1
0,2,0,2,0,0,0,1,4,0
1,23,780,0,8,0,0,1,13,0
0,15,0,0,0,0,0,1,8,0
0,18,0,0,0,0,0,1,19,0
1,32,214,1,0,0,0,1,20,0
0,27,0,1,0,0,0,1,14,0
0,36,0,0,0,0,0,1,11,0
0,25,0,0,0,0,0,1,5,0
1,29,244,2,7,0,0,1,12,0
0,0,0,2,0,0,0,0,342,1
1,46,42,1,5,0,0,1,5,0
0,12,0,2,0,0,0,0,150,1
1,16,944,0,0,0,0,1,5,0
0,12,0,2,0,0,0,1,1,0
1,41,12,0,6,0,0,1,20,0
1,12,177,1,9,0,0,1,17,0
0,36,0,5,0,0,0,0,137,1
0,13,0,2,0,0,0,1,14,0
1,96,196,10,37,0,1,1,26,1
1,165,337,14,22,0,1,0,26,1
0,44,0,2,0,0,0,1,23,0
0,34,0,1,0,0,0,1,8,0
0,20,0,1,0,0,0,1,6,0
0,30,0,0,0,0,0,1,5,0
0,29,0,6,0,1,0,0,12,1
1,21,952,2,5,0,0,1,17,0
1,47,901,1,4,0,0,1,17,0
0,36,0,1,0,0,0,1,23,0
0,26,0,1,0,0,0,1,19,0
1,41,195,1,0,0,0,1,25,0
1,187,75,21,27,0,1,1,24,1
1,4,707,0,4,0,0,1,21,0
0,14,0,0,0,0,0,1,9,0
1,14,101,1,5,0,0,1,12,0
1,22,811,2,10,0,0,1,23,0
0,74,0,12,0,0,1,1,17,1
0,182,0,19,0,0,1,0,33,1
1,48,213,2,0,0,0,1,14,0
0,28,0,5,0,0,0,0,70,1
0,12,0,5,0,0,0,0,93,1
1,10,554,0,1,0,0,1,17,0
1,34,818,0,5,0,0,1,7,0
0,44,0,2,0,0,0,0,80,1
0,122,0,8,0,1,0,0,19,1
0,7,0,0,0,0,0,0,788,1
0,141,0,21,0,0,1,1,10,1
0,132,0,13,0,1,0,0,15,1
1,7,726,0,6,0,0,1,3,0
0,17,0,2,0,0,0,0,86,1
0,35,0,0,0,0,0,1,25,0
1,38,232,2,8,0,0,1,11,0
1,96,376,8,10,1,0,1,24,1
1,24,797,2,9,0,0,1,10,0
1,4,888,0,6,0,0,1,11,0
1,35,802,1,3,0,0,1,11,0
0,11,0,1,0,0,0,1,9,0
1,4,0,0,0,0,0,0,612,1
1,41,725,1,0,0,0,1,6,0
0,17,0,2,0,0,0,0,72,1
1,120,59,23,24,0,1,0,12,1
0,4,0,0,0,0,0,0,414,1
0,12,0,1,0,0,0,1,5,0
0,28,0,1,0,0,0,1,13,0
0,35,0,8,0,1,0,1,21,1
0,41,0,2,0,0,0,1,14,0
0,22,0,2,0,0,0,1,18,0
1,8,161,1,1,0,0,1,17,0
1,113,251,10,7,1,0,1,17,1
1,25,964,0,0,0,0,0,19,0
0,169,0,15,0,0,1,1,29,1
1,31,780,0,5,0,0,1,22,0
1,37,636,1,6,0,0,1,9,0
0,44,0,1,0,0,0,0,99,1
1,0,911,2,8,0,0,1,16,0
0,47,0,2,0,0,0,1,24,0
1,33,75,0,0,0,0,1,2,0
1,24,55,0,10,0,0,1,20,0
1,19,153,0,1,0,0,1,12,0
0,14,0,2,0,0,0,1,7,0
1,47,99,5,2,0,0,0,83,1
1,31,177,0,7,0,0,0,10,0
0,16,0,1,0,0,0,1,17,0
1,12,29,5,8,0,0,0,102,1
0,26,0,0,0,0,0,1,11,0
0,117,0,25,0,0,1,1,25,1
1,15,966,2,7,0,0,1,10,0
0,162,0,18,0,0,1,0,35,1
1,8,599,2,0,0,0,1,17,0
0,9,0,0,0,0,0,1,15,0
0,9,0,2,0,0,0,1,11,0
0,45,0,2,0,0,0,1,8,0
1,36,253,0,5,0,0,1,20,0
1,16,727,2,5,0,0,1,8,0
1,17,98,0,10,0,0,1,8,0
1,31,988,0,9,0,0,1,22,0
1,37,698,2,7,0,0,1,4,0
0,17,0,0,0,0,0,1,20,0
0,24,0,0,0,0,0,1,20,0
1,16,100,0,0,0,0,0,100,1
1,28,33,5,10,0,0,0,134,1
1,29,278,0,8,0,0,1,16,0
1,24,585,0,5,0,0,1,11,0
1,16,841,2,0,0,0,1,10,0
0,22,0,14,0,1,0,1,11,1
0,21,0,6,0,1,0,0,38,1
1,34,799,2,10,0,0,1,19,0
1,49,491,2,8,0,0,1,9,0
0,24,0,1,0,0,0,1,12,0
0,50,0,0,0,0,0,1,5,0
0,21,0,2,0,0,0,1,12,0
1,50,915,2,6,0,0,1,24,0
1,180,666,15,36,0,1,0,16,1
1,6,57,2,6,0,0,1,18,0
1,41,502,1,5,0,0,1,12,0
0,38,0,2,0,0,0,1,2,0
1,104,775,21,31,0,1,1,26,1
1,5,777,0,6,0,0,1,18,0
0,12,0,1,0,0,0,1,15,0
0,30,0,5,0,0,0,0,84,1
0,41,0,2,0,0,0,1,8,0
1,97,533,21,35,0,1,1,32,1
0,3,0,0,0,0,0,1,21,0
0,34,0,1,0,0,0,1,11,0
0,103,0,23,0,0,1,1,22,1
1,17,0,0,0,0,0,0,605,1
0,128,0,15,0,1,0,0,19,1
0,46,0,1,0,0,0,1,11,0
0,23,0,1,0,0,0,1,22,0
0,165,0,25,0,0,1,0,6,1
0,25,0,2,0,0,0,1,9,0
0,3,0,2,0,0,0,1,14,0
0,46,0,2,0,0,0,1,22,0
1,29,956,1,4,0,0,1,1,0
0,6,0,2,0,0,0,1,1,0
1,15,0,0,0,0,0,0,423,1
0,25,0,1,0,0,0,1,14,0
1,13,791,2,2,0,0,1,10,0
1,36,912,1,10,0,0,1,7,0
1,27,958,2,10,0,0,1,23,0
0,49,0,0,0,0,0,1,25,0
1,0,714,2,1,0,0,1,18,0
0,10,0,0,0,0,0,1,16,0
1,137,798,21,11,0,1,0,32,1
1,14,83,2,8,0,0,1,5,0
0,38,0,1,0,0,0,0,93,1
0,32,0,0,0,0,0,1,20,0
0,5,0,1,0,0,0,1,1,0
1,21,299,0,4,0,0,0,2,0
0,17,0,2,0,0,0,1,24,0
0,16,0,0,0,0,0,1,3,0
0,123,0,16,0,0,1,0,27,1
0,43,0,2,0,0,0,1,11,0
0,48,0,2,0,0,0,1,21,0
1,0,490,0,0,0,0,1,21,0
0,7,0,2,0,0,0,0,474,1
1,39,729,1,3,0,0,1,19,0
1,43,359,0,5,0,0,1,6,0
1,1,0,2,0,0,0,0,778,1
1,47,648,2,9,0,0,1,4,0
1,37,359,2,1,0,0,1,3,0
0,80,0,15,0,1,0,0,7,1
1,110,639,11,16,0,1,1,29,1
1,11,534,1,6,0,0,0,17,0
1,18,238,2,3,0,0,1,2,0
1,35,53,0,0,0,0,0,132,1
1,43,468,2,7,0,0,1,15,0
0,8,0,0,0,0,0,1,25,0
0,47,0,2,0,0,0,1,18,0
0,17,0,0,0,0,0,1,25,0
0,93,0,19,0,0,1,1,36,1
1,95,226,15,24,0,1,1,29,1
0,4,0,2,0,0,0,0,213,1
0,122,0,7,0,1,0,0,7,1
0,40,0,0,0,0,0,0,71,1
1,10,0,2,0,0,0,1,800,1
0,29,0,2,0,0,0,1,7,0
1,4,680,2,3,0,0,1,25,0
1,27,929,2,8,0,0,1,2,0
1,79,369,15,17,1,0,0,9,1
1,20,350,0,4,0,0,1,23,0
0,45,0,3,0,0,0,0,120,1
0,19,0,1,0,0,0,1,21,0
1,49,644,0,4,0,0,1,2,0
1,0,558,0,7,0,0,1,13,0
1,50,314,2,5,0,0,1,11,0
0,48,0,0,0,0,0,0,99,1
1,27,852,2,1,0,0,1,14,0
0,121,0,17,0,0,1,1,13,1
1,46,705,0,3,0,0,1,17,0
1,28,837,1,0,0,0,1,24,0
0,4,0,2,0,0,0,0,195,1
1,33,187,2,9,0,0,1,10,0
0,15,0,2,0,0,0,1,641,1
1,34,312,0,10,0,0,1,15,0
1,67,369,7,18,1,0,1,30,1
1,32,56,3,5,0,0,0,146,1
0,15,0,0,0,0,0,1,22,0
1,176,610,18,26,0,1,0,27,1
1,62,553,18,27,0,1,1,37,1
0,10,0,0,0,0,0,1,20,0
1,7,857,2,10,0,0,1,19,0
1,9,0,1,0,0,0,0,494,1
0,8,0,0,0,0,0,1,23,0
0,40,0,0,0,0,0,1,11,0
0,11,0,3,0,0,0,0,134,1
0,22,0,2,0,0,0,1,14,0
1,23,135,1,4,0,0,1,20,0
1,1,0,2,0,0,0,1,704,1
1,30,141,1,9,0,0,0,123,1
1,23,746,2,4,0,0,1,7,0
0,1,0,2,0,0,0,0,597,1
0,32,0,2,0,0,0,1,7,0
0,12,0,2,0,0,0,1,22,0
1,137,500,9,6,1,0,1,11,1
0,178,0,13,0,0,1,1,5,1
1,41,284,17,21,0,1,1,28,1
1,15,40,3,7,0,0,0,63,1
1,34,751,1,0,0,0,1,18,0
0,40,0,2,0,0,0,1,10,0
1,68,596,17,31,0,1,0,19,1
1,193,521,22,11,0,1,1,26,1
0,14,0,2,0,0,0,1,21,0
0,9,0,0,0,0,0,1,25,0
0,7,0,2,0,0,0,1,22,0
0,10,0,2,0,0,0,0,21,0
0,18,0,0,0,0,0,1,411,1
1,35,77,1,4,0,0,1,12,0
0,20,0,2,0,0,0,0,706,1
0,17,0,2,0,0,0,1,11,0
1,45,426,0,10,0,0,1,23,0
0,35,0,1,0,0,0,1,10,0
1,48,321,0,3,0,0,1,17,0
0,24,0,1,0,0,0,1,10,0
1,50,836,1,10,0,0,1,6,0
1,42,63,4,6,0,0,0,140,1
0,35,0,5,0,0,0,0,138,1
1,25,761,0,0,0,0,1,20,0
0,17,0,0,0,0,0,1,21,0
0,4,0,0,0,0,0,1,674,1
0,47,0,1,0,0,0,1,23,0
0,39,0,5,0,0,0,0,89,1
1,15,511,1,8,0,0,1,6,0
1,42,896,1,1,0,0,1,20,0
0,48,0,0,0,0,0,1,4,0
1,33,731,2,8,0,0,1,23,0
1,22,245,2,6,0,0,1,5,0
0,40,0,0,0,0,0,1,4,0
1,35,442,1,9,0,0,1,7,0
0,49,0,2,0,0,0,0,91,1
1,12,0,2,0,0,0,1,355,1
0,20,0,2,0,0,0,1,6,0
0,41,0,1,0,0,0,1,12,0
1,46,491,0,6,0,0,1,14,0
1,116,685,22,17,0,1,1,33,1
0,19,0,2,0,0,0,1,25,0
0,50,0,0,0,0,0,1,22,0
1,23,71,1,1,0,0,1,3,0
1,47,898,1,3,0,0,1,5,0
1,42,108,7,20,1,0,0,11,1
1,24,436,0,3,0,0,1,23,0
1,22,70,1,0,0,0,1,9,0
1,18,417,2,0,0,0,1,15,0
0,37,0,2,0,0,0,1,23,0
1,31,638,1,10,0,0,1,19,0
0,10,0,1,0,0,0,1,5,0
1,5,0,2,0,0,0,0,514,1
0,4,0,5,0,0,0,0,140,1
1,34,882,2,10,0,0,1,8,0
1,25,200,1,9,0,0,1,19,0
0,24,0,1,0,0,0,1,20,0
1,46,559,1,1,0,0,1,17,0
0,21,0,0,0,0,0,0,83,1
0,26,0,0,0,0,0,1,5,0
1,46,825,1,9,0,0,1,17,0
0,29,0,1,0,0,0,1,1,0
0,17,0,0,0,0,0,1,17,0
0,17,0,5,0,0,0,0,127,1
0,39,0,1,0,0,0,1,13,0
0,15,0,0,0,0,0,1,7,0
1,28,843,1,3,0,0,1,24,0
0,31,0,1,0,0,0,1,13,0
1,153,263,21,23,0,1,0,11,1
1,20,525,0,1,0,0,1,1,0
1,12,0,1,0,0,0,1,555,1
1,8,0,0,0,0,0,1,234,1
0,22,0,2,0,0,0,1,9,0
1,34,697,1,3,0,0,1,14,0
1,184,598,11,22,0,1,0,18,1
0,137,0,11,0,0,1,1,5,1
0,16,0,0,0,0,0,0,258,1
0,47,0,1,0,0,0,1,16,0
1,8,0,1,0,0,0,1,595,1
0,46,0,0,0,0,0,1,15,0
0,38,0,2,0,0,0,1,2,0
1,38,130,2,4,0,0,1,16,0
0,14,0,0,0,0,0,1,3,0
1,9,883,1,1,0,0,1,10,0
0,27,0,2,0,0,0,1,25,0
0,18,0,1,0,0,0,0,127,1
0,177,0,22,0,0,1,1,32,1
1,29,662,2,2,0,0,1,16,0
0,43,0,0,0,0,0,1,3,0
0,33,0,0,0,0,0,1,12,0
1,19,725,2,3,0,0,1,21,0
1,31,210,1,9,0,0,1,6,0
0,114,0,6,0,1,0,0,29,1
0,42,0,15,0,0,1,1,18,1
1,9,0,1,0,0,0,1,672,1
0,10,0,2,0,0,0,1,21,0
1,15,841,2,4,0,0,1,7,0
0,44,0,2,0,0,0,1,9,0
1,36,745,0,7,0,0,1,20,0
1,5,996,1,4,0,0,1,8,0
0,19,0,2,0,0,0,1,642,1
1,18,814,1,0,0,0,1,12,0
0,4,0,1,0,0,0,1,18,0
1,41,520,1,9,0,0,1,17,0
0,29,0,0,0,0,0,1,15,0
0,44,0,7,0,1,0,0,31,1
0,8,0,2,0,0,0,1,19,0
1,3,0,2,0,0,0,0,514,1
0,39,0,5,0,1,0,0,12,1
0,32,0,2,0,0,0,0,5,0
0,15,0,1,0,0,0,1,1,0
0,6,0,1,0,0,0,0,550,1
1,16,764,1,2,0,0,1,10,0
0,12,0,5,0,0,0,0,88,1
1,68,444,9,5,1,0,1,12,1
0,66,0,8,0,1,0,0,33,1
0,8,0,1,0,0,0,1,3,0
0,62,0,18,0,0,1,0,31,1
0,40,0,2,0,0,0,1,24,0
1,17,827,0,8,0,0,1,20,0
1,19,18,1,7,0,0,0,80,1
0,41,0,0,0,0,0,1,3,0
1,8,413,2,4,0,0,1,12,0
0,15,0,4,0,0,0,0,80,1
0,14,0,0,0,0,0,1,22,0
1,15,0,2,0,0,0,0,667,1
1,32,847,0,4,0,0,1,13,0
1,35,836,1,4,0,0,1,12,0
1,26,164,4,9,0,0,0,125,1
1,18,0,1,0,0,0,0,262,1
0,44,0,0,0,0,0,1,13,0
1,158,165,18,13,0,1,1,11,1
0,45,0,0,0,0,0,1,20,0
0,146,0,21,0,0,1,0,40,1
1,28,286,2,4,0,0,1,16,0
1,46,22,5,5,0,0,0,98,1
0,13,0,2,0,0,0,0,752,1
0,26,0,1,0,0,0,1,21,0
0,61,0,16,0,0,1,1,25,1
1,38,21,2,0,0,0,1,5,0
0,45,0,0,0,0,0,1,25,0
0,16,0,0,0,0,0,1,9,0
1,23,624,2,2,0,0,1,21,0
0,2,0,2,0,0,0,1,797,1
0,41,0,1,0,0,0,1,12,0
1,55,224,17,33,0,1,1,30,1
1,10,609,1,4,0,0,1,9,0
0,75,0,11,0,0,1,1,9,1
0,19,0,0,0,0,0,1,25,0
0,30,0,0,0,0,0,1,6,0
0,8,0,2,0,0,0,1,9,0
0,26,0,2,0,0,0,1,17,0
0,23,0,2,0,0,0,1,18,0
1,20,625,1,5,0,0,1,18,0
1,49,138,2,7,0,0,1,12,0
1,100,130,6,15,1,0,1,15,1
1,34,467,6,8,1,0,1,17,1
0,33,0,1,0,0,0,1,17,0
0,68,0,23,0,0,1,1,10,1
0,50,0,1,0,0,0,1,17,0
1,11,0,1,0,0,0,0,434,1
0,33,0,0,0,0,0,1,7,0
1,18,936,0,10,0,0,1,7,0
0,17,0,5,0,0,0,0,72,1
1,164,451,15,18,0,1,0,40,1
1,34,641,2,1,0,0,1,3,0
1,167,148,11,12,0,1,0,12,1
1,102,241,15,14,0,1,1,13,1
1,87,282,23,29,0,1,1,30,1
0,36,0,0,0,0,0,1,22,0
0,133,0,8,0,1,0,0,12,1
0,21,0,0,0,0,0,1,13,0
1,28,253,1,7,0,0,1,4,0
1,11,673,0,0,0,0,1,16,0
0,36,0,0,0,0,0,0,129,1
0,68,0,12,0,1,0,0,24,1
0,38,0,0,0,0,0,1,23,0
1,35,463,5,5,1,0,0,22,1
1,16,887,0,5,0,0,1,1,0
1,15,0,0,0,0,0,0,712,1
0,43,0,2,0,0,0,1,7,0
1,39,42,0,2,0,0,0,6,0
1,7,867,1,6,0,0,1,3,0
0,32,0,0,0,0,0,1,4,0
0,19,0,2,0,0,0,1,2,0
0,0,0,1,0,0,0,0,5,0
0,2,0,2,0,0,0,1,25,0
0,44,0,2,0,0,0,1,8,0
0,34,0,0,0,0,0,1,17,0
1,5,686,0,3,0,0,1,21,0
0,27,0,2,0,0,0,1,2,0
0,10,0,1,0,0,0,1,5,0
0,29,0,0,0,0,0,1,25,0
0,30,0,1,0,0,0,1,3,0
1,37,77,17,20,0,1,1,18,1
0,21,0,0,0,0,0,1,18,0
1,187,528,24,30,0,1,0,35,1
1,3,95,1,8,0,0,0,114,1
0,2,0,1,0,0,0,1,564,1
0,20,0,2,0,0,0,1,12,0
0,74,0,18,0,0,1,1,9,1
0,31,0,0,0,0,0,1,12,0
1,104,97,25,30,0,1,0,22,1
0,34,0,22,0,0,1,0,7,1
0,18,0,1,0,0,0,1,20,0
0,30,0,1,0,0,0,1,5,0
0,35,0,1,0,0,0,1,9,0
1,19,87,0,5,0,0,1,2,0
1,37,121,2,7,0,0,1,13,0
0,3,0,0,0,0,0,1,15,0
1,197,322,14,38,0,1,1,39,1
1,9,711,0,5,0,0,1,4,0
1,127,185,19,39,0,1,0,31,1
1,49,145,1,6,0,0,1,21,0
0,24,0,2,0,0,0,1,10,0
1,1,187,2,1,0,0,1,17,0
1,25,136,5,7,0,0,0,66,1
0,47,0,1,0,0,0,1,3,0
0,34,0,1,0,0,0,1,9,0
0,24,0,2,0,0,0,1,15,0
1,97,259,7,14,1,0,0,23,1
0,38,0,2,0,0,0,1,23,0
0,3,0,2,0,0,0,1,15,0
0,143,0,10,0,0,1,0,32,1
0,18,0,0,0,0,0,1,2,0
0,88,0,14,0,1,0,0,11,1
1,10,319,0,6,0,0,1,16,0
0,2,0,2,0,0,0,0,24,0
1,27,76,5,5,0,0,0,101,1
1,33,137,2,5,0,0,1,2,0
0,46,0,0,0,0,0,1,22,0
0,39,0,2,0,0,0,1,21,0
0,9,0,0,0,0,0,1,21,0
1,12,471,1,9,0,0,1,13,0
1,98,371,12,13,1,0,1,30,1
1,25,11,2,0,0,0,1,24,0
0,2,0,1,0,0,0,1,21,0
0,43,0,2,0,0,0,1,19,0
1,103,341,8,19,1,0,1,17,1
0,29,0,2,0,0,0,1,11,0
1,43,989,2,10,0,0,1,16,0
0,0,0,1,0,0,0,1,2,0
1,45,731,0,6,0,0,1,16,0
0,24,0,1,0,0,0,1,3,0
0,26,0,0,0,0,0,1,14,0
1,3,131,1,9,0,0,1,13,0
1,13,258,2,0,0,0,1,7,0
0,42,0,2,0,0,0,0,118,1
0,43,0,1,0,0,0,1,18,0
0,31,0,0,0,0,0,1,9,0
0,28,0,1,0,0,0,1,5,0
1,33,443,2,5,0,0,1,1,0
0,0,0,2,0,0,0,1,18,0
0,90,0,12,0,1,0,1,10,1
0,15,0,2,0,0,0,1,24,0
0,2,0,2,0,0,0,1,21,0
1,15,870,0,6,0,0,1,5,0
0,43,0,0,0,0,0,1,5,0
1,84,435,6,15,1,0,0,7,1
1,34,399,2,8,0,0,1,14,0
0,20,0,0,0,0,0,1,23,0
0,10,0,2,0,0,0,1,510,1
1,13,402,1,0,0,0,1,1,0
0,99,0,11,0,0,1,1,14,1
0,109,0,19,0,0,1,1,18,1
0,42,0,0,0,0,0,1,6,0
1,46,136,2,3,0,0,1,21,0
1,37,184,2,7,0,0,1,20,0
1,1,544,0,3,0,0,1,8,0
1,34,850,2,8,0,0,1,23,0
1,51,234,13,7,1,0,0,25,1
0,42,0,2,0,0,0,0,141,1
1,26,98,2,4,0,0,1,7,0
1,1,203,1,3,0,0,1,3,0
1,17,955,1,3,0,0,1,13,0
1,20,772,1,4,0,0,1,16,0
0,22,0,1,0,0,0,1,6,0
1,88,274,16,40,0,1,0,35,1
0,28,0,0,0,0,0,1,10,0
1,38,639,2,8,0,0,1,6,0
1,46,420,2,4,0,0,1,5,0
0,0,0,2,0,0,0,1,207,1
0,20,0,1,0,0,0,1,414,1
0,27,0,0,0,0,0,1,20,0
1,3,444,2,0,0,0,1,4,0
1,44,873,2,2,0,0,1,13,0
0,75,0,14,0,0,1,1,23,1
0,4,0,0,0,0,0,1,12,0
1,55,304,25,23,0,1,1,37,1
0,29,0,4,0,0,0,0,101,1
0,196,0,17,0,0,1,1,5,1
1,48,59,0,1,0,0,1,25,0
1,41,41,1,1,0,0,0,87,1
0,5,0,2,0,0,0,1,656,1
1,13,668,0,7,0,0,1,25,0
0,120,0,6,0,1,0,1,28,1
0,6,0,0,0,0,0,0,318,1
1,48,56,1,9,0,0,1,14,0
0,20,0,0,0,0,0,0,8,0
0,49,0,0,0,0,0,1,24,0
1,37,154,0,9,0,0,1,15,0
0,5,0,2,0,0,0,1,4,0
1,52,315,13,10,1,0,1,7,1
0,15,0,2,0,0,0,1,19,0
0,10,0,2,0,0,0,1,17,0
0,6,0,2,0,0,0,1,15,0
0,15,0,2,0,0,0,1,21,0
1,32,720,1,3,0,0,1,19,0
0,38,0,0,0,0,0,1,10,0
0,22,0,2,0,0,0,0,82,1
1,20,747,1,6,0,0,1,4,0
1,17,0,0,0,0,0,0,436,1
0,179,0,24,0,0,1,1,9,1
1,121,370,14,20,1,0,0,12,1
0,48,0,2,0,0,0,1,14,0
1,116,783,8,33,0,1,1,19,1
1,139,192,23,13,0,1,0,27,1
1,106,96,14,16,1,0,1,10,1
0,62,0,21,0,0,1,0,7,1
0,20,0,0,0,0,0,1,15,0
1,48,27,0,2,0,0,1,7,0
1,5,988,2,1,0,0,1,6,0
0,4,0,0,0,0,0,1,21,0
1,35,550,1,4,0,0,1,19,0
0,32,0,1,0,0,0,0,59,1
1,33,605,1,1,0,0,0,17,0
1,19,301,2,3,0,0,1,9,0
0,40,0,0,0,0,0,1,21,0
0,0,0,1,0,0,0,1,22,0
0,17,0,2,0,0,0,0,571,1
0,50,0,0,0,0,0,1,23,0
0,30,0,1,0,0,0,1,7,0
0,3,0,0,0,0,0,1,18,0
0,0,0,2,0,0,0,0,174,1
1,5,0,2,0,0,0,1,670,1
1,42,708,12,12,0,1,1,17,1
0,45,0,0,0,0,0,1,9,0
1,2,475,0,8,0,0,1,19,0
1,6,442,0,3,0,0,1,20,0
0,22,0,1,0,0,0,1,15,0
0,15,0,2,0,0,0,1,711,1
0,24,0,2,0,0,0,1,6,0
1,22,978,2,5,0,0,1,2,0
0,37,0,0,0,0,0,1,10,0
1,3,0,0,0,0,0,1,172,1
0,3,0,1,0,0,0,0,787,1
0,30,0,2,0,0,0,0,103,1
0,31,0,9,0,1,0,1,38,1
0,44,0,0,0,0,0,1,17,0
0,47,0,2,0,0,0,1,12,0
1,1,52,0,8,0,0,1,12,0
1,56,407,14,12,1,0,1,14,1
1,37,601,2,4,0,0,1,22,0
1,12,0,0,0,0,0,1,416,1
0,64,0,14,0,1,0,0,26,1
0,38,0,4,0,0,0,0,58,1
0,36,0,0,0,0,0,1,18,0
1,5,143,5,5,0,0,0,141,1
0,4,0,1,0,0,0,1,10,0
0,21,0,1,0,0,0,0,123,1
1,28,598,0,6,0,0,1,16,0
1,34,247,2,8,0,0,1,13,0
1,1,587,0,7,0,0,1,20,0
0,166,0,13,0,0,1,0,18,1
0,46,0,2,0,0,0,1,5,0
0,54,0,21,0,0,1,1,35,1
0,31,0,2,0,0,0,1,9,0
0,47,0,0,0,0,0,1,9,0
1,7,0,1,0,0,0,0,231,1
1,28,855,1,4,0,0,1,4,0
1,34,109,0,6,0,0,1,22,0
1,6,803,0,1,0,0,1,24,0
0,46,0,2,0,0,0,0,10,0
1,13,927,2,9,0,0,1,16,0
0,28,0,5,0,1,0,0,40,1
1,130,163,8,11,1,0,1,27,1
0,11,0,2,0,0,0,1,5,0
1,5,702,0,7,0,0,1,24,0
1,39,769,0,10,0,0,1,4,0
0,73,0,11,0,1,0,1,14,1
1,43,882,1,0,0,0,1,4,0
0,39,0,0,0,0,0,1,7,0
1,19,182,0,2,0,0,1,21,0
1,5,243,2,3,0,0,1,6,0
1,1,757,0,9,0,0,1,24,0
0,20,0,1,0,0,0,1,647,1
1,3,0,0,0,0,0,1,799,1
1,41,579,2,5,0,0,1,21,0
1,10,499,0,10,0,0,1,5,0
1,126,413,10,14,1,0,1,15,1
1,8,0,2,0,0,0,1,484,1
1,2,441,1,7,0,0,1,16,0
0,34,0,12,0,1,0,1,9,1
1,45,390,0,1,0,0,1,16,0
0,14,0,2,0,0,0,1,18,0
0,121,0,9,0,0,1,1,21,1
0,2,0,2,0,0,0,1,22,0
1,120,65,9,11,1,0,0,22,1
0,115,0,12,0,1,0,0,11,1
0,31,0,2,0,0,0,1,18,0
0,46,0,0,0,0,0,1,4,0
0,39,0,0,0,0,0,1,5,0
0,18,0,1,0,0,0,1,17,0
0,1,0,0,0,0,0,0,596,1
1,51,620,8,19,0,1,0,5,1
1,5,72,1,3,0,0,1,3,0
0,2,0,0,0,0,0,1,4,0
1,140,235,17,14,0,1,1,39,1
1,12,510,2,3,0,0,1,18,0
0,13,0,0,0,0,0,1,15,0
0,34,0,0,0,0,0,1,25,0
0,13,0,0,0,0,0,1,722,1
0,46,0,14,0,1,0,1,14,1
1,35,912,0,4,0,0,1,18,0
1,10,457,0,8,0,0,1,2,0
1,36,832,1,0,0,0,1,16,0
1,4,971,2,7,0,0,1,14,0
1,27,975,2,0,0,0,1,6,0
0,4,0,2,0,0,0,1,7,0
1,46,572,15,38,0,1,1,37,1
1,30,348,2,3,0,0,1,13,0
0,22,0,1,0,0,0,1,8,0
0,42,0,1,0,0,0,1,1,0
0,33,0,1,0,0,0,1,18,0
1,94,194,6,11,1,0,0,33,1
1,34,57,1,9,0,0,1,23,0
1,18,200,0,2,0,0,1,17,0
1,48,671,2,5,0,0,1,5,0
0,11,0,0,0,0,0,1,187,1
1,37,540,1,0,0,0,1,12,0
1,72,87,8,7,1,0,0,20,1
1,160,466,8,26,0,1,1,20,1
1,12,949,0,9,0,0,1,9,0
0,50,0,1,0,0,0,1,19,0
1,30,872,2,9,0,0,1,10,0
0,47,0,2,0,0,0,1,12,0
0,37,0,0,0,0,0,1,20,0
0,69,0,18,0,0,1,0,21,1
1,7,861,0,8,0,0,1,5,0
0,22,0,4,0,0,0,0,78,1
0,37,0,1,0,0,0,1,16,0
1,1,193,4,7,0,0,0,83,1
0,25,0,1,0,0,0,1,21,0
0,47,0,1,0,0,0,1,22,0
1,96,196,15,12,1,0,1,11,1
0,3,0,0,0,0,0,1,20,0
0,195,0,8,0,0,1,1,13,1
0,35,0,4,0,0,0,0,62,1
0,16,0,0,0,0,0,1,8,0
0,49,0,1,0,0,0,1,6,0
0,48,0,0,0,0,0,1,21,0
1,6,718,0,1,0,0,1,21,0
1,31,16,4,0,0,0,0,148,1
1,14,336,1,9,0,0,1,5,0
0,11,0,1,0,0,0,1,17,0
0,7,0,2,0,0,0,1,3,0
0,38,0,0,0,0,0,1,25,0
1,42,407,13,17,1,0,0,33,1
1,20,398,1,4,0,0,1,2,0
1,39,739,0,7,0,0,1,8,0
0,16,0,2,0,0,0,1,1,0
0,117,0,11,0,0,1,0,22,1
0,43,0,0,0,0,0,1,2,0
0,23,0,2,0,0,0,1,10,0
0,21,0,0,0,0,0,1,3,0
1,19,375,1,10,0,0,1,6,0
1,24,16,0,7,0,0,0,10,0
0,36,0,3,0,0,0,0,66,1
1,19,286,2,5,0,0,1,4,0
1,2,898,2,4,0,0,1,5,0
0,45,0,3,0,0,0,0,129,1
1,20,285,1,0,0,0,1,12,0
0,22,0,1,0,0,0,1,17,0
0,16,0,0,0,0,0,0,314,1
0,22,0,2,0,0,0,0,133,1
0,105,0,9,0,1,0,1,29,1
1,8,0,1,0,0,0,0,632,1
0,37,0,3,0,0,0,0,87,1
0,17,0,0,0,0,0,1,13,0
1,41,800,1,6,0,0,1,12,0
0,78,0,19,0,0,1,0,30,1
0,18,0,0,0,0,0,1,24,0
0,143,0,12,0,1,0,0,31,1
1,199,109,18,12,0,1,0,38,1
0,67,0,24,0,0,1,1,14,1
0,46,0,1,0,0,0,0,15,0
0,0,0,2,0,0,0,1,6,0
1,16,877,2,5,0,0,1,21,0
1,144,266,8,7,1,0,0,38,1
0,24,0,1,0,0,0,1,14,0
0,1,0,0,0,0,0,1,21,0
0,42,0,0,0,0,0,1,22,0
0,19,0,0,0,0,0,1,9,0
1,48,119,1,10,0,0,0,86,1
0,2,0,2,0,0,0,1,7,0
1,12,20,5,0,0,0,0,98,1
0,27,0,0,0,0,0,1,20,0
1,20,0,0,0,0,0,1,203,1
1,40,187,5,20,1,0,1,9,1
1,35,938,0,2,0,0,1,7,0
1,179,612,24,38,0,1,1,40,1
0,1,0,2,0,0,0,1,11,0
0,2,0,2,0,0,0,1,10,0
0,10,0,1,0,0,0,0,115,1
0,16,0,0,0,0,0,1,7,0
0,21,0,3,0,0,0,0,111,1
0,46,0,2,0,0,0,1,16,0
0,25,0,2,0,0,0,1,20,0
1,9,548,0,9,0,0,1,2,0
0,8,0,1,0,0,0,1,3,0
1,0,844,0,9,0,0,1,12,0
0,44,0,1,0,0,0,1,21,0
1,104,698,15,20,0,1,0,27,1
0,1,0,2,0,0,0,1,14,0
0,32,0,0,0,0,0,1,14,0
1,26,735,2,4,0,0,1,2,0
1,26,693,1,10,0,0,1,15,0
0,0,0,2,0,0,0,1,3,0
1,6,424,1,1,0,0,1,23,0
0,31,0,2,0,0,0,1,6,0
0,29,0,4,0,0,0,0,78,1
1,91,75,14,14,1,0,0,29,1
0,45,0,1,0,0,0,1,3,0
1,38,481,22,32,0,1,0,37,1
1,5,801,0,1,0,0,1,3,0
0,50,0,0,0,0,0,1,12,0
1,18,209,1,1,0,0,1,23,0
1,3,44,4,8,0,0,0,88,1
1,49,771,2,4,0,0,1,1,0
1,21,303,2,5,0,0,1,10,0
1,23,222,1,7,0,0,1,14,0
1,0,647,1,0,0,0,1,22,0
0,37,0,2,0,0,0,1,13,0
1,13,422,0,5,0,0,1,13,0
0,27,0,0,0,0,0,1,15,0
0,9,0,2,0,0,0,1,14,0
0,21,0,1,0,0,0,1,10,0
1,33,59,11,19,0,1,0,27,1
0,45,0,0,0,0,0,1,19,0
1,35,459,2,2,0,0,1,13,0
0,48,0,0,0,0,0,1,5,0
0,9,0,0,0,0,0,1,1,0
0,49,0,2,0,0,0,1,6,0
0,21,0,2,0,0,0,1,20,0
0,0,0,0,0,0,0,0,59,1
1,32,339,0,1,0,0,1,23,0
1,45,339,1,2,0,0,1,4,0
1,17,321,2,6,0,0,1,23,0
0,31,0,2,0,0,0,1,7,0
1,37,329,1,2,0,0,1,11,0
1,49,979,0,10,0,0,1,23,0
0,44,0,1,0,0,0,0,17,0
0,136,0,11,0,1,0,0,18,1
0,23,0,1,0,0,0,1,9,0
1,11,0,0,0,0,0,1,726,1
1,9,274,1,0,0,0,1,17,0
0,31,0,0,0,0,0,1,5,0
1,49,444,1,1,0,0,1,12,0
1,176,56,21,15,0,1,1,35,1
1,49,788,0,0,0,0,1,22,0
0,78,0,10,0,0,1,1,19,1
0,30,0,1,0,0,0,1,1,0
1,36,493,0,6,0,0,1,15,0
0,18,0,2,0,0,0,1,17,0
0,47,0,0,0,0,0,1,23,0
1,1,427,0,2,0,0,1,19,0
0,49,0,0,0,0,0,1,11,0
1,24,675,2,0,0,0,1,6,0
1,13,269,1,0,0,0,1,17,0
1,28,248,0,7,0,0,1,23,0
1,44,452,1,9,0,0,1,8,0
0,4,0,0,0,0,0,1,9,0
0,148,0,9,0,0,1,0,38,1
1,18,0,0,0,0,0,1,172,1
1,28,587,2,8,0,0,1,17,0
0,43,0,2,0,0,0,1,3,0
1,1,518,2,4,0,0,1,9,0
0,195,0,16,0,0,1,0,14,1
1,15,405,2,9,0,0,1,22,0
1,121,389,7,16,1,0,0,30,1
1,5,0,1,0,0,0,1,742,1
1,12,0,2,0,0,0,1,300,1
0,3,0,2,0,0,0,1,218,1
0,20,0,2,0,0,0,1,4,0
1,33,822,0,6,0,0,1,8,0
1,30,108,0,1,0,0,0,116,1
1,40,165,1,2,0,0,0,103,1
1,13,856,0,7,0,0,1,22,0
0,29,0,1,0,0,0,1,14,0
1,33,108,0,2,0,0,1,1,0
0,48,0,4,0,0,0,0,85,1
1,116,200,15,16,1,0,0,5,1
1,22,25,0,5,0,0,1,5,0
0,2,0,0,0,0,0,1,16,0
0,20,0,0,0,0,0,1,6,0
1,41,361,2,10,0,0,1,21,0
1,78,307,6,17,1,0,1,10,1
0,4,0,1,0,0,0,1,24,0
1,21,152,2,4,0,0,1,5,0
1,192,231,14,30,0,1,1,16,1
1,45,985,0,8,0,0,1,17,0
0,21,0,1,0,0,0,1,21,0
0,13,0,1,0,0,0,1,13,0
1,39,120,0,0,0,0,1,6,0
0,7,0,2,0,0,0,1,3,0
0,120,0,10,0,1,0,0,24,1
0,10,0,2,0,0,0,1,19,0
1,32,369,2,6,0,0,1,18,0
0,16,0,2,0,0,0,0,267,1
0,73,0,13,0,1,0,1,38,1
1,36,754,0,6,0,0,1,16,0
0,41,0,9,0,0,1,0,19,1
0,36,0,0,0,0,0,1,6,0
0,13,0,1,0,0,0,1,22,0
0,45,0,2,0,0,0,1,18,0
1,40,106,1,9,0,0,1,1,0
0,2,0,0,0,0,0,1,744,1
1,16,911,0,5,0,0,1,4,0
1,85,76,11,22,0,1,1,25,1
0,15,0,1,0,0,0,1,3,0
0,8,0,0,0,0,0,0,583,1
1,27,963,0,5,0,0,1,17,0
0,36,0,2,0,0,0,0,15,0
0,44,0,1,0,0,0,1,12,0
0,4,0,2,0,0,0,1,22,0
1,82,412,15,9,1,0,1,6,1
0,40,0,6,0,1,0,0,17,1
1,43,560,2,7,0,0,1,8,0
1,11,948,1,10,0,0,1,8,0
0,1,0,0,0,0,0,1,19,0
1,44,267,1,9,0,0,1,3,0
0,1,0,0,0,0,0,1,705,1
1,23,112,3,9,0,0,0,75,1
1,21,695,0,6,0,0,1,10,0
0,21,0,1,0,0,0,1,9,0
0,29,0,2,0,0,0,1,21,0
0,37,0,0,0,0,0,1,9,0
0,21,0,11,0,1,0,0,23,1
0,74,0,15,0,1,0,0,28,1
1,26,39,2,5,0,0,0,52,1
1,18,894,1,1,0,0,1,9,0
0,109,0,19,0,0,1,1,12,1
1,9,365,2,6,0,0,1,22,0
0,35,0,2,0,0,0,1,23,0
0,27,0,2,0,0,0,1,3,0
0,9,0,0,0,0,0,1,15,0
0,27,0,2,0,0,0,0,108,1
0,41,0,0,0,0,0,1,20,0
0,8,0,2,0,0,0,1,9,0
0,70,0,6,0,1,0,1,29,1
0,126,0,7,0,1,0,0,11,1
0,50,0,2,0,0,0,1,2,0
1,33,498,2,5,0,0,1,6,0
0,17,0,2,0,0,0,1,1,0
1,77,143,12,12,1,0,1,17,1
1,25,152,0,5,0,0,1,3,0
1,15,0,2,0,0,0,0,607,1
1,21,325,0,6,0,0,1,12,0
0,26,0,0,0,0,0,1,20,0
0,0,0,2,0,0,0,0,88,1
0,118,0,9,0,1,0,1,17,1
0,25,0,0,0,0,0,1,4,0
1,176,107,17,14,0,1,1,30,1
0,48,0,0,0,0,0,1,24,0
1,0,763,1,0,0,0,1,15,0
0,30,0,5,0,0,0,0,113,1
1,27,22,2,0,0,0,1,4,0
1,17,99,4,9,0,0,0,67,1
1,24,305,0,0,0,0,1,9,0
0,25,0,2,0,0,0,1,24,0
0,38,0,0,0,0,0,1,22,0
0,44,0,1,0,0,0,1,20,0
0,27,0,1,0,0,0,1,18,0
1,138,265,16,11,0,1,0,22,1
0,24,0,2,0,0,0,1,12,0
0,48,0,1,0,0,0,1,14,0
0,4,0,1,0,0,0,1,7,0
0,17,0,2,0,0,0,1,18,0
1,38,56,2,7,0,0,1,24,0
0,40,0,2,0,0,0,1,2,0
0,43,0,2,0,0,0,1,10,0
1,49,947,2,10,0,0,0,1,0
0,9,0,0,0,0,0,1,16,0
0,108,0,6,0,1,0,1,8,1
1,50,647,2,5,0,0,1,23,0
0,25,0,2,0,0,0,1,8,0
1,13,0,2,0,0,0,0,426,1
1,41,450,0,6,0,0,1,5,0
1,8,215,0,2,0,0,1,17,0
0,17,0,4,0,0,0,0,139,1
0,12,0,1,0,0,0,1,194,1
0,13,0,0,0,0,0,1,2,0
1,6,242,2,7,0,0,1,11,0
0,13,0,2,0,0,0,1,12,0
0,50,0,1,0,0,0,0,10,0
0,26,0,2,0,0,0,1,24,0
0,38,0,0,0,0,0,1,16,0
0,6,0,0,0,0,0,1,9,0
0,179,0,21,0,0,1,0,19,1
0,17,0,1,0,0,0,0,347,1
0,16,0,0,0,0,0,1,16,0
0,24,0,0,0,0,0,1,9,0
1,120,235,11,15,1,0,1,29,1
1,39,922,1,4,0,0,1,1,0
1,10,544,0,8,0,0,1,17,0
0,192,0,12,0,0,1,0,20,1
1,18,744,2,2,0,0,1,12,0
1,90,448,6,15,1,0,0,37,1
1,6,203,2,7,0,0,1,21,0
1,19,0,2,0,0,0,1,690,1
0,38,0,2,0,0,0,1,8,0
1,25,823,1,5,0,0,1,15,0
1,17,0,1,0,0,0,0,216,1
0,36,0,0,0,0,0,1,3,0
0,6,0,2,0,0,0,1,1,0
0,29,0,1,0,0,0,0,20,0
0,2,0,2,0,0,0,1,24,0
1,125,268,14,18,1,0,0,24,1
0,7,0,2,0,0,0,1,14,0
1,42,510,2,4,0,0,1,11,0
1,17,496,0,2,0,0,1,8,0
1,34,915,1,0,0,0,1,12,0
1,175,75,11,21,0,1,1,26,1
0,33,0,1,0,0,0,1,11,0
0,33,0,12,0,1,0,1,33,1
0,2,0,1,0,0,0,1,24,0
1,40,257,2,7,0,0,1,16,0
1,39,2,1,9,0,0,1,23,0
0,26,0,0,0,0,0,1,3,0
1,1,5,2,3,0,0,1,9,0
1,11,604,0,2,0,0,1,3,0
0,40,0,1,0,0,0,1,10,0
1,47,435,2,5,0,0,1,17,0
0,195,0,11,0,0,1,1,27,1
0,27,0,2,0,0,0,1,15,0
0,130,0,8,0,0,1,0,16,1
0,4,0,0,0,0,0,1,24,0
0,17,0,2,0,0,0,1,22,0
0,2,0,2,0,0,0,1,376,1
1,119,582,22,28,0,1,0,30,1
0,118,0,7,0,1,0,0,40,1
1,28,167,1,2,0,0,1,10,0
0,24,0,7,0,1,0,1,38,1
0,36,0,2,0,0,0,1,10,0
0,1,0,0,0,0,0,1,5,0
0,25,0,2,0,0,0,1,16,0
0,16,0,0,0,0,0,0,117,1
0,33,0,1,0,0,0,1,14,0
1,44,214,1,1,0,0,1,21,0
0,59,0,18,0,0,1,1,39,1
1,130,291,11,10,1,0,1,40,1
0,26,0,1,0,0,0,1,16,0
0,30,0,7,0,1,0,0,37,1
1,35,448,0,7,0,0,1,11,0
0,9,0,1,0,0,0,1,17,0
0,44,0,0,0,0,0,1,5,0
1,1,0,1,0,0,0,0,169,1
1,1,0,1,0,0,0,0,216,1
0,199,0,9,0,0,1,0,9,1
1,33,280,14,26,0,1,0,15,1
0,0,0,0,0,0,0,1,1,0
1,167,518,21,32,0,1,1,22,1
1,38,836,1,5,0,0,1,14,0
0,11,0,0,0,0,0,1,15,0
1,42,423,2,7,0,0,1,2,0
1,37,179,2,1,0,0,1,24,0
0,14,0,2,0,0,0,1,6,0
1,22,32,1,4,0,0,1,7,0
1,13,293,1,3,0,0,1,1,0
0,6,0,1,0,0,0,1,530,1
0,15,0,1,0,0,0,1,368,1
1,16,878,0,2,0,0,1,10,0
0,36,0,1,0,0,0,0,18,0
0,31,0,2,0,0,0,0,15,0
1,6,0,0,0,0,0,1,190,1
0,46,0,1,0,0,0,1,17,0
1,30,459,2,7,0,0,1,12,0
1,20,129,0,2,0,0,1,23,0
0,38,0,1,0,0,0,1,13,0
0,16,0,1,0,0,0,1,491,1
0,46,0,0,0,0,0,1,23,0
0,197,0,15,0,0,1,0,36,1
0,5,0,2,0,0,0,1,9,0
1,27,726,1,3,0,0,1,21,0
0,33,0,0,0,0,0,1,6,0
0,50,0,1,0,0,0,1,11,0
0,43,0,2,0,0,0,1,10,0
0,1,0,2,0,0,0,0,4,0
0,132,0,11,0,0,1,1,20,1
0,140,0,20,0,0,1,1,20,1
1,73,137,8,13,1,0,1,13,1
1,49,372,0,6,0,0,1,7,0
1,22,691,1,3,0,0,1,7,0
1,21,146,0,9,0,0,1,10,0
1,31,607,1,2,0,0,1,24,0
0,9,0,1,0,0,0,1,11,0
1,0,655,0,2,0,0,1,1,0
0,2,0,0,0,0,0,1,6,0
0,12,0,2,0,0,0,1,9,0
0,32,0,1,0,0,0,1,25,0
1,17,0,0,0,0,0,1,636,1
0,0,0,0,0,0,0,1,25,0
0,86,0,20,0,0,1,0,12,1
0,1,0,0,0,0,0,1,19,0
0,6,0,2,0,0,0,1,24,0
0,81,0,13,0,1,0,1,10,1
1,31,468,1,8,0,0,1,14,0
0,49,0,1,0,0,0,1,16,0
1,9,0,1,0,0,0,0,173,1
1,93,322,10,6,1,0,0,24,1
0,10,0,0,0,0,0,1,11,0
0,17,0,2,0,0,0,1,19,0
0,15,0,2,0,0,0,1,4,0
0,103,0,12,0,0,1,1,7,1
0,16,0,2,0,0,0,1,22,0
1,45,372,1,6,0,0,1,16,0
0,33,0,0,0,0,0,1,14,0
0,44,0,2,0,0,0,1,25,0
0,10,0,0,0,0,0,1,350,1
1,28,836,0,3,0,0,1,14,0
1,9,0,1,0,0,0,1,192,1
1,30,822,2,5,0,0,1,22,0
1,152,445,11,34,0,1,1,9,1
1,20,83,3,3,0,0,0,76,1
0,39,0,2,0,0,0,1,8,0
0,38,0,0,0,0,0,1,7,0
1,20,423,0,2,0,0,1,5,0
1,34,864,0,3,0,0,1,24,0
0,101,0,22,0,0,1,1,16,1
0,31,0,1,0,0,0,1,5,0
0,7,0,0,0,0,0,1,8,0
0,15,0,1,0,0,0,1,9,0
1,40,74,2,8,0,0,1,18,0
0,68,0,23,0,0,1,0,11,1
0,20,0,9,0,1,0,0,28,1
0,65,0,8,0,1,0,0,21,1
1,0,844,0,5,0,0,1,1,0
1,19,637,1,7,0,0,0,3,0
1,46,796,0,1,0,0,1,24,0
0,44,0,1,0,0,0,1,12,0
1,135,193,6,14,1,0,1,17,1
0,1,0,2,0,0,0,0,115,1
0,21,0,5,0,0,0,0,52,1
1,7,279,1,3,0,0,1,13,0
1,26,13,2,5,0,0,1,9,0
0,19,0,2,0,0,0,1,2,0
0,11,0,0,0,0,0,1,21,0
0,44,0,0,0,0,0,1,14,0
0,22,0,2,0,0,0,1,8,0
1,161,696,14,25,0,1,1,23,1
1,18,80,4,1,0,0,0,126,1
1,31,580,2,8,0,0,1,12,0
0,52,0,10,0,1,0,0,11,1
1,11,0,1,0,0,0,1,689,1
0,13,0,0,0,0,0,0,639,1
0,59,0,13,0,1,0,0,29,1
1,45,978,1,2,0,0,1,13,0
0,17,0,2,0,0,0,1,5,0
1,30,272,2,2,0,0,1,22,0
1,49,242,8,11,1,0,1,19,1
0,20,0,1,0,0,0,0,114,1
1,7,0,0,0,0,0,0,667,1
0,3,0,1,0,0,0,1,1,0
1,109,272,15,34,0,1,0,14,1
1,32,86,2,9,0,0,0,123,1
1,18,181,3,0,0,0,0,51,1
1,47,546,0,3,0,0,1,20,0
1,14,335,1,6,0,0,1,9,0
0,137,0,12,0,1,0,0,18,1
1,19,574,2,0,0,0,0,17,0
1,15,635,2,6,0,0,1,12,0
1,12,782,1,7,0,0,1,9,0
0,85,0,6,0,1,0,1,23,1
1,31,607,0,6,0,0,1,14,0
1,25,341,0,6,0,0,1,25,0
1,19,9,2,9,0,0,1,6,0
0,3,0,0,0,0,0,1,1,0
1,43,373,0,10,0,0,1,13,0
0,11,0,0,0,0,0,1,25,0
0,43,0,0,0,0,0,1,6,0
1,117,507,18,33,0,1,0,15,1
0,56,0,12,0,0,1,1,16,1
0,143,0,6,0,1,0,0,20,1
0,27,0,0,0,0,0,1,8,0
0,43,0,0,0,0,0,1,6,0
1,20,624,2,1,0,0,1,14,0
0,7,0,2,0,0,0,0,208,1
0,44,0,2,0,0,0,1,23,0
0,21,0,0,0,0,0,1,19,0
0,12,0,1,0,0,0,1,3,0
0,37,0,1,0,0,0,1,22,0
1,15,575,0,8,0,0,1,7,0
1,6,588,2,1,0,0,1,8,0
1,18,0,1,0,0,0,1,643,1
0,16,0,4,0,0,0,0,61,1
0,45,0,2,0,0,0,1,15,0
0,39,0,2,0,0,0,1,9,0
0,8,0,0,0,0,0,0,7,0
1,41,609,2,3,0,0,1,19,0
1,7,324,2,8,0,0,1,10,0
0,48,0,1,0,0,0,1,9,0
1,5,190,0,6,0,0,1,14,0
0,1,0,1,0,0,0,1,556,1
1,7,0,0,0,0,0,1,582,1
1,0,70,2,3,0,0,1,11,0
1,20,839,2,5,0,0,1,2,0
0,1,0,2,0,0,0,1,2,0
0,4,0,1,0,0,0,1,5,0
0,24,0,0,0,0,0,1,4,0
1,33,19,0,9,0,0,1,16,0
1,6,0,0,0,0,0,1,608,1
0,28,0,0,0,0,0,1,17,0
1,40,109,2,7,0,0,1,3,0
1,36,501,1,5,0,0,1,8,0
1,22,806,2,1,0,0,1,14,0
1,44,321,1,4,0,0,1,22,0
1,4,454,0,3,0,0,1,5,0
0,8,0,0,0,0,0,1,20,0
0,23,0,6,0,1,0,0,23,1
0,23,0,1,0,0,0,1,20,0
1,46,843,0,2,0,0,1,23,0
0,8,0,2,0,0,0,1,17,0
1,121,513,21,38,0,1,0,39,1
1,31,398,8,18,1,0,0,24,1
1,3,344,0,3,0,0,1,24,0
0,2,0,2,0,0,0,1,4,0
0,45,0,1,0,0,0,1,17,0
0,36,0,2,0,0,0,0,118,1
0,44,0,1,0,0,0,1,21,0
0,46,0,16,0,0,1,1,35,1
0,9,0,0,0,0,0,1,16,0
1,4,15,2,8,0,0,1,12,0
1,50,149,0,2,0,0,1,16,0
1,11,577,1,1,0,0,1,2,0
0,10,0,2,0,0,0,1,8,0
1,122,226,8,13,1,0,1,8,1
1,34,789,2,9,0,0,1,21,0
1,35,191,2,6,0,0,0,120,1
0,26,0,1,0,0,0,1,3,0
1,19,247,0,2,0,0,1,10,0
1,30,649,0,3,0,0,1,24,0
1,185,664,23,34,0,1,1,20,1
1,31,736,1,7,0,0,1,15,0
1,22,158,2,9,0,0,1,11,0
0,46,0,0,0,0,0,1,3,0
0,2,0,0,0,0,0,1,9,0
0,19,0,2,0,0,0,1,9,0
1,96,440,12,8,1,0,1,34,1
1,16,0,2,0,0,0,0,415,1
1,31,255,1,7,0,0,1,13,0
1,50,645,1,1,0,0,1,2,0
1,61,104,15,5,1,0,0,28,1
1,37,802,0,10,0,0,0,22,0
1,16,66,0,3,0,0,1,20,0
0,38,0,2,0,0,0,1,15,0
1,44,97,4,6,0,0,0,98,1
0,8,0,1,0,0,0,1,23,0
0,13,0,2,0,0,0,1,12,0
0,1,0,2,0,0,0,1,5,0
0,10,0,2,0,0,0,1,5,0
0,20,0,1,0,0,0,1,236,1
1,87,457,10,15,1,0,1,31,1
1,31,499,13,15,1,0,0,29,1
1,20,812,1,1,0,0,0,15,0
0,17,0,1,0,0,0,1,22,0
0,27,0,0,0,0,0,1,4,0
0,24,0,0,0,0,0,1,11,0
0,24,0,0,0,0,0,1,10,0
1,27,608,1,7,0,0,1,22,0
0,6,0,1,0,0,0,1,22,0
0,43,0,1,0,0,0,0,4,0
1,25,517,1,10,0,0,1,2,0
0,46,0,1,0,0,0,1,16,0
1,50,444,2,0,0,0,1,24,0
0,36,0,6,0,1,0,0,7,1
1,102,421,8,18,1,0,1,38,1
0,16,0,1,0,0,0,1,1,0
0,113,0,23,0,0,1,0,33,1
1,1,721,0,5,0,0,1,5,0
1,1,611,0,10,0,0,1,21,0
1,33,161,1,4,0,0,1,1,0
0,47,0,1,0,0,0,0,74,1
1,29,308,9,6,1,0,1,11,1
0,47,0,0,0,0,0,1,9,0
1,1,795,0,2,0,0,1,12,0
1,1,109,3,2,0,0,0,126,1
0,20,0,0,0,0,0,1,17,0
0,36,0,1,0,0,0,1,9,0
0,49,0,0,0,0,0,1,4,0
0,34,0,2,0,0,0,1,19,0
1,5,28,5,5,0,0,0,144,1
0,123,0,5,0,1,0,0,5,1
0,9,0,2,0,0,0,0,731,1
1,31,121,23,19,0,1,1,21,1
1,62,204,8,28,0,1,0,32,1
0,47,0,0,0,0,0,1,17,0
1,10,362,0,0,0,0,1,21,0
1,33,44,0,8,0,0,1,20,0
0,18,0,0,0,0,0,1,3,0
0,32,0,1,0,0,0,1,19,0
0,20,0,0,0,0,0,1,7,0
0,19,0,0,0,0,0,1,23,0
0,8,0,1,0,0,0,1,22,0
1,6,486,0,9,0,0,1,23,0
1,11,127,2,5,0,0,1,6,0
0,10,0,2,0,0,0,1,11,0
1,1,551,2,6,0,0,1,15,0
0,32,0,1,0,0,0,1,3,0
0,29,0,5,0,0,0,0,83,1
0,3,0,1,0,0,0,1,674,1
1,36,361,0,8,0,0,1,21,0
0,47,0,1,0,0,0,0,15,0
1,48,97,2,9,0,0,1,10,0
0,5,0,2,0,0,0,1,10,0
1,8,439,2,10,0,0,1,5,0
0,39,0,2,0,0,0,1,16,0
0,6,0,0,0,0,0,1,7,0
1,190,380,16,35,0,1,0,18,1
1,37,560,0,8,0,0,1,7,0
1,4,132,2,8,0,0,1,20,0
0,89,0,13,0,0,1,1,24,1
1,24,737,2,0,0,0,1,7,0
1,17,912,0,6,0,0,1,14,0
0,147,0,12,0,0,1,0,20,1
0,163,0,24,0,0,1,0,9,1
1,31,855,1,3,0,0,1,2,0
0,47,0,2,0,0,0,1,15,0
0,67,0,8,0,1,0,1,20,1
1,131,494,15,20,1,0,0,30,1
1,34,42,2,0,0,0,1,5,0
0,73,0,12,0,1,0,1,15,1
1,50,833,2,8,0,0,0,12,0
1,2,242,2,7,0,0,0,11,0
1,13,434,0,1,0,0,1,21,0
0,160,0,15,0,0,1,0,30,1
1,47,45,0,3,0,0,0,5,0
0,25,0,1,0,0,0,1,4,0
1,21,748,2,10,0,0,1,13,0
0,24,0,1,0,0,0,1,15,0
1,13,629,2,4,0,0,0,2,0
1,41,290,2,6,0,0,1,20,0
1,47,297,1,6,0,0,1,13,0
1,40,966,2,2,0,0,1,5,0
1,13,0,0,0,0,0,1,598,1
0,49,0,0,0,0,0,1,24,0
1,10,0,0,0,0,0,1,322,1
1,9,803,2,2,0,0,1,23,0
1,24,966,2,1,0,0,1,4,0
1,0,546,0,2,0,0,0,15,0
1,5,262,0,4,0,0,1,11,0
1,20,495,0,8,0,0,1,5,0
0,11,0,0,0,0,0,1,23,0
1,23,897,0,4,0,0,1,3,0
1,75,374,13,19,1,0,1,35,1
0,7,0,2,0,0,0,1,13,0
1,31,384,2,0,0,0,1,8,0
0,43,0,1,0,0,0,1,2,0
1,44,177,2,9,0,0,1,18,0
1,98,496,23,13,0,1,1,33,1
0,37,0,3,0,0,0,0,84,1
1,3,711,2,7,0,0,1,10,0
0,13,0,0,0,0,0,1,9,0
0,6,0,0,0,0,0,1,15,0
0,37,0,1,0,0,0,1,1,0
0,14,0,5,0,0,0,0,89,1
0,5,0,1,0,0,0,1,8,0
1,17,670,1,10,0,0,1,13,0
1,24,780,0,10,0,0,1,15,0
0,18,0,2,0,0,0,1,19,0
1,101,353,19,25,0,1,0,15,1
1,54,88,11,8,1,0,0,8,1
0,49,0,2,0,0,0,1,3,0
0,25,0,2,0,0,0,1,3,0
0,142,0,12,0,1,0,0,24,1
0,2,0,0,0,0,0,1,10,0
1,31,382,2,8,0,0,1,15,0
0,49,0,2,0,0,0,1,23,0
1,80,219,10,19,1,0,1,38,1
0,132,0,7,0,1,0,0,28,1
1,16,957,1,5,0,0,1,5,0
1,31,401,0,4,0,0,1,21,0
1,125,176,5,19,1,0,0,7,1
0,9,0,1,0,0,0,1,3,0
1,45,307,1,9,0,0,1,14,0
0,30,0,0,0,0,0,0,94,1
1,9,42,2,4,0,0,1,13,0
0,2,0,2,0,0,0,1,15,0
1,4,303,2,4,0,0,1,18,0
1,42,33,1,1,0,0,0,68,1
1,38,106,0,5,0,0,0,117,1
1,38,215,2,5,0,0,1,14,0
0,43,0,4,0,0,0,0,106,1
1,14,806,0,1,0,0,1,18,0
0,6,0,0,0,0,0,0,130,1
1,20,0,0,0,0,0,1,670,1
1,45,609,2,3,0,0,1,22,0
0,144,0,12,0,1,0,1,17,1
0,86,0,10,0,0,1,0,33,1
0,21,0,0,0,0,0,1,7,0
1,7,964,0,2,0,0,1,6,0
0,26,0,0,0,0,0,1,23,0
0,31,0,0,0,0,0,1,24,0
1,35,231,14,14,1,0,0,22,1
0,10,0,1,0,0,0,1,20,0
0,2,0,2,0,0,0,1,20,0
0,39,0,0,0,0,0,1,12,0
1,21,29,2,8,0,0,1,22,0
0,32,0,2,0,0,0,1,25,0
0,6,0,0,0,0,0,1,21,0
1,7,0,0,0,0,0,0,450,1
0,12,0,0,0,0,0,1,4,0
0,153,0,12,0,0,1,1,31,1
1,15,563,1,8,0,0,1,22,0
1,44,266,0,1,0,0,1,18,0
1,7,529,1,2,0,0,1,24,0
0,43,0,2,0,0,0,1,16,0
1,31,42,0,3,0,0,0,75,1
0,12,0,0,0,0,0,0,663,1
1,39,250,0,1,0,0,1,13,0
0,4,0,1,0,0,0,1,22,0
1,6,7,1,5,0,0,1,1,0
1,27,161,4,5,0,0,0,99,1
0,101,0,8,0,1,0,1,40,1
0,193,0,11,0,0,1,1,8,1
1,12,808,0,2,0,0,1,22,0
0,39,0,1,0,0,0,1,9,0
1,18,0,0,0,0,0,1,797,1
0,17,0,1,0,0,0,1,7,0
0,48,0,3,0,0,0,0,139,1
0,5,0,0,0,0,0,1,5,0
0,3,0,0,0,0,0,1,5,0
1,3,684,2,0,0,0,1,2,0
0,13,0,1,0,0,0,1,265,1
0,10,0,1,0,0,0,1,3,0
1,40,829,1,8,0,0,1,12,0
1,149,185,7,15,1,0,1,20,1
1,50,82,4,8,0,0,0,144,1
1,44,399,12,5,1,0,0,33,1
0,24,0,1,0,0,0,0,3,0
0,168,0,23,0,0,1,0,9,1
0,20,0,2,0,0,0,1,286,1
0,147,0,15,0,0,1,1,7,1
1,43,175,1,0,0,0,1,2,0
1,43,497,1,7,0,0,1,6,0
1,48,328,1,5,0,0,1,25,0
0,73,0,13,0,1,0,0,22,1
0,39,0,2,0,0,0,1,18,0
0,42,0,1,0,0,0,1,8,0
1,12,404,2,10,0,0,1,11,0
0,29,0,2,0,0,0,1,13,0
0,36,0,2,0,0,0,1,10,0
0,1,0,0,0,0,0,1,10,0
1,38,136,0,9,0,0,1,16,0
0,26,0,1,0,0,0,1,12,0
0,49,0,0,0,0,0,1,16,0
0,36,0,2,0,0,0,1,2,0
1,34,328,17,12,0,1,0,24,1
1,16,365,0,9,0,0,1,9,0
0,36,0,3,0,0,0,0,130,1
1,14,132,3,8,0,0,0,124,1
1,48,729,0,2,0,0,1,11,0
1,44,155,0,2,0,0,1,15,0
1,23,162,8,18,1,0,0,35,1
0,101,0,18,0,0,1,0,8,1
1,19,546,1,8,0,0,1,6,0
0,74,0,15,0,0,1,0,25,1
1,15,47,2,5,0,0,0,72,1
1,6,43,5,9,0,0,0,136,1
0,20,0,2,0,0,0,1,6,0
1,8,0,1,0,0,0,0,447,1
0,7,0,1,0,0,0,1,23,0
0,11,0,0,0,0,0,1,1,0
0,16,0,2,0,0,0,0,378,1
1,29,455,2,4,0,0,1,11,0
1,0,0,0,0,0,0,1,737,1
1,15,73,2,0,0,0,0,99,1
0,49,0,0,0,0,0,1,19,0
1,37,269,2,10,0,0,1,21,0
0,142,0,10,0,1,0,0,19,1
1,40,747,2,3,0,0,1,10,0
0,1,0,2,0,0,0,0,4,0
1,41,37,3,7,0,0,0,124,1
0,43,0,0,0,0,0,0,65,1
1,141,569,22,14,0,1,1,30,1
1,32,463,1,10,0,0,1,21,0
1,10,7,0,6,0,0,0,71,1
1,14,29,1,2,0,0,1,17,0
0,40,0,2,0,0,0,1,5,0
0,15,0,0,0,0,0,1,17,0
0,11,0,2,0,0,0,1,8,0
0,19,0,1,0,0,0,1,10,0
1,18,662,0,2,0,0,1,5,0
0,23,0,1,0,0,0,1,6,0
0,49,0,2,0,0,0,1,12,0
0,36,0,5,0,0,0,0,103,1
1,45,689,1,3,0,0,1,7,0
0,32,0,0,0,0,0,1,13,0
1,31,841,2,1,0,0,1,10,0
1,182,381,11,17,0,1,0,15,1
1,1,307,0,0,0,0,1,21,0
0,38,0,3,0,0,0,0,62,1
1,33,280,0,7,0,0,0,18,0
1,153,609,10,22,0,1,1,24,1
1,42,287,0,10,0,0,1,22,0
1,64,196,9,10,1,0,0,22,1
0,35,0,0,0,0,0,0,106,1
0,19,0,1,0,0,0,1,17,0
0,53,0,18,0,0,1,0,19,1
0,20,0,6,0,1,0,0,12,1
1,33,669,1,0,0,0,0,18,0
1,60,593,23,20,0,1,0,29,1
0,0,0,2,0,0,0,1,8,0
0,27,0,1,0,0,0,0,19,0
0,16,0,3,0,0,0,0,104,1
1,45,716,2,3,0,0,1,11,0
0,28,0,0,0,0,0,1,22,0
0,22,0,1,0,0,0,1,10,0
1,37,635,0,0,0,0,1,19,0
0,24,0,0,0,0,0,1,5,0
1,20,0,0,0,0,0,0,731,1
1,3,0,2,0,0,0,0,275,1
0,0,0,1,0,0,0,1,5,0
1,27,39,2,7,0,0,0,93,1
1,68,653,24,30,0,1,0,31,1
0,154,0,16,0,0,1,0,17,1
1,45,107,0,3,0,0,1,6,0
1,49,89,0,8,0,0,0,76,1
1,5,0,2,0,0,0,1,470,1
1,42,197,1,8,0,0,1,24,0
1,23,150,1,3,0,0,0,62,1
0,36,0,0,0,0,0,1,18,0
0,47,0,0,0,0,0,1,10,0
0,94,0,11,0,0,1,0,36,1
0,23,0,1,0,0,0,1,22,0
1,17,260,2,4,0,0,1,6,0
1,116,236,14,33,0,1,0,15,1
0,13,0,0,0,0,0,1,10,0
1,12,767,1,0,0,0,1,18,0
1,12,94,1,4,0,0,1,25,0
0,7,0,0,0,0,0,1,8,0
1,77,482,6,16,1,0,0,22,1
1,13,923,0,1,0,0,1,4,0
1,31,755,1,5,0,0,1,15,0
1,10,0,2,0,0,0,0,274,1
1,24,315,2,6,0,0,1,25,0
0,46,0,0,0,0,0,0,134,1
0,10,0,2,0,0,0,1,15,0
0,47,0,0,0,0,0,1,15,0
1,8,919,1,0,0,0,1,8,0
1,38,563,0,10,0,0,1,11,0
1,50,743,1,8,0,0,1,15,0
1,41,178,1,7,0,0,1,16,0
1,0,748,0,5,0,0,1,11,0
0,23,0,0,0,0,0,0,11,0
0,12,0,0,0,0,0,1,15,0
1,162,399,24,40,0,1,0,15,1
0,48,0,2,0,0,0,1,2,0
0,31,0,0,0,0,0,1,17,0
1,33,16,1,0,0,0,1,4,0
1,9,117,2,0,0,0,1,6,0
0,10,0,1,0,0,0,1,16,0
1,50,549,2,0,0,0,1,10,0
1,19,655,2,10,0,0,1,7,0
1,28,194,3,6,0,0,0,92,1
0,149,0,15,0,0,1,0,39,1
0,39,0,1,0,0,0,1,12,0
0,51,0,23,0,0,1,1,30,1
1,41,357,0,8,0,0,1,5,0
0,16,0,0,0,0,0,0,522,1
0,17,0,0,0,0,0,1,332,1
0,39,0,15,0,1,0,1,39,1
0,35,0,1,0,0,0,0,92,1
0,36,0,0,0,0,0,1,19,0
1,24,940,0,10,0,0,1,24,0
1,169,430,21,13,0,1,0,32,1
0,14,0,2,0,0,0,1,369,1
0,35,0,2,0,0,0,1,3,0
1,4,531,0,0,0,0,1,17,0
1,30,281,0,8,0,0,1,18,0
1,16,989,2,1,0,0,1,11,0
1,33,943,2,10,0,0,1,5,0
0,60,0,12,0,0,1,0,27,1
0,37,0,2,0,0,0,1,15,0
0,16,0,1,0,0,0,1,602,1
0,40,0,2,0,0,0,1,14,0
0,144,0,12,0,0,1,1,19,1
1,30,138,2,2,0,0,1,5,0
1,77,69,10,6,1,0,1,39,1
1,9,132,0,1,0,0,1,18,0
1,11,0,0,0,0,0,0,346,1
0,23,0,2,0,0,0,1,6,0
1,41,964,2,9,0,0,1,7,0
0,28,0,6,0,1,0,1,11,1
0,6,0,2,0,0,0,1,23,0
0,79,0,10,0,1,0,0,35,1
1,24,383,0,7,0,0,1,17,0
1,41,867,0,8,0,0,1,20,0
1,16,0,1,0,0,0,1,419,1
1,124,230,5,18,1,0,1,13,1
0,90,0,14,0,0,1,0,37,1
1,129,294,13,6,1,0,1,29,1
0,10,0,0,0,0,0,1,16,0
1,38,352,6,18,1,0,0,13,1
1,43,548,2,2,0,0,1,25,0
0,33,0,2,0,0,0,1,11,0
1,7,0,0,0,0,0,0,339,1
1,120,179,10,15,1,0,1,35,1
0,23,0,2,0,0,0,1,23,0
0,32,0,2,0,0,0,1,17,0
1,37,883,0,9,0,0,1,12,0
0,25,0,0,0,0,0,1,13,0
1,17,544,0,4,0,0,1,18,0
1,162,710,13,38,0,1,1,35,1
0,22,0,1,0,0,0,1,7,0
1,173,214,15,36,0,1,1,31,1
1,35,182,0,5,0,0,1,13,0
1,10,0,2,0,0,0,0,429,1
0,14,0,0,0,0,0,0,391,1
0,2,0,1,0,0,0,0,211,1
0,48,0,0,0,0,0,1,3,0
1,32,123,1,7,0,0,0,59,1
1,27,769,0,7,0,0,1,10,0
0,53,0,19,0,0,1,0,40,1
0,12,0,1,0,0,0,1,18,0
0,3,0,1,0,0,0,1,2,0
0,21,0,2,0,0,0,1,13,0
0,42,0,20,0,0,1,0,8,1
1,26,197,0,4,0,0,0,101,1
0,19,0,2,0,0,0,1,16,0
1,91,85,13,6,1,0,1,21,1
1,61,173,11,9,1,0,0,21,1
1,29,148,5,0,0,0,0,83,1
1,0,377,2,10,0,0,1,22,0
1,1,884,0,10,0,0,1,3,0
0,12,0,2,0,0,0,1,370,1
0,196,0,21,0,0,1,1,24,1
0,89,0,8,0,0,1,0,26,1
1,138,209,12,9,1,0,1,17,1
1,10,884,0,1,0,0,1,22,0
1,39,356,1,2,0,0,1,2,0
0,55,0,12,0,1,0,1,9,1
1,49,707,0,7,0,0,1,2,0
1,102,397,12,7,1,0,0,13,1
1,8,0,0,0,0,0,0,183,1
0,42,0,1,0,0,0,1,5,0
1,14,535,0,2,0,0,1,10,0
0,5,0,2,0,0,0,0,117,1
0,18,0,1,0,0,0,1,13,0
1,27,519,1,1,0,0,1,20,0
1,34,972,0,6,0,0,1,22,0
0,25,0,1,0,0,0,1,18,0
0,15,0,0,0,0,0,1,14,0
0,43,0,5,0,0,0,0,137,1
0,40,0,1,0,0,0,1,4,0
0,43,0,2,0,0,0,1,11,0
0,13,0,2,0,0,0,1,7,0
0,44,0,2,0,0,0,1,7,0
1,107,172,15,37,0,1,1,13,1
1,2,131,2,10,0,0,1,6,0
0,37,0,0,0,0,0,1,17,0
0,48,0,9,0,1,0,0,34,1
0,1,0,2,0,0,0,1,17,0
0,5,0,1,0,0,0,1,3,0
0,22,0,4,0,0,0,0,89,1
1,48,330,1,6,0,0,1,11,0
1,148,215,21,31,0,1,0,22,1
0,44,0,0,0,0,0,1,8,0
0,44,0,0,0,0,0,1,24,0
0,194,0,9,0,0,1,0,16,1
1,30,507,2,9,0,0,1,10,0
0,16,0,2,0,0,0,0,455,1
1,30,879,2,3,0,0,1,6,0
0,19,0,2,0,0,0,0,96,1
0,28,0,4,0,0,0,0,146,1
0,21,0,1,0,0,0,1,21,0
1,19,0,0,0,0,0,1,165,1
0,9,0,1,0,0,0,1,4,0
1,49,703,2,6,0,0,1,13,0
1,24,265,1,5,0,0,1,5,0
0,28,0,1,0,0,0,1,18,0
0,2,0,1,0,0,0,1,20,0
0,15,0,0,0,0,0,0,25,0
0,30,0,2,0,0,0,1,1,0
1,53,644,14,24,0,1,1,37,1
0,23,0,2,0,0,0,1,4,0
1,7,108,0,8,0,0,1,12,0
1,46,939,1,1,0,0,1,4,0
0,10,0,0,0,0,0,1,18,0
0,45,0,1,0,0,0,1,8,0
0,23,0,2,0,0,0,1,16,0
1,129,198,12,14,1,0,0,12,1
0,11,0,1,0,0,0,0,7,0
0,24,0,1,0,0,0,1,24,0
1,20,243,0,9,0,0,1,9,0
1,22,67,11,8,1,0,0,9,1
1,26,34,2,5,0,0,0,95,1
1,44,63,0,1,0,0,1,24,0
1,30,891,1,10,0,0,0,10,0
0,23,0,2,0,0,0,1,12,0
1,13,0,2,0,0,0,0,268,1
0,19,0,2,0,0,0,1,8,0
0,30,0,2,0,0,0,0,25,0
0,81,0,11,0,0,1,1,18,1
1,44,41,2,5,0,0,1,5,0
0,34,0,5,0,0,0,0,116,1
1,45,570,2,6,0,0,1,2,0
1,38,282,2,9,0,0,1,24,0
0,45,0,11,0,1,0,0,20,1
0,30,0,1,0,0,0,1,15,0
1,29,171,0,6,0,0,1,15,0
1,12,0,1,0,0,0,0,207,1
1,4,128,1,3,0,0,0,109,1
1,49,118,2,4,0,0,0,69,1
0,44,0,1,0,0,0,1,14,0
0,39,0,2,0,0,0,1,8,0
0,26,0,0,0,0,0,0,120,1
1,46,149,2,1,0,0,1,14,0
1,13,490,2,1,0,0,1,18,0
0,18,0,0,0,0,0,1,16,0
1,33,782,2,9,0,0,1,7,0
1,19,773,0,2,0,0,1,19,0
0,23,0,0,0,0,0,1,17,0
1,22,925,0,6,0,0,1,25,0
1,49,796,1,10,0,0,1,21,0
1,6,312,1,9,0,0,1,21,0
1,31,19,0,8,0,0,1,20,0
0,141,0,6,0,1,0,1,33,1
0,11,0,0,0,0,0,1,23,0
0,7,0,2,0,0,0,1,14,0
0,43,0,8,0,1,0,1,10,1
1,113,93,10,14,1,0,0,14,1
1,5,82,2,2,0,0,0,78,1
1,17,608,2,0,0,0,1,12,0
1,22,80,2,8,0,0,1,18,0
0,37,0,2,0,0,0,1,11,0
1,16,688,1,3,0,0,1,4,0
1,0,0,0,0,0,0,0,531,1
1,20,0,1,0,0,0,0,694,1
1,79,787,21,27,0,1,1,31,1
0,2,0,2,0,0,0,0,636,1
1,101,564,20,37,0,1,1,15,1
1,117,294,11,19,1,0,0,12,1
1,20,857,1,8,0,0,1,12,0
0,32,0,2,0,0,0,1,1,0
0,3,0,1,0,0,0,0,526,1
0,13,0,1,0,0,0,1,15,0
0,8,0,2,0,0,0,1,6,0
0,35,0,0,0,0,0,1,8,0
1,125,640,17,26,0,1,0,37,1
0,9,0,1,0,0,0,1,25,0
0,19,0,0,0,0,0,0,89,1
1,73,290,11,18,1,0,0,6,1
0,13,0,4,0,0,0,0,64,1
1,4,193,1,6,0,0,0,51,1
0,48,0,0,0,0,0,1,18,0
1,18,666,1,10,0,0,1,22,0
0,158,0,11,0,0,1,0,22,1
1,12,5,0,8,0,0,1,10,0
0,21,0,2,0,0,0,1,15,0
0,34,0,1,0,0,0,1,9,0
1,50,302,8,6,1,0,1,17,1
1,0,429,1,10,0,0,1,11,0
1,30,295,1,8,0,0,1,13,0
0,23,0,2,0,0,0,0,2,0
1,8,376,2,1,0,0,1,2,0
1,48,548,1,10,0,0,1,16,0
1,39,761,2,7,0,0,1,13,0
0,3,0,2,0,0,0,1,627,1
0,36,0,1,0,0,0,1,7,0
0,45,0,2,0,0,0,1,17,0
0,28,0,0,0,0,0,1,20,0
0,8,0,1,0,0,0,0,163,1
0,5,0,0,0,0,0,1,337,1
0,23,0,5,0,0,0,0,93,1
0,29,0,11,0,1,0,0,28,1
0,0,0,0,0,0,0,1,20,0
0,43,0,1,0,0,0,0,129,1
0,8,0,0,0,0,0,0,727,1
0,15,0,0,0,0,0,0,375,1
0,22,0,1,0,0,0,1,5,0
1,15,766,1,7,0,0,1,4,0
1,12,649,2,4,0,0,0,9,0
0,48,0,0,0,0,0,1,20,0
1,114,617,20,15,0,1,0,6,1
1,23,240,2,1,0,0,1,20,0
1,2,343,2,7,0,0,1,17,0
0,45,0,2,0,0,0,1,14,0
1,6,894,0,2,0,0,1,14,0
1,44,244,2,2,0,0,1,2,0
1,39,809,0,1,0,0,1,18,0
0,46,0,1,0,0,0,1,8,0
0,112,0,22,0,0,1,0,28,1
1,40,432,0,7,0,0,1,8,0
0,3,0,2,0,0,0,1,3,0
1,43,444,0,5,0,0,0,1,0
1,23,200,1,5,0,0,1,20,0
1,10,507,0,6,0,0,1,14,0
1,28,565,2,4,0,0,1,6,0
0,37,0,1,0,0,0,1,10,0
1,8,718,2,5,0,0,1,2,0
0,29,0,0,0,0,0,1,12,0
0,21,0,2,0,0,0,0,81,1
1,9,711,0,9,0,0,1,11,0
1,6,923,1,7,0,0,1,20,0
1,34,358,0,9,0,0,1,22,0
1,31,389,1,2,0,0,1,22,0
1,126,455,12,16,1,0,1,17,1
1,167,523,15,25,0,1,0,29,1
1,34,672,0,2,0,0,0,4,0
1,21,666,2,10,0,0,1,17,0
1,38,233,0,8,0,0,1,20,0
1,45,299,0,6,0,0,1,2,0
0,25,0,2,0,0,0,1,23,0
1,39,523,1,10,0,0,1,4,0
1,49,47,3,1,0,0,0,101,1
0,30,0,1,0,0,0,1,21,0
1,21,851,0,10,0,0,1,18,0
1,3,0,0,0,0,0,0,789,1
1,39,147,1,2,0,0,1,3,0
1,197,445,15,19,0,1,0,14,1
0,28,0,0,0,0,0,1,18,0
0,48,0,0,0,0,0,1,3,0
0,11,0,2,0,0,0,1,1,0
0,95,0,23,0,0,1,1,7,1
1,39,248,2,10,0,0,1,8,0
1,11,946,0,3,0,0,1,24,0
0,16,0,0,0,0,0,0,312,1
1,17,480,1,3,0,0,1,21,0
0,4,0,1,0,0,0,1,2,0
0,21,0,0,0,0,0,1,5,0
1,43,72,2,10,0,0,0,145,1
1,27,405,15,7,1,0,0,12,1
1,5,141,3,5,0,0,0,97,1
1,139,127,6,7,1,0,1,23,1
1,49,184,6,5,1,0,1,14,1
1,42,131,5,0,0,0,0,70,1
0,17,0,0,0,0,0,1,16,0
1,14,0,2,0,0,0,1,747,1
0,88,0,8,0,1,0,1,25,1
0,20,0,0,0,0,0,1,20,0
0,23,0,0,0,0,0,1,23,0
1,47,843,0,8,0,0,1,1,0
1,37,720,1,7,0,0,1,4,0
0,40,0,1,0,0,0,1,2,0
0,43,0,1,0,0,0,0,52,1
1,5,0,0,0,0,0,1,453,1
0,26,0,2,0,0,0,1,1,0
0,7,0,1,0,0,0,1,19,0
1,38,707,1,3,0,0,1,7,0
0,26,0,0,0,0,0,1,23,0
1,48,949,0,9,0,0,1,6,0
1,14,890,0,7,0,0,1,23,0
0,187,0,25,0,0,1,0,39,1
0,14,0,0,0,0,0,1,21,0
0,34,0,0,0,0,0,1,22,0
1,46,955,1,3,0,0,1,16,0
1,15,100,1,8,0,0,1,13,0
0,111,0,10,0,0,1,0,16,1
0,38,0,2,0,0,0,1,11,0
0,13,0,1,0,0,0,1,770,1
0,44,0,5,0,1,0,0,14,1
1,16,0,1,0,0,0,1,283,1
0,14,0,2,0,0,0,1,9,0
1,7,832,0,8,0,0,1,10,0
1,96,524,16,10,0,1,0,7,1
0,8,0,0,0,0,0,1,13,0
1,2,965,0,10,0,0,1,22,0
1,19,32,0,8,0,0,0,21,0
1,38,734,0,0,0,0,1,17,0
1,40,109,2,10,0,0,0,110,1
1,42,136,2,1,0,0,0,136,1
0,32,0,0,0,0,0,1,20,0
0,44,0,1,0,0,0,1,10,0
1,12,19,2,2,0,0,0,134,1
1,71,348,17,26,0,1,0,33,1
0,28,0,2,0,0,0,1,11,0
0,87,0,6,0,1,0,1,14,1
0,37,0,0,0,0,0,1,21,0
0,14,0,1,0,0,0,0,99,1
0,8,0,1,0,0,0,0,109,1
1,35,683,1,4,0,0,1,23,0
1,31,56,11,19,0,1,1,16,1
0,22,0,2,0,0,0,1,12,0
0,46,0,1,0,0,0,1,18,0
0,36,0,0,0,0,0,1,1,0
1,171,430,21,30,0,1,1,31,1
1,11,268,2,8,0,0,1,10,0
1,24,773,1,3,0,0,1,9,0
1,35,252,2,5,0,0,1,18,0
1,49,908,2,7,0,0,1,7,0
0,11,0,2,0,0,0,1,14,0
1,0,268,2,0,0,0,1,23,0
0,38,0,2,0,0,0,1,1,0
1,34,248,1,5,0,0,1,9,0
1,39,499,0,0,0,0,1,9,0
1,10,0,1,0,0,0,0,448,1
0,3,0,2,0,0,0,1,154,1
0,32,0,2,0,0,0,1,17,0
1,16,54,2,6,0,0,1,17,0
0,48,0,0,0,0,0,1,16,0
0,16,0,2,0,0,0,1,12,0
0,40,0,1,0,0,0,1,14,0
1,4,977,0,4,0,0,1,10,0
1,55,607,13,35,0,1,0,38,1
1,48,390,2,6,0,0,1,24,0
0,36,0,0,0,0,0,1,25,0
1,40,179,0,3,0,0,0,95,1
0,30,0,1,0,0,0,1,18,0
1,15,326,0,8,0,0,1,25,0
0,20,0,1,0,0,0,1,6,0
1,127,428,12,12,1,0,0,19,1
0,20,0,0,0,0,0,1,12,0
0,39,0,9,0,0,1,1,25,1
1,15,331,1,8,0,0,1,17,0
1,0,0,2,0,0,0,1,279,1
1,56,190,5,6,1,0,1,31,1
0,42,0,5,0,0,0,0,65,1
0,7,0,1,0,0,0,1,6,0
0,11,0,1,0,0,0,1,2,0
1,14,119,3,10,0,0,0,114,1
1,25,587,0,8,0,0,1,6,0
0,23,0,2,0,0,0,1,1,0
1,157,129,22,12,0,1,0,23,1
0,38,0,1,0,0,0,1,2,0
1,20,0,1,0,0,0,1,650,1
1,30,669,1,7,0,0,1,19,0
0,42,0,1,0,0,0,1,4,0
0,21,0,2,0,0,0,1,12,0
1,49,7,1,9,0,0,1,22,0
0,31,0,2,0,0,0,1,16,0
0,48,0,2,0,0,0,1,4,0
0,31,0,2,0,0,0,1,8,0
1,32,533,1,4,0,0,1,11,0
0,49,0,0,0,0,0,1,13,0
0,20,0,0,0,0,0,1,20,0
1,14,746,2,10,0,0,1,8,0
0,16,0,3,0,0,0,0,140,1
1,16,643,2,2,0,0,1,14,0
0,29,0,0,0,0,0,1,8,0
0,21,0,2,0,0,0,1,12,0
1,40,973,2,0,0,0,1,3,0
1,38,596,2,9,0,0,1,17,0
0,38,0,2,0,0,0,0,6,0
0,43,0,2,0,0,0,1,23,0
1,46,611,2,6,0,0,1,20,0
1,9,113,2,9,0,0,1,6,0
1,14,958,0,9,0,0,1,18,0
0,17,0,0,0,0,0,1,21,0
0,21,0,1,0,0,0,1,13,0
1,39,328,1,4,0,0,1,20,0
0,25,0,1,0,0,0,1,14,0
1,13,648,0,7,0,0,1,5,0
0,35,0,16,0,0,1,1,38,1
0,22,0,1,0,0,0,1,13,0
0,43,0,2,0,0,0,1,8,0
0,11,0,1,0,0,0,1,24,0
0,24,0,1,0,0,0,0,23,0
0,13,0,0,0,0,0,1,474,1
0,10,0,0,0,0,0,0,269,1
1,25,44,5,8,0,0,0,60,1
1,7,523,2,9,0,0,1,18,0
1,20,539,1,9,0,0,0,15,0
1,32,590,0,1,0,0,1,6,0
0,80,0,21,0,0,1,0,6,1
0,14,0,1,0,0,0,0,4,0
1,49,157,3,7,0,0,0,100,1
0,33,0,1,0,0,0,1,2,0
0,13,0,1,0,0,0,1,16,0
0,48,0,1,0,0,0,1,14,0
0,164,0,22,0,0,1,0,7,1
1,30,679,2,4,0,0,1,21,0
1,1,657,1,6,0,0,1,20,0
0,23,0,2,0,0,0,1,25,0
1,6,47,2,7,0,0,1,3,0
1,27,502,2,0,0,0,1,7,0
1,22,678,2,0,0,0,1,14,0
0,10,0,0,0,0,0,1,22,0
0,46,0,2,0,0,0,1,2,0
1,31,774,2,0,0,0,1,2,0
0,5,0,1,0,0,0,0,233,1
1,9,0,0,0,0,0,0,588,1
1,4,43,1,8,0,0,1,11,0
0,42,0,0,0,0,0,0,79,1
0,19,0,1,0,0,0,1,10,0
1,152,130,11,35,0,1,0,35,1
0,32,0,2,0,0,0,1,20,0
0,71,0,14,0,1,0,0,38,1
1,10,326,2,9,0,0,1,9,0
1,21,744,0,5,0,0,1,15,0
0,34,0,7,0,1,0,1,36,1
0,43,0,2,0,0,0,1,16,0
0,35,0,1,0,0,0,1,24,0
1,42,856,0,3,0,0,1,19,0
0,124,0,14,0,1,0,0,32,1
0,11,0,2,0,0,0,1,9,0
0,43,0,0,0,0,0,1,13,0
1,22,417,0,4,0,0,1,18,0
1,47,366,0,7,0,0,1,11,0
0,14,0,0,0,0,0,1,727,1
1,109,230,21,23,0,1,0,15,1
0,10,0,2,0,0,0,0,709,1
0,2,0,2,0,0,0,1,239,1
0,19,0,1,0,0,0,1,1,0
1,36,647,0,6,0,0,1,5,0
0,46,0,0,0,0,0,1,15,0
1,17,386,2,10,0,0,1,15,0
1,6,103,0,8,0,0,1,6,0
1,27,197,2,7,0,0,1,18,0
0,113,0,25,0,0,1,0,13,1
1,1,82,4,7,0,0,0,90,1
1,12,642,0,7,0,0,1,13,0
1,13,105,0,10,0,0,1,25,0
0,135,0,11,0,0,1,0,36,1
0,33,0,1,0,0,0,1,3,0
0,6,0,2,0,0,0,0,736,1
1,42,478,8,14,1,0,0,31,1
1,107,181,13,11,1,0,1,28,1
0,24,0,1,0,0,0,1,4,0
0,69,0,14,0,1,0,0,17,1
0,32,0,1,0,0,0,1,9,0
1,48,288,2,0,0,0,1,9,0
1,49,514,1,6,0,0,1,9,0
0,44,0,2,0,0,0,0,19,0
1,37,987,0,0,0,0,0,6,0
1,31,917,1,7,0,0,1,24,0
0,2,0,0,0,0,0,1,20,0
1,49,434,1,9,0,0,0,16,0
0,9,0,0,0,0,0,1,17,0
0,25,0,0,0,0,0,1,12,0
1,35,40,2,9,0,0,1,25,0
1,10,159,5,10,0,0,0,51,1
1,34,48,1,7,0,0,0,95,1
0,8,0,2,0,0,0,1,18,0
1,45,30,2,1,0,0,1,25,0
0,10,0,0,0,0,0,1,9,0
1,25,635,1,2,0,0,1,6,0
0,6,0,0,0,0,0,1,11,0
0,38,0,0,0,0,0,1,19,0
0,156,0,21,0,0,1,0,16,1
0,20,0,0,0,0,0,1,3,0
0,30,0,1,0,0,0,1,12,0
1,46,809,1,9,0,0,1,2,0
1,44,54,1,8,0,0,1,22,0
1,17,862,2,10,0,0,1,14,0
0,10,0,0,0,0,0,1,12,0
0,86,0,14,0,1,0,1,9,1
0,29,0,2,0,0,0,1,16,0
1,17,917,0,10,0,0,1,5,0
0,41,0,0,0,0,0,1,11,0
1,33,275,2,7,0,0,0,19,0
0,29,0,2,0,0,0,1,14,0
0,23,0,1,0,0,0,1,22,0
0,45,0,4,0,0,0,0,118,1
1,46,155,0,9,0,0,0,88,1
1,4,554,2,8,0,0,1,8,0
0,28,0,2,0,0,0,1,5,0
1,62,150,21,20,0,1,0,40,1
0,6,0,1,0,0,0,1,11,0
0,198,0,25,0,0,1,1,37,1
1,34,858,0,1,0,0,1,14,0
1,10,815,2,9,0,0,1,4,0
0,20,0,14,0,1,0,1,24,1
0,10,0,0,0,0,0,1,1,0
0,18,0,0,0,0,0,1,5,0
1,3,163,0,5,0,0,1,4,0
0,23,0,1,0,0,0,1,13,0
1,20,166,3,2,0,0,0,126,1
1,0,21,4,9,0,0,0,130,1
0,34,0,2,0,0,0,1,5,0
1,28,119,2,7,0,0,1,14,0
1,19,0,2,0,0,0,1,400,1
1,6,0,0,0,0,0,0,465,1
1,25,171,3,1,0,0,0,129,1
1,133,186,11,13,1,0,0,7,1
1,15,249,1,2,0,0,1,20,0
1,23,594,1,7,0,0,1,17,0
1,51,81,20,38,0,1,0,34,1
0,50,0,0,0,0,0,0,23,0
0,43,0,2,0,0,0,0,98,1
0,33,0,0,0,0,0,1,23,0
1,5,98,2,6,0,0,1,2,0
0,23,0,2,0,0,0,1,15,0
1,2,0,2,0,0,0,0,561,1
0,0,0,0,0,0,0,1,25,0
0,120,0,8,0,1,0,0,24,1
0,126,0,13,0,1,0,1,29,1
0,39,0,1,0,0,0,1,4,0
0,2,0,2,0,0,0,1,17,0
0,4,0,2,0,0,0,0,674,1
0,86,0,8,0,1,0,0,36,1
0,15,0,1,0,0,0,0,110,1
1,36,10,2,0,0,0,1,22,0
1,59,476,13,17,1,0,1,11,1
0,1,0,1,0,0,0,1,16,0
0,82,0,5,0,1,0,0,22,1
1,26,242,8,10,1,0,1,11,1
1,4,175,5,5,0,0,0,62,1
1,101,351,17,37,0,1,1,27,1
1,43,700,1,5,0,0,1,14,0
0,0,0,2,0,0,0,1,2,0
1,13,0,1,0,0,0,1,474,1
1,103,434,13,13,1,0,0,39,1
0,35,0,2,0,0,0,1,25,0
0,3,0,2,0,0,0,1,4,0
0,9,0,0,0,0,0,1,617,1
0,20,0,2,0,0,0,1,2,0
1,36,295,1,4,0,0,0,13,0
0,34,0,14,0,1,0,1,16,1
1,6,773,0,10,0,0,1,22,0
0,46,0,1,0,0,0,1,19,0
1,48,51,15,20,1,0,1,32,1
1,2,59,1,5,0,0,1,18,0
0,29,0,1,0,0,0,1,22,0
0,49,0,2,0,0,0,1,15,0
1,23,316,0,9,0,0,1,1,0
0,17,0,0,0,0,0,1,467,1
0,127,0,16,0,0,1,1,27,1
0,2,0,2,0,0,0,1,3,0
0,37,0,1,0,0,0,1,12,0
1,15,697,0,5,0,0,1,19,0
1,12,822,2,9,0,0,1,16,0
0,9,0,0,0,0,0,0,78,1
1,157,398,20,12,0,1,1,17,1
0,30,0,1,0,0,0,1,24,0
0,9,0,1,0,0,0,1,19,0
0,130,0,12,0,1,0,1,22,1
1,11,534,2,1,0,0,1,15,0
1,50,50,5,8,0,0,0,95,1
1,11,267,1,9,0,0,1,10,0
0,41,0,2,0,0,0,1,16,0
0,47,0,1,0,0,0,1,25,0
1,24,884,1,1,0,0,1,25,0
1,8,0,1,0,0,0,1,320,1
1,10,901,2,2,0,0,1,18,0
1,20,167,2,1,0,0,1,17,0
0,124,0,12,0,0,1,1,28,1
1,32,684,0,10,0,0,1,5,0
1,33,258,0,4,0,0,1,8,0
1,12,131,2,10,0,0,1,15,0
0,50,0,9,0,1,0,1,13,1
0,3,0,1,0,0,0,0,250,1
1,27,974,1,5,0,0,1,5,0
0,29,0,2,0,0,0,1,16,0
1,19,150,0,10,0,0,0,149,1
0,25,0,1,0,0,0,1,21,0
0,35,0,2,0,0,0,1,9,0
0,41,0,1,0,0,0,1,19,0
0,12,0,0,0,0,0,1,13,0
1,28,497,0,1,0,0,1,3,0
0,3,0,1,0,0,0,1,15,0
0,113,0,15,0,1,0,0,32,1
0,11,0,1,0,0,0,1,275,1
1,39,204,1,6,0,0,1,24,0
1,108,76,13,9,1,0,0,27,1
0,3,0,1,0,0,0,1,3,0
1,25,795,0,7,0,0,1,11,0
0,25,0,1,0,0,0,1,15,0
0,20,0,2,0,0,0,1,17,0
1,29,611,0,7,0,0,1,13,0
1,23,731,2,1,0,0,1,10,0
1,0,0,1,0,0,0,1,471,1
0,35,0,0,0,0,0,0,126,1
0,49,0,1,0,0,0,1,24,0
1,36,972,1,3,0,0,1,8,0
1,137,494,13,20,1,0,1,20,1
0,43,0,2,0,0,0,1,11,0
1,6,871,0,3,0,0,1,19,0
1,182,252,19,20,0,1,1,20,1
1,7,0,0,0,0,0,0,554,1
0,29,0,2,0,0,0,1,7,0
1,21,357,2,6,0,0,1,5,0
1,120,434,7,15,1,0,0,35,1
0,43,0,1,0,0,0,0,13,0
0,168,0,22,0,0,1,1,33,1
1,10,480,0,6,0,0,1,24,0
0,3,0,1,0,0,0,1,19,0
1,31,186,22,30,0,1,1,10,1
0,12,0,1,0,0,0,1,16,0
0,20,0,2,0,0,0,1,8,0
1,19,630,0,0,0,0,1,9,0
0,13,0,0,0,0,0,1,527,1
1,1,533,1,10,0,0,1,14,0
0,41,0,0,0,0,0,1,21,0
0,47,0,4,0,0,0,0,124,1
1,35,31,2,6,0,0,0,69,1
0,50,0,1,0,0,0,1,17,0
1,4,394,1,6,0,0,1,10,0
1,13,960,2,8,0,0,1,4,0
0,12,0,2,0,0,0,1,24,0
1,19,167,3,9,0,0,0,82,1
0,22,0,1,0,0,0,1,7,0
1,35,142,1,2,0,0,1,3,0
0,37,0,0,0,0,0,1,8,0
1,6,307,1,7,0,0,1,17,0
1,130,258,9,14,1,0,1,37,1
0,3,0,0,0,0,0,0,125,1
0,37,0,1,0,0,0,1,15,0
1,103,285,7,18,1,0,1,39,1
0,17,0,0,0,0,0,0,709,1
1,36,987,0,5,0,0,1,5,0
1,43,842,2,5,0,0,0,13,0
0,17,0,2,0,0,0,0,21,0
0,0,0,2,0,0,0,1,24,0
0,17,0,1,0,0,0,1,1,0
0,15,0,2,0,0,0,0,767,1
0,32,0,2,0,0,0,0,10,0
1,119,661,20,32,0,1,0,31,1
0,15,0,2,0,0,0,1,12,0
1,44,189,1,4,0,0,1,18,0
1,199,107,16,21,0,1,0,20,1
0,46,0,0,0,0,0,1,16,0
1,5,0,2,0,0,0,0,598,1
1,25,195,0,4,0,0,1,19,0
1,18,970,1,1,0,0,1,23,0
1,11,100,2,4,0,0,1,23,0
0,9,0,1,0,0,0,1,195,1
0,22,0,0,0,0,0,1,24,0
1,34,424,2,9,0,0,1,4,0
1,3,0,2,0,0,0,0,767,1
0,47,0,0,0,0,0,1,18,0
1,18,895,2,6,0,0,1,20,0
1,17,89,0,2,0,0,1,1,0
1,12,57,0,8,0,0,1,4,0
1,146,360,8,9,1,0,1,18,1
0,14,0,1,0,0,0,1,10,0
0,17,0,0,0,0,0,1,6,0
1,2,106,1,6,0,0,0,121,1
0,123,0,23,0,0,1,0,18,1
0,33,0,1,0,0,0,1,18,0
1,18,686,0,10,0,0,1,23,0
1,21,664,1,7,0,0,1,16,0
1,11,165,0,4,0,0,0,51,1
1,6,375,1,5,0,0,1,25,0
0,13,0,0,0,0,0,1,11,0
0,149,0,24,0,0,1,1,8,1
0,0,0,0,0,0,0,1,11,0
0,24,0,0,0,0,0,1,14,0
1,44,210,0,1,0,0,1,25,0
0,20,0,2,0,0,0,1,25,0
0,28,0,0,0,0,0,1,5,0
1,18,458,2,1,0,0,1,13,0
0,145,0,24,0,0,1,1,35,1
1,15,290,1,5,0,0,1,16,0
0,36,0,1,0,0,0,1,22,0
1,21,298,6,17,1,0,1,13,1
1,9,0,0,0,0,0,0,635,1
0,175,0,25,0,0,1,0,26,1
1,50,784,0,6,0,0,1,12,0
1,49,605,1,1,0,0,1,17,0
0,38,0,2,0,0,0,1,5,0
0,126,0,12,0,1,0,0,25,1
0,14,0,0,0,0,0,1,15,0
0,50,0,5,0,0,0,0,123,1
1,108,199,24,34,0,1,0,31,1
1,41,290,14,20,0,1,0,35,1
1,26,166,0,2,0,0,0,57,1
0,148,0,9,0,1,0,0,12,1
0,4,0,0,0,0,0,1,21,0
0,45,0,15,0,1,0,0,22,1
0,12,0,0,0,0,0,1,11,0
0,0,0,0,0,0,0,1,16,0
1,3,519,2,10,0,0,1,22,0
0,40,0,1,0,0,0,1,1,0
0,37,0,1,0,0,0,1,14,0
1,7,181,2,5,0,0,1,13,0
1,49,55,0,7,0,0,1,5,0
1,44,165,0,2,0,0,0,51,1
1,21,647,2,8,0,0,1,20,0
1,0,0,0,0,0,0,0,405,1
1,43,21,4,7,0,0,0,110,1
0,27,0,1,0,0,0,1,4,0
0,13,0,1,0,0,0,1,11,0
1,37,710,1,0,0,0,1,23,0
0,40,0,0,0,0,0,1,4,0
0,44,0,0,0,0,0,1,20,0
0,21,0,2,0,0,0,1,16,0
0,7,0,2,0,0,0,0,418,1
1,13,964,1,2,0,0,1,2,0
0,37,0,1,0,0,0,1,20,0
0,32,0,1,0,0,0,0,55,1
1,48,92,5,1,0,0,0,56,1
0,127,0,17,0,0,1,0,16,1
1,3,955,1,9,0,0,1,22,0
0,34,0,1,0,0,0,1,8,0
1,22,662,1,3,0,0,1,18,0
0,24,0,0,0,0,0,1,3,0
1,13,25,2,9,0,0,1,18,0
1,45,555,1,10,0,0,1,21,0
0,31,0,2,0,0,0,1,6,0
0,49,0,0,0,0,0,1,9,0
1,142,502,22,37,0,1,1,18,1
1,38,92,1,9,0,0,1,16,0
1,23,210,1,8,0,0,1,25,0
0,7,0,0,0,0,0,1,544,1
1,37,598,0,7,0,0,1,12,0
0,57,0,8,0,1,0,1,21,1
1,165,797,20,14,0,1,1,28,1
1,33,277,1,0,0,0,1,14,0
1,47,908,2,2,0,0,1,20,0
0,62,0,6,0,1,0,1,17,1
0,41,0,22,0,0,1,0,39,1
1,49,666,2,8,0,0,1,16,0
1,1,907,0,0,0,0,1,11,0
0,28,0,0,0,0,0,1,16,0
1,90,106,10,8,1,0,0,19,1
1,45,176,18,10,0,1,1,14,1
0,3,0,2,0,0,0,1,8,0
1,37,270,0,4,0,0,1,2,0
0,29,0,0,0,0,0,1,3,0
1,140,323,8,7,1,0,0,10,1
1,37,43,0,1,0,0,0,93,1
0,40,0,1,0,0,0,1,16,0
0,11,0,2,0,0,0,1,9,0
0,7,0,2,0,0,0,1,5,0
1,0,163,0,0,0,0,1,5,0
0,176,0,23,0,0,1,1,38,1
1,199,753,15,22,0,1,0,6,1
1,20,396,1,8,0,0,1,8,0
0,3,0,2,0,0,0,1,718,1
1,33,555,2,2,0,0,1,21,0
0,16,0,2,0,0,0,0,385,1
0,38,0,0,0,0,0,0,23,0
1,44,208,1,10,0,0,1,2,0
1,37,569,2,9,0,0,1,16,0
0,105,0,10,0,1,0,1,37,1
0,65,0,11,0,1,0,0,8,1
1,47,127,2,7,0,0,1,25,0
0,63,0,15,0,0,1,0,20,1
1,47,372,1,1,0,0,1,23,0
1,41,177,0,0,0,0,1,21,0
0,19,0,0,0,0,0,1,18,0
0,14,0,1,0,0,0,1,518,1
1,1,427,1,8,0,0,1,24,0
1,40,832,1,8,0,0,0,25,0
0,8,0,1,0,0,0,1,15,0
1,94,75,11,5,1,0,1,31,1
1,1,677,0,10,0,0,1,20,0
0,35,0,1,0,0,0,1,1,0
1,5,143,1,7,0,0,1,23,0
1,62,440,12,16,1,0,1,19,1
1,17,0,2,0,0,0,0,650,1
1,13,482,1,7,0,0,1,25,0
0,17,0,1,0,0,0,1,19,0
0,0,0,2,0,0,0,1,21,0
0,35,0,2,0,0,0,1,15,0
0,43,0,2,0,0,0,1,9,0
1,32,307,2,3,0,0,1,19,0
0,101,0,15,0,1,0,1,37,1
1,39,423,0,8,0,0,1,10,0
1,25,94,0,2,0,0,1,5,0
0,35,0,2,0,0,0,1,23,0
1,9,467,1,6,0,0,1,19,0
0,21,0,2,0,0,0,1,2,0
1,10,402,2,2,0,0,1,10,0
1,15,146,3,1,0,0,0,78,1
0,45,0,1,0,0,0,1,22,0
1,21,66,0,5,0,0,0,64,1
1,7,630,1,8,0,0,1,9,0
0,15,0,2,0,0,0,0,91,1
1,11,901,2,9,0,0,1,6,0
1,31,732,0,5,0,0,1,15,0
0,37,0,0,0,0,0,1,3,0
1,0,0,0,0,0,0,0,174,1
1,88,429,23,29,0,1,1,5,1
0,27,0,2,0,0,0,1,23,0
0,27,0,0,0,0,0,1,9,0
0,104,0,13,0,1,0,1,7,1
0,28,0,2,0,0,0,0,24,0
0,46,0,0,0,0,0,1,22,0
0,7,0,2,0,0,0,1,19,0
1,11,981,0,6,0,0,1,16,0
1,19,436,1,5,0,0,1,7,0
1,143,245,25,28,0,1,1,28,1
1,15,601,2,7,0,0,1,7,0
1,57,423,6,7,1,0,1,33,1
1,41,469,2,1,0,0,1,16,0
0,5,0,1,0,0,0,1,3,0
1,1,481,0,3,0,0,1,18,0
0,22,0,0,0,0,0,1,20,0
1,13,0,0,0,0,0,0,719,1
1,75,390,8,5,1,0,0,23,1
0,35,0,0,0,0,0,1,8,0
1,13,0,1,0,0,0,0,694,1
1,46,199,5,4,0,0,0,117,1
0,30,0,1,0,0,0,1,11,0
0,13,0,1,0,0,0,1,19,0
0,25,0,0,0,0,0,1,11,0
0,96,0,18,0,0,1,0,21,1
1,36,211,1,0,0,0,1,1,0
0,33,0,2,0,0,0,1,18,0
1,37,40,1,0,0,0,1,20,0
0,163,0,19,0,0,1,0,20,1
0,29,0,0,0,0,0,1,18,0
1,14,663,1,7,0,0,1,1,0
0,8,0,0,0,0,0,1,11,0
0,39,0,0,0,0,0,0,14,0
0,88,0,10,0,0,1,0,27,1
0,5,0,1,0,0,0,1,17,0
1,34,614,2,9,0,0,1,12,0
0,95,0,13,0,1,0,1,7,1
1,20,466,0,2,0,0,1,24,0
0,7,0,2,0,0,0,0,170,1
0,0,0,1,0,0,0,1,13,0
1,19,0,2,0,0,0,1,466,1
0,0,0,1,0,0,0,1,6,0
1,131,201,15,20,0,1,1,34,1
1,86,740,15,38,0,1,0,31,1
1,20,181,1,10,0,0,1,6,0
0,61,0,5,0,1,0,0,9,1
0,69,0,9,0,0,1,1,15,1
0,62,0,13,0,1,0,0,6,1
0,18,0,1,0,0,0,1,22,0
0,174,0,13,0,0,1,0,9,1
0,16,0,0,0,0,0,1,24,0
1,35,465,0,4,0,0,1,22,0
0,48,0,0,0,0,0,0,94,1
1,5,54,1,8,0,0,1,3,0
1,18,113,2,7,0,0,0,113,1
0,32,0,2,0,0,0,1,25,0
0,5,0,2,0,0,0,1,17,0
0,46,0,0,0,0,0,1,22,0
0,95,0,23,0,0,1,1,6,1
1,179,698,8,35,0,1,1,21,1
1,44,481,1,7,0,0,1,1,0
0,16,0,2,0,0,0,1,24,0
0,32,0,15,0,0,1,1,20,1
0,33,0,2,0,0,0,1,22,0
0,22,0,0,0,0,0,1,24,0
1,7,658,0,4,0,0,1,3,0
0,2,0,0,0,0,0,1,2,0
0,17,0,0,0,0,0,1,17,0
1,13,481,1,2,0,0,1,3,0
0,48,0,2,0,0,0,1,14,0
0,3,0,0,0,0,0,1,11,0
1,92,53,24,22,0,1,1,30,1
0,14,0,1,0,0,0,1,23,0
1,37,722,1,5,0,0,1,23,0
0,47,0,2,0,0,0,1,5,0
0,50,0,1,0,0,0,1,13,0
1,44,550,1,3,0,0,1,5,0
0,144,0,12,0,1,0,1,13,1
0,7,0,2,0,0,0,1,289,1
0,4,0,1,0,0,0,1,14,0
1,113,115,12,9,1,0,0,14,1
1,143,98,12,17,1,0,0,6,1
0,37,0,2,0,0,0,0,85,1
0,40,0,1,0,0,0,1,5,0
1,20,551,2,1,0,0,1,24,0
0,11,0,0,0,0,0,1,13,0
0,9,0,0,0,0,0,1,21,0
0,106,0,7,0,1,0,0,8,1
0,41,0,1,0,0,0,1,21,0
1,16,350,0,2,0,0,1,23,0
1,24,813,2,1,0,0,0,11,0
0,46,0,23,0,0,1,1,39,1
0,32,0,0,0,0,0,1,24,0
1,23,442,2,5,0,0,1,2,0
0,12,0,0,0,0,0,1,1,0
0,154,0,20,0,0,1,0,37,1
1,25,541,2,0,0,0,1,13,0
